TIME, UY_5, FY_3, FY_4, FX_2,Load ,Reaction,Deflection,,,
2.00E-04,5.15E-05,-0.441672952,-0.424352444,-0.500000014,0.87,0.50,0.05,,,
4.00E-04,1.03E-04,-0.883345966,-0.848704946,-1.00000011,1.73,1.00,0.10,,,
7.00E-04,1.80E-04,-1.54585553,-1.48523374,-1.75000036,3.03,1.75,0.18,,,
1.15E-03,2.96E-04,-2.53962033,-2.44002736,-2.8750016,4.98,2.88,0.30,,,
1.83E-03,4.70E-04,-4.03026953,-3.87221968,-4.56250719,7.90,4.56,0.47,,,
2.84E-03,7.30E-04,-6.26625279,-6.02051721,-7.09378298,12.29,7.09,0.73,,,
4.36E-03,1.12E-03,-9.62027289,-9.24300712,-10.8907789,18.86,10.89,1.12,,,
6.36E-03,1.63E-03,-14.0371905,-13.4867125,-15.8911199,27.52,15.89,1.63,,,
8.36E-03,2.14E-03,-18.4540109,-17.7303196,-20.8912871,36.18,20.89,2.14,,,
1.04E-02,2.65E-03,-22.8707534,-21.9738468,-25.8913049,44.84,25.89,2.65,,,
1.24E-02,3.16E-03,-27.2874966,-26.2173704,-30.8913188,53.50,30.89,3.16,,,
1.44E-02,3.66E-03,-31.7042442,-30.4608929,-35.8913373,62.17,35.89,3.66,,,
1.64E-02,4.16E-03,-36.1209948,-34.7044124,-40.8913558,70.83,40.89,4.16,,,
1.84E-02,4.67E-03,-40.5377487,-38.9479283,-45.891374,79.49,45.89,4.67,,,
2.04E-02,5.17E-03,-44.9545065,-43.1914404,-50.891392,88.15,50.89,5.17,,,
2.24E-02,5.67E-03,-49.3712684,-47.434948,-55.8914098,96.81,55.89,5.67,,,
2.44E-02,6.17E-03,-53.7880348,-51.6784509,-60.8914273,105.47,60.89,6.17,,,
2.64E-02,6.66E-03,-58.2048063,-55.9219488,-65.8914447,114.13,65.89,6.66,,,
2.84E-02,7.16E-03,-62.6215831,-60.1654411,-70.8914618,122.79,70.89,7.16,,,
3.04E-02,7.65E-03,-67.0383656,-64.4089275,-75.8914787,131.45,75.89,7.65,,,
3.24E-02,8.15E-03,-71.4551542,-68.6524076,-80.8914954,140.11,80.89,8.15,,,
3.44E-02,8.64E-03,-75.8719493,-72.8958811,-85.8915119,148.77,85.89,8.64,,,
3.64E-02,9.13E-03,-80.2887512,-77.1393477,-90.8915282,157.43,90.89,9.13,,,
3.84E-02,9.61E-03,-84.7055604,-81.3828068,-95.8915443,166.09,95.89,9.61,,172.9482285,99.85209296
4.04E-02,1.01E-02,-89.1223772,-85.6262583,-100.89156,174.75,100.89,10.10,,,
4.24E-02,1.06E-02,-93.5392019,-89.8697016,-105.891576,183.41,105.89,10.59,,,
4.44E-02,1.11E-02,-97.9560348,-94.1131365,-110.891591,192.07,110.89,11.07,,,
4.64E-02,1.16E-02,-102.372876,-98.3565626,-115.891607,200.73,115.89,11.55,,,
4.84E-02,1.20E-02,-106.789727,-102.59998,-120.891622,209.39,120.89,12.03,,,
5.04E-02,1.25E-02,-111.206587,-106.843387,-125.891637,218.05,125.89,12.51,,,
5.24E-02,1.30E-02,-115.623457,-111.086785,-130.891651,226.71,130.89,12.99,,,
5.44E-02,1.35E-02,-120.040336,-115.330172,-135.891666,235.37,135.89,13.47,,,
5.64E-02,1.39E-02,-124.457226,-119.573549,-140.89168,244.03,140.89,13.95,,,
5.84E-02,1.44E-02,-128.874127,-123.816916,-145.891694,252.69,145.89,14.42,,,
6.04E-02,1.49E-02,-133.291038,-128.060271,-150.891708,261.35,150.89,14.89,,,
6.24E-02,1.54E-02,-137.707961,-132.303614,-155.891722,270.01,155.89,15.36,,,
6.44E-02,1.58E-02,-142.124896,-136.546946,-160.891736,278.67,160.89,15.84,,,
6.64E-02,1.63E-02,-146.541842,-140.790266,-165.891749,287.33,165.89,16.30,,,
6.84E-02,1.68E-02,-150.958801,-145.033574,-170.891762,295.99,170.89,16.77,,,
7.04E-02,1.72E-02,-155.375772,-149.276869,-175.891775,304.65,175.89,17.24,,,
7.24E-02,1.77E-02,-159.792756,-153.52015,-180.891788,313.31,180.89,17.70,,,
7.44E-02,1.82E-02,-164.209754,-157.763419,-185.891801,321.97,185.89,18.17,,,
7.64E-02,1.86E-02,-168.626764,-162.006674,-190.891813,330.63,190.89,18.63,,,
7.84E-02,1.91E-02,-173.043789,-166.249915,-195.891826,339.29,195.89,19.09,,,
8.04E-02,1.95E-02,-177.460827,-170.493142,-200.891838,347.95,200.89,19.55,,,
8.24E-02,2.00E-02,-181.87788,-174.736354,-205.89185,356.61,205.89,20.01,,,
8.44E-02,2.05E-02,-186.294947,-178.979552,-210.891862,365.27,210.89,20.46,,,
8.64E-02,2.09E-02,-190.71203,-183.222735,-215.891873,373.93,215.89,20.92,,,
8.84E-02,2.14E-02,-195.129127,-187.465902,-220.891885,382.60,220.89,21.37,,,
9.04E-02,2.18E-02,-199.54624,-191.709054,-225.891896,391.26,225.89,21.83,,,
9.24E-02,2.23E-02,-203.963369,-195.95219,-230.891907,399.92,230.89,22.28,,,
9.44E-02,2.27E-02,-208.380513,-200.19531,-235.891918,408.58,235.89,22.73,,,
9.64E-02,2.32E-02,-212.797674,-204.438414,-240.891929,417.24,240.89,23.18,,,
9.84E-02,2.36E-02,-217.214851,-208.681501,-245.89194,425.90,245.89,23.62,,,
0.10035625,2.41E-02,-221.632045,-212.924571,-250.89195,434.56,250.89,24.07,,,
0.10235625,2.45E-02,-226.049256,-217.167624,-255.89196,443.22,255.89,24.51,,,
0.10435625,2.50E-02,-230.466485,-221.410659,-260.891971,451.88,260.89,24.96,,,
0.10635625,2.54E-02,-234.88373,-225.653677,-265.891981,460.54,265.89,25.40,,,
0.10835625,2.58E-02,-239.300994,-229.896678,-270.891991,469.20,270.89,25.84,,,
0.11035625,2.63E-02,-243.718275,-234.13966,-275.892,477.86,275.89,26.28,,,
0.11235625,2.67E-02,-248.135575,-238.382623,-280.89201,486.52,280.89,26.72,,,
0.11435625,2.72E-02,-252.552893,-242.625568,-285.892019,495.18,285.89,27.16,,,
0.11635625,2.76E-02,-256.97023,-246.868495,-290.892029,503.84,290.89,27.59,,,
0.11835625,2.80E-02,-261.387586,-251.111402,-295.892038,512.50,295.89,28.03,,,
0.12035625,2.85E-02,-265.804961,-255.35429,-300.892047,521.16,300.89,28.46,,,
0.12235625,2.89E-02,-270.222356,-259.597158,-305.892056,529.82,305.89,28.89,,,
0.12435625,2.93E-02,-274.63977,-263.840007,-310.892064,538.48,310.89,29.32,,,
0.12635625,2.98E-02,-279.057204,-268.082836,-315.892073,547.14,315.89,29.75,,,
0.12835625,3.02E-02,-283.474657,-272.325644,-320.892081,555.80,320.89,30.18,,,
0.13035625,3.06E-02,-287.892132,-276.568432,-325.89209,564.46,325.89,30.61,,,
0.13235625,3.10E-02,-292.309626,-280.8112,-330.892098,573.12,330.89,31.04,,,
0.13435625,3.15E-02,-296.727142,-285.053947,-335.892106,581.78,335.89,31.46,,,
0.13635625,3.19E-02,-301.144678,-289.296673,-340.892114,590.44,340.89,31.88,,,
0.13835625,3.23E-02,-305.562236,-293.539377,-345.892122,599.10,345.89,32.31,,,
0.14035625,3.27E-02,-309.979814,-297.78206,-350.892129,607.76,350.89,32.73,,,
0.14235625,3.31E-02,-314.397414,-302.024722,-355.892137,616.42,355.89,33.15,,,
0.14435625,3.36E-02,-318.815036,-306.267362,-360.892144,625.08,360.89,33.57,,,
0.14635625,3.40E-02,-323.23268,-310.50998,-365.892152,633.74,365.89,33.98,,,
0.14835625,3.44E-02,-327.650346,-314.752575,-370.892159,642.40,370.89,34.40,,,
0.15035625,3.48E-02,-332.068035,-318.995148,-375.892166,651.06,375.89,34.81,,,
0.15235625,3.52E-02,-336.485745,-323.237699,-380.892173,659.72,380.89,35.23,,,
0.15435625,3.56E-02,-340.903479,-327.480226,-385.892179,668.38,385.89,35.64,,,
0.15635625,3.61E-02,-345.321235,-331.722731,-390.892186,677.04,390.89,36.05,,,
0.15835625,3.65E-02,-349.739014,-335.965213,-395.892193,685.70,395.89,36.46,,,
0.16035625,3.69E-02,-354.156817,-340.207671,-400.892199,694.36,400.89,36.87,,,
0.16235625,3.73E-02,-358.574643,-344.450106,-405.892205,703.02,405.89,37.28,,,
0.16435625,3.77E-02,-362.992492,-348.692518,-410.892211,711.69,410.89,37.69,,,
0.16635625,3.81E-02,-367.410365,-352.934905,-415.892217,720.35,415.89,38.09,,,
0.16835625,3.85E-02,-371.828262,-357.177268,-420.892223,729.01,420.89,38.49,,,
0.17035625,3.89E-02,-376.246184,-361.419608,-425.892229,737.67,425.89,38.90,,,
0.17235625,3.93E-02,-380.664129,-365.661923,-430.892235,746.33,430.89,39.30,,,
0.17435625,3.97E-02,-385.082099,-369.904213,-435.892241,754.99,435.89,39.70,,,
0.17635625,4.01E-02,-389.500093,-374.146479,-440.892246,763.65,440.89,40.10,,,
0.17835625,4.05E-02,-393.918112,-378.38872,-445.892252,772.31,445.89,40.50,,,
0.18035625,4.09E-02,-398.336157,-382.630936,-450.892257,780.97,450.89,40.90,,,
0.18235625,4.13E-02,-402.754226,-386.873127,-455.892262,789.63,455.89,41.29,,,
0.18435625,4.17E-02,-407.17232,-391.115292,-460.892267,798.29,460.89,41.69,,,
0.18635625,4.21E-02,-411.590439,-395.357432,-465.892272,806.95,465.89,42.08,,,
0.18835625,4.25E-02,-416.008585,-399.599547,-470.892277,815.61,470.89,42.47,,,
0.19035625,4.29E-02,-420.426755,-403.841635,-475.892282,824.27,475.89,42.87,,,
0.19235625,4.33E-02,-424.844952,-408.083698,-480.892286,832.93,480.89,43.26,,,
0.19435625,4.36E-02,-429.263174,-412.325735,-485.892291,841.59,485.89,43.64,,,
0.19635625,4.40E-02,-433.681423,-416.567746,-490.892295,850.25,490.89,44.03,,,
0.19835625,4.44E-02,-438.099698,-420.80973,-495.8923,858.91,495.89,44.42,,,
0.20035625,4.48E-02,-442.517999,-425.051688,-500.892304,867.57,500.89,44.81,,,
0.20235625,4.52E-02,-446.936327,-429.29362,-505.892308,876.23,505.89,45.19,,,
0.20435625,4.56E-02,-451.354681,-433.535524,-510.892312,884.89,510.89,45.57,,,
0.20635625,4.60E-02,-455.773062,-437.777402,-515.892316,893.55,515.89,45.96,,,
0.20835625,4.63E-02,-460.19147,-442.019253,-520.89232,902.21,520.89,46.34,,,
0.21035625,4.67E-02,-464.609905,-446.261077,-525.892324,910.87,525.89,46.72,,,
0.21235625,4.71E-02,-469.028367,-450.502873,-530.892328,919.53,530.89,47.10,,,
0.21435625,4.75E-02,-473.446857,-454.744642,-535.892331,928.19,535.89,47.48,,,
0.21635625,4.79E-02,-477.865374,-458.986384,-540.892335,936.85,540.89,47.85,,,
0.21835625,4.82E-02,-482.283918,-463.228098,-545.892338,945.51,545.89,48.23,,,
0.22035625,4.86E-02,-486.70249,-467.469784,-550.892342,954.17,550.89,48.61,,,
0.22235625,4.90E-02,-491.12109,-471.711442,-555.892345,962.83,555.89,48.98,,,
0.22435625,4.94E-02,-495.539718,-475.953073,-560.892348,971.49,560.89,49.35,,,
0.22635625,4.97E-02,-499.958373,-480.194676,-565.892351,980.15,565.89,49.72,,,
0.22835625,5.01E-02,-504.377057,-484.43625,-570.892354,988.81,570.89,50.10,,,
0.23035625,5.05E-02,-508.795769,-488.677796,-575.892357,997.47,575.89,50.46,,,
0.23235625,5.08E-02,-513.21451,-492.919313,-580.89236,1006.13,580.89,50.83,,,
0.23435625,5.12E-02,-517.633278,-497.160803,-585.892363,1014.79,585.89,51.20,,,
0.23635625,5.16E-02,-522.052076,-501.402263,-590.892366,1023.45,590.89,51.57,,,
0.23835625,5.19E-02,-526.470902,-505.643694,-595.892368,1032.11,595.89,51.93,,,
0.24035625,5.23E-02,-530.889757,-509.885097,-600.892371,1040.77,600.89,52.30,,,
0.24235625,5.27E-02,-535.30864,-514.126471,-605.892373,1049.44,605.89,52.66,,,
0.24435625,5.30E-02,-539.727553,-518.367816,-610.892376,1058.10,610.89,53.02,,,
0.24635625,5.34E-02,-544.146495,-522.609131,-615.892378,1066.76,615.89,53.38,,,
0.24835625,5.37E-02,-548.565466,-526.850418,-620.89238,1075.42,620.89,53.75,,,
0.25035625,5.41E-02,-552.984466,-531.091675,-625.892383,1084.08,625.89,54.10,,,
0.25235625,5.45E-02,-557.403496,-535.332903,-630.892385,1092.74,630.89,54.46,,,
0.25435625,5.48E-02,-561.822555,-539.574101,-635.892387,1101.40,635.89,54.82,,,
0.25635625,5.52E-02,-566.241644,-543.815269,-640.892389,1110.06,640.89,55.18,,,
0.25835625,5.55E-02,-570.660762,-548.056408,-645.892391,1118.72,645.89,55.53,,,
0.26035625,5.59E-02,-575.07991,-552.297517,-650.892392,1127.38,650.89,55.89,,,
0.26235625,5.62E-02,-579.499088,-556.538596,-655.892394,1136.04,655.89,56.24,,,
0.26435625,5.66E-02,-583.918296,-560.779645,-660.892396,1144.70,660.89,56.59,,,
0.26635625,5.69E-02,-588.337534,-565.020664,-665.892398,1153.36,665.89,56.94,,,
0.26835625,5.73E-02,-592.756802,-569.261652,-670.892399,1162.02,670.89,57.29,,,
0.27035625,5.76E-02,-597.1761,-573.502611,-675.892401,1170.68,675.89,57.64,,,
0.27235625,5.80E-02,-601.595428,-577.743539,-680.892402,1179.34,680.89,57.99,,,
0.27435625,5.83E-02,-606.014787,-581.984437,-685.892403,1188.00,685.89,58.34,,,
0.27635625,5.87E-02,-610.434176,-586.225304,-690.892405,1196.66,690.89,58.68,,,
0.27835625,5.90E-02,-614.853596,-590.466141,-695.892406,1205.32,695.89,59.03,,,
0.28035625,5.94E-02,-619.273046,-594.706947,-700.892407,1213.98,700.89,59.37,,,
0.28235625,5.97E-02,-623.692527,-598.947723,-705.892408,1222.64,705.89,59.72,,,
0.28435625,6.01E-02,-628.112039,-603.188467,-710.892409,1231.30,710.89,60.06,,,
0.28635625,6.04E-02,-632.531581,-607.42918,-715.89241,1239.96,715.89,60.40,,,
0.28835625,6.07E-02,-636.951155,-611.669863,-720.892411,1248.62,720.89,60.74,,,
0.29035625,6.11E-02,-641.370759,-615.910515,-725.892412,1257.28,725.89,61.08,,,
0.29235625,6.14E-02,-645.790395,-620.151136,-730.892413,1265.94,730.89,61.42,,,
0.29435625,6.18E-02,-650.210061,-624.391725,-735.892414,1274.60,735.89,61.76,,,
0.29635625,6.21E-02,-654.629759,-628.632284,-740.892414,1283.26,740.89,62.09,,,
0.29835625,6.24E-02,-659.049488,-632.872811,-745.892415,1291.92,745.89,62.43,,,
0.30035625,6.28E-02,-663.469248,-637.113306,-750.892416,1300.58,750.89,62.77,,,
0.30235625,6.31E-02,-667.88904,-641.35377,-755.892416,1309.24,755.89,63.10,,,
0.30435625,6.34E-02,-672.308863,-645.594203,-760.892417,1317.90,760.89,63.43,,,
0.30635625,6.38E-02,-676.728717,-649.834604,-765.892417,1326.56,765.89,63.76,,,
0.30835625,6.41E-02,-681.148603,-654.074974,-770.892418,1335.22,770.89,64.10,,,
0.31035625,6.44E-02,-685.568521,-658.315312,-775.892418,1343.88,775.89,64.43,,,
0.31235625,6.48E-02,-689.98847,-662.555618,-780.892418,1352.54,780.89,64.75,,,
0.31435625,6.51E-02,-694.408451,-666.795892,-785.892418,1361.20,785.89,65.08,,,
0.31635625,6.54E-02,-698.828464,-671.036135,-790.892419,1369.86,790.89,65.41,,,
0.31835625,6.57E-02,-703.248509,-675.276345,-795.892419,1378.52,795.89,65.74,,,
0.32035625,6.61E-02,-707.668586,-679.516524,-800.892419,1387.19,800.89,66.06,,,
0.32235625,6.64E-02,-712.088694,-683.756671,-805.892419,1395.85,805.89,66.39,,,
0.32435625,6.67E-02,-716.508835,-687.996785,-810.892419,1404.51,810.89,66.71,,,
0.32635625,6.70E-02,-720.929008,-692.236867,-815.892419,1413.17,815.89,67.03,,,
0.32835625,6.74E-02,-725.349213,-696.476918,-820.892419,1421.83,820.89,67.36,,,
0.33035625,6.77E-02,-729.76945,-700.716936,-825.892419,1430.49,825.89,67.68,,,
0.33235625,6.80E-02,-734.189719,-704.956922,-830.892418,1439.15,830.89,68.00,,,
0.33435625,6.83E-02,-738.610021,-709.196875,-835.892418,1447.81,835.89,68.32,,,
0.33635625,6.86E-02,-743.030355,-713.436797,-840.892418,1456.47,840.89,68.64,,,
0.33835625,6.90E-02,-747.450721,-717.676685,-845.892418,1465.13,845.89,68.95,,,
0.34035625,6.93E-02,-751.87112,-721.916541,-850.892417,1473.79,850.89,69.27,,,
0.34235625,6.96E-02,-756.291551,-726.156365,-855.892417,1482.45,855.89,69.59,,,
0.34435625,6.99E-02,-760.712014,-730.396156,-860.892417,1491.11,860.89,69.90,,,
0.34635625,7.02E-02,-765.132511,-734.635915,-865.892416,1499.77,865.89,70.22,,,
0.34835625,7.05E-02,-769.553039,-738.87564,-870.892416,1508.43,870.89,70.53,,,
0.35035625,7.08E-02,-773.973601,-743.115333,-875.892415,1517.09,875.89,70.84,,,
0.35235625,7.12E-02,-778.394195,-747.354994,-880.892414,1525.75,880.89,71.15,,,
0.35435625,7.15E-02,-782.814822,-751.594622,-885.892414,1534.41,885.89,71.46,,,
0.35635625,7.18E-02,-787.235481,-755.834217,-890.892413,1543.07,890.89,71.77,,,
0.35835625,7.21E-02,-791.656174,-760.073779,-895.892412,1551.73,895.89,72.08,,,
0.36035625,7.24E-02,-796.076899,-764.313308,-900.892412,1560.39,900.89,72.39,,,
0.36235625,7.27E-02,-800.497657,-768.552804,-905.892411,1569.05,905.89,72.70,,,
0.36435625,7.30E-02,-804.918448,-772.792268,-910.89241,1577.71,910.89,73.00,,,
0.36635625,7.33E-02,-809.339272,-777.031698,-915.892409,1586.37,915.89,73.31,,,
0.36835625,7.36E-02,-813.760129,-781.271096,-920.892408,1595.03,920.89,73.61,,,
0.37035625,7.39E-02,-818.181019,-785.51046,-925.892407,1603.69,925.89,73.92,,,
0.37235625,7.42E-02,-822.601942,-789.749791,-930.892406,1612.35,930.89,74.22,,,
0.37435625,7.45E-02,-827.022898,-793.989089,-935.892405,1621.01,935.89,74.52,,,
0.37635625,7.48E-02,-831.443888,-798.228354,-940.892404,1629.67,940.89,74.83,,,
0.37835625,7.51E-02,-835.86491,-802.467586,-945.892403,1638.33,945.89,75.13,,,
0.38035625,7.54E-02,-840.285966,-806.706784,-950.892402,1646.99,950.89,75.43,,,
0.38235625,7.57E-02,-844.707054,-810.94595,-955.892401,1655.65,955.89,75.73,,,
0.38435625,7.60E-02,-849.128176,-815.185082,-960.8924,1664.31,960.89,76.02,,,
0.38635625,7.63E-02,-853.549332,-819.424181,-965.892399,1672.97,965.89,76.32,,,
0.38835625,7.66E-02,-857.97052,-823.663246,-970.892397,1681.63,970.89,76.62,,,
0.39035625,7.69E-02,-862.391742,-827.902278,-975.892396,1690.29,975.89,76.91,,,
0.39235625,7.72E-02,-866.812997,-832.141276,-980.892395,1698.95,980.89,77.21,,,
0.39435625,7.75E-02,-871.234286,-836.380242,-985.892394,1707.61,985.89,77.50,,,
0.39635625,7.78E-02,-875.655608,-840.619174,-990.892392,1716.27,990.89,77.80,,,
0.39835625,7.81E-02,-880.076963,-844.858072,-995.892391,1724.94,995.89,78.09,,,
0.40035625,7.84E-02,-884.498352,-849.096937,-1000.89239,1733.60,1000.89,78.38,,,
0.40235625,7.87E-02,-888.919775,-853.335768,-1005.89239,1742.26,1005.89,78.67,,,
0.40435625,7.90E-02,-893.34123,-857.574566,-1010.89239,1750.92,1010.89,78.96,,,
0.40635625,7.93E-02,-897.76272,-861.81333,-1015.89239,1759.58,1015.89,79.25,,,
0.40835625,7.95E-02,-902.184243,-866.052061,-1020.89238,1768.24,1020.89,79.54,,,
0.41035625,7.98E-02,-906.605799,-870.290759,-1025.89238,1776.90,1025.89,79.83,,,
0.41235625,8.01E-02,-911.027389,-874.529422,-1030.89238,1785.56,1030.89,80.12,,,
0.41435625,8.04E-02,-915.449013,-878.768052,-1035.89238,1794.22,1035.89,80.40,,,
0.41635625,8.07E-02,-919.87067,-883.006648,-1040.89238,1802.88,1040.89,80.69,,,
0.41835625,8.10E-02,-924.29236,-887.245211,-1045.89238,1811.54,1045.89,80.97,,,
0.42035625,8.13E-02,-928.714085,-891.48374,-1050.89237,1820.20,1050.89,81.26,,,
0.42235625,8.15E-02,-933.135843,-895.722236,-1055.89237,1828.86,1055.89,81.54,,,
0.42435625,8.18E-02,-937.557635,-899.960697,-1060.89237,1837.52,1060.89,81.82,,,
0.42635625,8.21E-02,-941.97946,-904.199125,-1065.89237,1846.18,1065.89,82.11,,,
0.42835625,8.24E-02,-946.40132,-908.437519,-1070.89237,1854.84,1070.89,82.39,,,
0.43035625,8.27E-02,-950.823212,-912.67588,-1075.89237,1863.50,1075.89,82.67,,,
0.43235625,8.29E-02,-955.245139,-916.914206,-1080.89236,1872.16,1080.89,82.95,,,
0.43435625,8.32E-02,-959.6671,-921.152499,-1085.89236,1880.82,1085.89,83.23,,,
0.43635625,8.35E-02,-964.089094,-925.390758,-1090.89236,1889.48,1090.89,83.50,,,
0.43835625,8.38E-02,-968.511122,-929.628983,-1095.89236,1898.14,1095.89,83.78,,,
0.44035625,8.41E-02,-972.933183,-933.867175,-1100.89236,1906.80,1100.89,84.06,,,
0.44235625,8.43E-02,-977.355279,-938.105333,-1105.89235,1915.46,1105.89,84.33,,,
0.44435625,8.46E-02,-981.777408,-942.343457,-1110.89235,1924.12,1110.89,84.61,,,
0.44635625,8.49E-02,-986.199571,-946.581546,-1115.89235,1932.78,1115.89,84.88,,,
0.44835625,8.52E-02,-990.621768,-950.819602,-1120.89235,1941.44,1120.89,85.16,,,
0.45035625,8.54E-02,-995.043999,-955.057624,-1125.89235,1950.10,1125.89,85.43,,,
0.45235625,8.57E-02,-999.466264,-959.295613,-1130.89234,1958.76,1130.89,85.70,,,
0.45435625,8.60E-02,-1003.88856,-963.533568,-1135.89234,1967.42,1135.89,85.98,,,
0.45635625,8.62E-02,-1008.31089,-967.771488,-1140.89234,1976.08,1140.89,86.25,,,
0.45835625,8.65E-02,-1012.73326,-972.009375,-1145.89234,1984.74,1145.89,86.52,,,
0.46035625,8.68E-02,-1017.15566,-976.247228,-1150.89234,1993.40,1150.89,86.79,,,
0.46235625,8.71E-02,-1021.5781,-980.485047,-1155.89233,2002.06,1155.89,87.06,,,
0.46435625,8.73E-02,-1026.00056,-984.722831,-1160.89233,2010.72,1160.89,87.32,,,
0.46635625,8.76E-02,-1030.42307,-988.960583,-1165.89233,2019.38,1165.89,87.59,,,
0.46835625,8.79E-02,-1034.8456,-993.1983,-1170.89233,2028.04,1170.89,87.86,,,
0.47035625,8.81E-02,-1039.26817,-997.435983,-1175.89233,2036.70,1175.89,88.12,,,
0.47235625,8.84E-02,-1043.69077,-1001.67363,-1180.89232,2045.36,1180.89,88.39,,,
0.47435625,8.87E-02,-1048.11341,-1005.91125,-1185.89232,2054.02,1185.89,88.65,,,
0.47635625,8.89E-02,-1052.53608,-1010.14883,-1190.89232,2062.68,1190.89,88.92,,,
0.47835625,8.92E-02,-1056.95879,-1014.38638,-1195.89232,2071.35,1195.89,89.18,,,
0.48035625,8.94E-02,-1061.38153,-1018.62389,-1200.89231,2080.01,1200.89,89.44,,,
0.48235625,8.97E-02,-1065.8043,-1022.86137,-1205.89231,2088.67,1205.89,89.71,,,
0.48435625,9.00E-02,-1070.22711,-1027.09882,-1210.89231,2097.33,1210.89,89.97,,,
0.48635625,9.02E-02,-1074.64995,-1031.33623,-1215.89231,2105.99,1215.89,90.23,,,
0.48835625,9.05E-02,-1079.07282,-1035.5736,-1220.89231,2114.65,1220.89,90.49,,,
0.49035625,9.07E-02,-1083.49573,-1039.81095,-1225.8923,2123.31,1225.89,90.75,,,
0.49235625,9.10E-02,-1087.91868,-1044.04826,-1230.8923,2131.97,1230.89,91.01,,,
0.49435625,9.13E-02,-1092.34165,-1048.28553,-1235.8923,2140.63,1235.89,91.26,,,
0.49635625,9.15E-02,-1096.76466,-1052.52278,-1240.8923,2149.29,1240.89,91.52,,,
0.49835625,9.18E-02,-1101.18771,-1056.75998,-1245.89229,2157.95,1245.89,91.78,,,
0.50035625,9.20E-02,-1105.61079,-1060.99716,-1250.89229,2166.61,1250.89,92.03,,,
0.50235625,9.23E-02,-1110.0339,-1065.2343,-1255.89229,2175.27,1255.89,92.29,,,
0.50435625,9.25E-02,-1114.45704,-1069.4714,-1260.89229,2183.93,1260.89,92.54,,,
0.50635625,9.28E-02,-1118.88022,-1073.70848,-1265.89228,2192.59,1265.89,92.80,,,
0.50835625,9.31E-02,-1123.30344,-1077.94551,-1270.89228,2201.25,1270.89,93.05,,,
0.51035625,9.33E-02,-1127.72669,-1082.18252,-1275.89228,2209.91,1275.89,93.30,,,
0.51235625,9.36E-02,-1132.14997,-1086.41949,-1280.89228,2218.57,1280.89,93.56,,,
0.51435625,9.38E-02,-1136.57329,-1090.65643,-1285.89227,2227.23,1285.89,93.81,,,
0.51635625,9.41E-02,-1140.99663,-1094.89333,-1290.89227,2235.89,1290.89,94.06,,,
0.51835625,9.43E-02,-1145.42002,-1099.1302,-1295.89227,2244.55,1295.89,94.31,,,
0.52035625,9.46E-02,-1149.84344,-1103.36703,-1300.89227,2253.21,1300.89,94.56,,,
0.52235625,9.48E-02,-1154.26689,-1107.60383,-1305.89226,2261.87,1305.89,94.81,,,
0.52435625,9.51E-02,-1158.69037,-1111.8406,-1310.89226,2270.53,1310.89,95.05,,,
0.52635625,9.53E-02,-1163.11389,-1116.07733,-1315.89226,2279.19,1315.89,95.30,,,
0.52835625,9.55E-02,-1167.53745,-1120.31403,-1320.89226,2287.85,1320.89,95.55,,,
0.53035625,9.58E-02,-1171.96103,-1124.5507,-1325.89225,2296.51,1325.89,95.79,,,
0.53235625,9.60E-02,-1176.38465,-1128.78733,-1330.89225,2305.17,1330.89,96.04,,,
0.53435625,9.63E-02,-1180.80831,-1133.02393,-1335.89225,2313.83,1335.89,96.29,,,
0.53635625,9.65E-02,-1185.232,-1137.26049,-1340.89225,2322.49,1340.89,96.53,,,
0.53835625,9.68E-02,-1189.65572,-1141.49702,-1345.89224,2331.15,1345.89,96.77,,,
0.54035625,9.70E-02,-1194.07947,-1145.73352,-1350.89224,2339.81,1350.89,97.02,,,
0.54235625,9.73E-02,-1198.50326,-1149.96998,-1355.89224,2348.47,1355.89,97.26,,,
0.54435625,9.75E-02,-1202.92709,-1154.20641,-1360.89224,2357.13,1360.89,97.50,,,
0.54635625,9.77E-02,-1207.35095,-1158.4428,-1365.89223,2365.79,1365.89,97.74,,,
0.54835625,9.80E-02,-1211.77484,-1162.67916,-1370.89223,2374.45,1370.89,97.98,,,
0.55035625,9.82E-02,-1216.19876,-1166.91549,-1375.89223,2383.11,1375.89,98.22,,,
0.55235625,9.85E-02,-1220.62272,-1171.15178,-1380.89223,2391.77,1380.89,98.46,,,
0.55435625,9.87E-02,-1225.04671,-1175.38804,-1385.89222,2400.43,1385.89,98.70,,,
0.55635625,9.89E-02,-1229.47074,-1179.62427,-1390.89222,2409.10,1390.89,98.94,,,
0.55835625,9.92E-02,-1233.8948,-1183.86046,-1395.89222,2417.76,1395.89,99.18,,,
0.56035625,9.94E-02,-1238.31889,-1188.09662,-1400.89221,2426.42,1400.89,99.42,,,
0.56235625,9.97E-02,-1242.74302,-1192.33274,-1405.89221,2435.08,1405.89,99.65,,,
0.56435625,9.99E-02,-1247.16718,-1196.56883,-1410.89221,2443.74,1410.89,99.89,,,
0.56635625,0.100124567,-1251.59138,-1200.80489,-1415.89221,2452.40,1415.89,100.12,,,
0.56835625,0.100359437,-1256.01561,-1205.04091,-1420.8922,2461.06,1420.89,100.36,,,
0.57035625,0.100593724,-1260.43987,-1209.2769,-1425.8922,2469.72,1425.89,100.59,,,
0.57235625,0.10082743,-1264.86416,-1213.51286,-1430.8922,2478.38,1430.89,100.83,,,
0.57435625,0.101060557,-1269.28849,-1217.74878,-1435.8922,2487.04,1435.89,101.06,,,
0.57635625,0.101293107,-1273.71286,-1221.98467,-1440.89219,2495.70,1440.89,101.29,,,
0.57835625,0.101525082,-1278.13725,-1226.22053,-1445.89219,2504.36,1445.89,101.53,,,
0.58035625,0.101756485,-1282.56168,-1230.45635,-1450.89219,2513.02,1450.89,101.76,,,
0.58235625,0.101987316,-1286.98615,-1234.69214,-1455.89218,2521.68,1455.89,101.99,,,
0.58435625,0.102217579,-1291.41065,-1238.92789,-1460.89218,2530.34,1460.89,102.22,,,
0.58635625,0.102447274,-1295.83518,-1243.16361,-1465.89218,2539.00,1465.89,102.45,,,
0.58835625,0.102676405,-1300.25974,-1247.3993,-1470.89218,2547.66,1470.89,102.68,,,
0.59035625,0.102904972,-1304.68434,-1251.63495,-1475.89217,2556.32,1475.89,102.90,,,
0.59235625,0.103132978,-1309.10897,-1255.87057,-1480.89217,2564.98,1480.89,103.13,,,
0.59435625,0.103360425,-1313.53364,-1260.10616,-1485.89217,2573.64,1485.89,103.36,,,
0.59635625,0.103587315,-1317.95834,-1264.34171,-1490.89217,2582.30,1490.89,103.59,,,
0.59835625,0.10381365,-1322.38307,-1268.57723,-1495.89216,2590.96,1495.89,103.81,,,
0.60035625,0.10403943,-1326.80783,-1272.81272,-1500.89216,2599.62,1500.89,104.04,,,
0.60235625,0.10426466,-1331.23263,-1277.04817,-1505.89216,2608.28,1505.89,104.26,,,
0.60435625,0.104489339,-1335.65746,-1281.28359,-1510.89215,2616.94,1510.89,104.49,,,
0.60635625,0.104713471,-1340.08233,-1285.51898,-1515.89215,2625.60,1515.89,104.71,,,
0.60835625,0.104937057,-1344.50723,-1289.75433,-1520.89215,2634.26,1520.89,104.94,,,
0.61035625,0.105160099,-1348.93216,-1293.98965,-1525.89215,2642.92,1525.89,105.16,,,
0.61235625,0.105382599,-1353.35713,-1298.22494,-1530.89214,2651.58,1530.89,105.38,,,
0.61435625,0.105604558,-1357.78213,-1302.46019,-1535.89214,2660.24,1535.89,105.60,,,
0.61635625,0.105825979,-1362.20716,-1306.69541,-1540.89214,2668.90,1540.89,105.83,,,
0.61835625,0.106046863,-1366.63223,-1310.93059,-1545.89213,2677.56,1545.89,106.05,,,
0.62035625,0.106267212,-1371.05732,-1315.16575,-1550.89213,2686.22,1550.89,106.27,,,
0.62235625,0.106487029,-1375.48246,-1319.40087,-1555.89213,2694.88,1555.89,106.49,,,
0.62435625,0.106706314,-1379.90762,-1323.63595,-1560.89213,2703.54,1560.89,106.71,,,
0.62635625,0.10692507,-1384.33282,-1327.87101,-1565.89212,2712.20,1565.89,106.93,,,
0.62835625,0.107143298,-1388.75805,-1332.10602,-1570.89212,2720.86,1570.89,107.14,,,
0.63035625,0.107361001,-1393.18332,-1336.34101,-1575.89212,2729.52,1575.89,107.36,,,
0.63235625,0.10757818,-1397.60862,-1340.57597,-1580.89212,2738.18,1580.89,107.58,,,
0.63435625,0.107794836,-1402.03395,-1344.81088,-1585.89211,2746.84,1585.89,107.79,,,
0.63635625,0.108010973,-1406.45931,-1349.04577,-1590.89211,2755.51,1590.89,108.01,,,
0.63835625,0.10822659,-1410.88471,-1353.28063,-1595.89211,2764.17,1595.89,108.23,,,
0.64035625,0.108441691,-1415.31014,-1357.51545,-1600.8921,2772.83,1600.89,108.44,,,
0.64235625,0.108656276,-1419.73561,-1361.75023,-1605.8921,2781.49,1605.89,108.66,,,
0.64435625,0.108870348,-1424.1611,-1365.98499,-1610.8921,2790.15,1610.89,108.87,,,
0.64635625,0.109083909,-1428.58663,-1370.21971,-1615.8921,2798.81,1615.89,109.08,,,
0.64835625,0.10929696,-1433.0122,-1374.4544,-1620.89209,2807.47,1620.89,109.30,,,
0.65035625,0.109509502,-1437.43779,-1378.68906,-1625.89209,2816.13,1625.89,109.51,,,
0.65235625,0.109721538,-1441.86342,-1382.92368,-1630.89209,2824.79,1630.89,109.72,,,
0.65435625,0.10993307,-1446.28908,-1387.15827,-1635.89208,2833.45,1635.89,109.93,,,
0.65635625,0.110144098,-1450.71478,-1391.39283,-1640.89208,2842.11,1640.89,110.14,,,
0.65835625,0.110354625,-1455.1405,-1395.62735,-1645.89208,2850.77,1645.89,110.35,,,
0.66035625,0.110564652,-1459.56627,-1399.86184,-1650.89208,2859.43,1650.89,110.56,,,
0.66235625,0.110774182,-1463.99206,-1404.0963,-1655.89207,2868.09,1655.89,110.77,,,
0.66435625,0.110983215,-1468.41789,-1408.33072,-1660.89207,2876.75,1660.89,110.98,,,
0.66635625,0.111191754,-1472.84374,-1412.56512,-1665.89207,2885.41,1665.89,111.19,,,
0.66835625,0.111399799,-1477.26964,-1416.79948,-1670.89206,2894.07,1670.89,111.40,,,
0.67035625,0.111607354,-1481.69556,-1421.0338,-1675.89206,2902.73,1675.89,111.61,,,
0.67235625,0.111814418,-1486.12152,-1425.2681,-1680.89206,2911.39,1680.89,111.81,,,
0.67435625,0.112020995,-1490.54751,-1429.50236,-1685.89206,2920.05,1685.89,112.02,,,
0.67635625,0.112227086,-1494.97353,-1433.73659,-1690.89205,2928.71,1690.89,112.23,,,
0.67835625,0.112432691,-1499.39959,-1437.97078,-1695.89205,2937.37,1695.89,112.43,,,
0.68035625,0.112637814,-1503.82567,-1442.20495,-1700.89205,2946.03,1700.89,112.64,,,
0.68235625,0.112842455,-1508.2518,-1446.43908,-1705.89204,2954.69,1705.89,112.84,,,
0.68435625,0.113046617,-1512.67795,-1450.67318,-1710.89204,2963.35,1710.89,113.05,,,
0.68635625,0.1132503,-1517.10414,-1454.90724,-1715.89204,2972.01,1715.89,113.25,,,
0.68835625,0.113453507,-1521.53035,-1459.14127,-1720.89204,2980.67,1720.89,113.45,,,
0.69035625,0.113656238,-1525.95661,-1463.37527,-1725.89203,2989.33,1725.89,113.66,,,
0.69235625,0.113858496,-1530.38289,-1467.60924,-1730.89203,2997.99,1730.89,113.86,,,
0.69435625,0.114060283,-1534.80921,-1471.84318,-1735.89203,3006.65,1735.89,114.06,,,
0.69635625,0.114261599,-1539.23555,-1476.07708,-1740.89202,3015.31,1740.89,114.26,,,
0.69835625,0.114462446,-1543.66193,-1480.31095,-1745.89202,3023.97,1745.89,114.46,,,
0.70035625,0.114662826,-1548.08835,-1484.54479,-1750.89202,3032.63,1750.89,114.66,,,
0.70235625,0.11486274,-1552.51479,-1488.7786,-1755.89202,3041.29,1755.89,114.86,,,
0.70435625,0.115062191,-1556.94127,-1493.01237,-1760.89201,3049.95,1760.89,115.06,,,
0.70635625,0.115261179,-1561.36778,-1497.24611,-1765.89201,3058.61,1765.89,115.26,,,
0.70835625,0.115459705,-1565.79433,-1501.47982,-1770.89201,3067.27,1770.89,115.46,,,
0.71035625,0.115657773,-1570.2209,-1505.71349,-1775.892,3075.93,1775.89,115.66,,,
0.71235625,0.115855383,-1574.64751,-1509.94714,-1780.892,3084.59,1780.89,115.86,,,
0.71435625,0.116052536,-1579.07415,-1514.18075,-1785.892,3093.25,1785.89,116.05,,,
0.71635625,0.116249234,-1583.50082,-1518.41433,-1790.892,3101.92,1790.89,116.25,,,
0.71835625,0.116445479,-1587.92753,-1522.64788,-1795.89199,3110.58,1795.89,116.45,,,
0.72035625,0.116641272,-1592.35426,-1526.88139,-1800.89199,3119.24,1800.89,116.64,,,
0.72235625,0.116836615,-1596.78103,-1531.11487,-1805.89199,3127.90,1805.89,116.84,,,
0.72435625,0.117031508,-1601.20783,-1535.34833,-1810.89198,3136.56,1810.89,117.03,,,
0.72635625,0.117225955,-1605.63466,-1539.58174,-1815.89198,3145.22,1815.89,117.23,,,
0.72835625,0.117419955,-1610.06153,-1543.81513,-1820.89198,3153.88,1820.89,117.42,,,
0.73035625,0.117613511,-1614.48843,-1548.04848,-1825.89198,3162.54,1825.89,117.61,,,
0.73235625,0.117806624,-1618.91536,-1552.28181,-1830.89197,3171.20,1830.89,117.81,,,
0.73435625,0.117999296,-1623.34232,-1556.5151,-1835.89197,3179.86,1835.89,118.00,,,
0.73635625,0.118191527,-1627.76931,-1560.74836,-1840.89197,3188.52,1840.89,118.19,,,
0.73835625,0.11838332,-1632.19634,-1564.98158,-1845.89196,3197.18,1845.89,118.38,,,
0.74035625,0.118574675,-1636.62339,-1569.21478,-1850.89196,3205.84,1850.89,118.57,,,
0.74235625,0.118765595,-1641.05048,-1573.44794,-1855.89196,3214.50,1855.89,118.77,,,
0.74435625,0.11895608,-1645.4776,-1577.68107,-1860.89196,3223.16,1860.89,118.96,,,
0.74635625,0.119146133,-1649.90475,-1581.91417,-1865.89195,3231.82,1865.89,119.15,,,
0.74835625,0.119335754,-1654.33194,-1586.14724,-1870.89195,3240.48,1870.89,119.34,,,
0.75035625,0.119524945,-1658.75916,-1590.38027,-1875.89195,3249.14,1875.89,119.52,,,
0.75235625,0.119713708,-1663.1864,-1594.61327,-1880.89195,3257.80,1880.89,119.71,,,
0.75435625,0.119902043,-1667.61368,-1598.84625,-1885.89194,3266.46,1885.89,119.90,,,
0.75635625,0.120089952,-1672.04099,-1603.07919,-1890.89194,3275.12,1890.89,120.09,,,
0.75835625,0.120277437,-1676.46834,-1607.31209,-1895.89194,3283.78,1895.89,120.28,,,
0.76035625,0.120464499,-1680.89571,-1611.54497,-1900.89193,3292.44,1900.89,120.46,,,
0.76235625,0.120651139,-1685.32312,-1615.77782,-1905.89193,3301.10,1905.89,120.65,,,
0.76435625,0.120837358,-1689.75056,-1620.01063,-1910.89193,3309.76,1910.89,120.84,,,
0.76635625,0.121023159,-1694.17803,-1624.24341,-1915.89193,3318.42,1915.89,121.02,,,
0.76835625,0.121208542,-1698.60553,-1628.47616,-1920.89192,3327.08,1920.89,121.21,,,
0.77035625,0.121393509,-1703.03306,-1632.70888,-1925.89192,3335.74,1925.89,121.39,,,
0.77235625,0.121578061,-1707.46063,-1636.94157,-1930.89192,3344.40,1930.89,121.58,,,
0.77435625,0.1217622,-1711.88822,-1641.17422,-1935.89191,3353.06,1935.89,121.76,,,
0.77635625,0.121945926,-1716.31585,-1645.40685,-1940.89191,3361.72,1940.89,121.95,,,
0.77835625,0.122129242,-1720.74351,-1649.63944,-1945.89191,3370.38,1945.89,122.13,,,
0.78035625,0.122312148,-1725.1712,-1653.872,-1950.89191,3379.04,1950.89,122.31,,,
0.78235625,0.122494645,-1729.59892,-1658.10453,-1955.8919,3387.70,1955.89,122.49,,,
0.78435625,0.122676736,-1734.02667,-1662.33703,-1960.8919,3396.36,1960.89,122.68,,,
0.78635625,0.122858422,-1738.45446,-1666.5695,-1965.8919,3405.02,1965.89,122.86,,,
0.78835625,0.123039703,-1742.88227,-1670.80193,-1970.8919,3413.68,1970.89,123.04,,,
0.79035625,0.123220581,-1747.31012,-1675.03434,-1975.89189,3422.34,1975.89,123.22,,,
0.79235625,0.123401057,-1751.738,-1679.26671,-1980.89189,3431.00,1980.89,123.40,,,
0.79435625,0.123581134,-1756.16591,-1683.49905,-1985.89189,3439.66,1985.89,123.58,,,
0.79635625,0.123760811,-1760.59385,-1687.73137,-1990.89188,3448.33,1990.89,123.76,,,
0.79835625,0.12394009,-1765.02182,-1691.96365,-1995.89188,3456.99,1995.89,123.94,,,
0.80035625,0.124118973,-1769.44982,-1696.19589,-2000.89188,3465.65,2000.89,124.12,,,
0.80235625,0.124297461,-1773.87785,-1700.42811,-2005.89188,3474.31,2005.89,124.30,,,
0.80435625,0.124475555,-1778.30592,-1704.6603,-2010.89187,3482.97,2010.89,124.48,,,
0.80635625,0.124653256,-1782.73401,-1708.89245,-2015.89187,3491.63,2015.89,124.65,,,
0.80835625,0.124830565,-1787.16214,-1713.12458,-2020.89187,3500.29,2020.89,124.83,,,
0.81035625,0.125007485,-1791.5903,-1717.35667,-2025.89187,3508.95,2025.89,125.01,,,
0.81235625,0.125184015,-1796.01849,-1721.58874,-2030.89186,3517.61,2030.89,125.18,,,
0.81435625,0.125360158,-1800.44671,-1725.82077,-2035.89186,3526.27,2035.89,125.36,,,
0.81635625,0.125535915,-1804.87496,-1730.05277,-2040.89186,3534.93,2040.89,125.54,,,
0.81835625,0.125711286,-1809.30324,-1734.28474,-2045.89185,3543.59,2045.89,125.71,,,
0.82035625,0.125886274,-1813.73155,-1738.51668,-2050.89185,3552.25,2050.89,125.89,,,
0.82235625,0.126060878,-1818.1599,-1742.74859,-2055.89185,3560.91,2055.89,126.06,,,
0.82435625,0.126235101,-1822.58827,-1746.98046,-2060.89185,3569.57,2060.89,126.24,,,
0.82635625,0.126408944,-1827.01667,-1751.21231,-2065.89184,3578.23,2065.89,126.41,,,
0.82835625,0.126582408,-1831.44511,-1755.44413,-2070.89184,3586.89,2070.89,126.58,,,
0.83035625,0.126755494,-1835.87358,-1759.67591,-2075.89184,3595.55,2075.89,126.76,,,
0.83235625,0.126928203,-1840.30207,-1763.90767,-2080.89184,3604.21,2080.89,126.93,,,
0.83435625,0.127100537,-1844.7306,-1768.13939,-2085.89183,3612.87,2085.89,127.10,,,
0.83635625,0.127272496,-1849.15916,-1772.37108,-2090.89183,3621.53,2090.89,127.27,,,
0.83835625,0.127444082,-1853.58775,-1776.60275,-2095.89183,3630.19,2095.89,127.44,,,
0.84035625,0.127615297,-1858.01637,-1780.83438,-2100.89183,3638.85,2100.89,127.62,,,
0.84235625,0.12778614,-1862.44502,-1785.06598,-2105.89182,3647.51,2105.89,127.79,,,
0.84435625,0.127956615,-1866.8737,-1789.29755,-2110.89182,3656.17,2110.89,127.96,,,
0.84635625,0.12812672,-1871.30241,-1793.52909,-2115.89182,3664.83,2115.89,128.13,,,
0.84835625,0.128296459,-1875.73115,-1797.7606,-2120.89182,3673.49,2120.89,128.30,,,
0.85035625,0.128465831,-1880.15992,-1801.99208,-2125.89181,3682.15,2125.89,128.47,,,
0.85235625,0.128634839,-1884.58872,-1806.22353,-2130.89181,3690.81,2130.89,128.63,,,
0.85435625,0.128803482,-1889.01755,-1810.45495,-2135.89181,3699.47,2135.89,128.80,,,
0.85635625,0.128971763,-1893.44642,-1814.68634,-2140.8918,3708.13,2140.89,128.97,,,
0.85835625,0.129139683,-1897.87531,-1818.9177,-2145.8918,3716.79,2145.89,129.14,,,
0.86035625,0.129307242,-1902.30423,-1823.14903,-2150.8918,3725.45,2150.89,129.31,,,
0.86235625,0.129474442,-1906.73319,-1827.38033,-2155.8918,3734.11,2155.89,129.47,,,
0.86435625,0.129641285,-1911.16217,-1831.61159,-2160.89179,3742.77,2160.89,129.64,,,
0.86635625,0.12980777,-1915.59118,-1835.84283,-2165.89179,3751.43,2165.89,129.81,,,
0.86835625,0.129973899,-1920.02023,-1840.07404,-2170.89179,3760.09,2170.89,129.97,,,
0.87035625,0.130139673,-1924.4493,-1844.30522,-2175.89179,3768.75,2175.89,130.14,,,
0.87235625,0.130305094,-1928.87841,-1848.53636,-2180.89178,3777.41,2180.89,130.31,,,
0.87435625,0.130470163,-1933.30754,-1852.76748,-2185.89178,3786.08,2185.89,130.47,,,
0.87635625,0.13063488,-1937.7367,-1856.99857,-2190.89178,3794.74,2190.89,130.63,,,
0.87835625,0.130799246,-1942.1659,-1861.22962,-2195.89178,3803.40,2195.89,130.80,,,
0.88035625,0.130963264,-1946.59512,-1865.46065,-2200.89177,3812.06,2200.89,130.96,,,
0.88235625,0.131126933,-1951.02438,-1869.69165,-2205.89177,3820.72,2205.89,131.13,,,
0.88435625,0.131290256,-1955.45366,-1873.92262,-2210.89177,3829.38,2210.89,131.29,,,
0.88635625,0.131453232,-1959.88298,-1878.15355,-2215.89177,3838.04,2215.89,131.45,,,
0.88835625,0.131615864,-1964.31232,-1882.38446,-2220.89176,3846.70,2220.89,131.62,,,
0.89035625,0.131778151,-1968.74169,-1886.61534,-2225.89176,3855.36,2225.89,131.78,,,
0.89235625,0.131940096,-1973.1711,-1890.84619,-2230.89176,3864.02,2230.89,131.94,,,
0.89435625,0.1321017,-1977.60053,-1895.077,-2235.89176,3872.68,2235.89,132.10,,,
0.89635625,0.132262963,-1982.02999,-1899.30779,-2240.89175,3881.34,2240.89,132.26,,,
0.89835625,0.132423886,-1986.45949,-1903.53855,-2245.89175,3890.00,2245.89,132.42,,,
0.90035625,0.132584471,-1990.88901,-1907.76928,-2250.89175,3898.66,2250.89,132.58,,,
0.90235625,0.132744718,-1995.31856,-1911.99998,-2255.89175,3907.32,2255.89,132.74,,,
0.90435625,0.132904629,-1999.74814,-1916.23065,-2260.89174,3915.98,2260.89,132.90,,,
0.90635625,0.133064204,-2004.17776,-1920.46129,-2265.89174,3924.64,2265.89,133.06,,,
0.90835625,0.133223445,-2008.6074,-1924.6919,-2270.89174,3933.30,2270.89,133.22,,,
0.91035625,0.133382353,-2013.03707,-1928.92248,-2275.89174,3941.96,2275.89,133.38,,,
0.91235625,0.133540929,-2017.46677,-1933.15303,-2280.89173,3950.62,2280.89,133.54,,,
0.91435625,0.133699173,-2021.8965,-1937.38355,-2285.89173,3959.28,2285.89,133.70,,,
0.91635625,0.133857087,-2026.32626,-1941.61405,-2290.89173,3967.94,2290.89,133.86,,,
0.91835625,0.134014672,-2030.75604,-1945.84451,-2295.89173,3976.60,2295.89,134.01,,,
0.92035625,0.134171929,-2035.18586,-1950.07494,-2300.89172,3985.26,2300.89,134.17,,,
0.92235625,0.134328859,-2039.61571,-1954.30535,-2305.89172,3993.92,2305.89,134.33,,,
0.92435625,0.134485462,-2044.04559,-1958.53572,-2310.89172,4002.58,2310.89,134.49,,,
0.92635625,0.13464174,-2048.47549,-1962.76607,-2315.89172,4011.24,2315.89,134.64,,,
0.92835625,0.134797694,-2052.90543,-1966.99638,-2320.89171,4019.90,2320.89,134.80,,,
0.93035625,0.134953325,-2057.33539,-1971.22667,-2325.89171,4028.56,2325.89,134.95,,,
0.93235625,0.135108634,-2061.76539,-1975.45693,-2330.89171,4037.22,2330.89,135.11,,,
0.93435625,0.135263621,-2066.19541,-1979.68716,-2335.89171,4045.88,2335.89,135.26,,,
0.93635625,0.135418288,-2070.62546,-1983.91736,-2340.8917,4054.54,2340.89,135.42,,,
0.93835625,0.135572636,-2075.05554,-1988.14753,-2345.8917,4063.20,2345.89,135.57,,,
0.94035625,0.135726666,-2079.48565,-1992.37767,-2350.8917,4071.86,2350.89,135.73,,,
0.94235625,0.135880378,-2083.91579,-1996.60778,-2355.8917,4080.52,2355.89,135.88,,,
0.94435625,0.136033774,-2088.34596,-2000.83787,-2360.89169,4089.18,2360.89,136.03,,,
0.94635625,0.136186855,-2092.77616,-2005.06792,-2365.89169,4097.84,2365.89,136.19,,,
0.94835625,0.136339621,-2097.20638,-2009.29795,-2370.89169,4106.50,2370.89,136.34,,,
0.95035625,0.136492074,-2101.63664,-2013.52794,-2375.89169,4115.16,2375.89,136.49,,,
0.95235625,0.136644214,-2106.06692,-2017.75791,-2380.89168,4123.82,2380.89,136.64,,,
0.95435625,0.136796043,-2110.49724,-2021.98785,-2385.89168,4132.49,2385.89,136.80,,,
0.95635625,0.136947561,-2114.92758,-2026.21776,-2390.89168,4141.15,2390.89,136.95,,,
0.95835625,0.137098769,-2119.35795,-2030.44764,-2395.89168,4149.81,2395.89,137.10,,,
0.96035625,0.137249669,-2123.78835,-2034.67749,-2400.89167,4158.47,2400.89,137.25,,,
0.96235625,0.13740026,-2128.21878,-2038.90731,-2405.89167,4167.13,2405.89,137.40,,,
0.96435625,0.137550545,-2132.64923,-2043.13711,-2410.89167,4175.79,2410.89,137.55,,,
0.96635625,0.137700524,-2137.07972,-2047.36687,-2415.89167,4184.45,2415.89,137.70,,,
0.96835625,0.137850198,-2141.51023,-2051.59661,-2420.89167,4193.11,2420.89,137.85,,,
0.97035625,0.137999568,-2145.94078,-2055.82632,-2425.89166,4201.77,2425.89,138.00,,,
0.97235625,0.138148634,-2150.37135,-2060.056,-2430.89166,4210.43,2430.89,138.15,,,
0.97435625,0.138297399,-2154.80195,-2064.28565,-2435.89166,4219.09,2435.89,138.30,,,
0.97635625,0.138445862,-2159.23258,-2068.51527,-2440.89166,4227.75,2440.89,138.45,,,
0.97835625,0.138594024,-2163.66324,-2072.74487,-2445.89165,4236.41,2445.89,138.59,,,
0.98035625,0.138741887,-2168.09392,-2076.97443,-2450.89165,4245.07,2450.89,138.74,,,
0.98235625,0.138889451,-2172.52464,-2081.20397,-2455.89165,4253.73,2455.89,138.89,,,
0.98435625,0.139036718,-2176.95538,-2085.43348,-2460.89165,4262.39,2460.89,139.04,,,
0.98635625,0.139183687,-2181.38615,-2089.66296,-2465.89164,4271.05,2465.89,139.18,,,
0.98835625,0.139330361,-2185.81695,-2093.89241,-2470.89164,4279.71,2470.89,139.33,,,
0.99035625,0.13947674,-2190.24778,-2098.12183,-2475.89164,4288.37,2475.89,139.48,,,
0.99235625,0.139622824,-2194.67864,-2102.35123,-2480.89164,4297.03,2480.89,139.62,,,
0.99435625,0.139768615,-2199.10952,-2106.5806,-2485.89163,4305.69,2485.89,139.77,,,
0.99635625,0.139914113,-2203.54043,-2110.80993,-2490.89163,4314.35,2490.89,139.91,,,
0.99835625,0.14005932,-2207.97137,-2115.03925,-2495.89163,4323.01,2495.89,140.06,,,
1,0.140178443,-2211.61291,-2118.51504,-2500.00075,4330.13,2500.00,140.18,,,
