TIME, UY_6, UX_5, FY_3, FY_4,Displacement,Deflection,lOad,Reaction, FX_2,,,
2.00E-04,1.32E-03,4.35E-05,-17.8014553,-17.103355,0.04,1.32,34.90,1999.70,-1999.70238,,,
4.00E-04,1.95E-03,8.63E-05,-35.613959,-34.2174672,0.09,1.95,69.83,3999.85,-3999.84868,,,
7.00E-04,2.46E-03,1.53E-04,-62.3059536,-59.8625238,0.15,2.46,122.17,6998.96,-6998.96063,,,
1.15E-03,2.85E-03,2.55E-04,-102.358682,-98.3444822,0.26,2.85,200.70,11498.26,-11498.2629,,,
1.83E-03,3.16E-03,4.12E-04,-162.438514,-156.068119,0.41,3.16,318.51,18247.23,-18247.2316,,,
2.84E-03,3.40E-03,6.51E-04,-252.558435,-242.653722,0.65,3.40,495.21,28370.69,-28370.686,,,
4.36E-03,3.59E-03,1.01E-03,-387.738364,-372.532153,1.01,3.59,760.27,43555.87,-43555.8692,,,
6.36E-03,3.72E-03,1.49E-03,-565.753109,-543.565485,1.49,3.72,1109.32,63552.82,-63552.82,,,
8.36E-03,3.81E-03,1.96E-03,-743.766688,-714.597657,1.96,3.81,1458.36,83549.68,-83549.6788,,,
1.04E-02,3.87E-03,2.44E-03,-921.781242,-885.630829,2.44,3.87,1807.41,103546.58,-103546.584,,,
1.24E-02,3.91E-03,2.92E-03,-1099.79587,-1056.66402,2.92,3.91,2156.46,123543.51,-123543.511,,,
1.44E-02,3.95E-03,3.40E-03,-1277.81045,-1227.69716,3.40,3.95,2505.51,143540.44,-143540.437,,,
1.64E-02,3.98E-03,3.88E-03,-1455.825,-1398.73027,3.88,3.98,2854.56,163537.36,-163537.363,,,
1.84E-02,4.00E-03,4.37E-03,-1633.83954,-1569.76337,4.37,4.00,3203.60,183534.29,-183534.289,,,
2.04E-02,4.02E-03,4.85E-03,-1811.85408,-1740.79647,4.85,4.02,3552.65,203531.21,-203531.214,,,
2.24E-02,4.04E-03,5.33E-03,-1989.86862,-1911.82956,5.33,4.04,3901.70,223528.14,-223528.14,,,
2.44E-02,4.06E-03,5.82E-03,-2167.88316,-2082.86266,5.82,4.06,4250.75,243525.07,-243525.065,,,
2.64E-02,4.07E-03,6.30E-03,-2345.8977,-2253.89575,6.30,4.07,4599.79,263521.99,-263521.991,,,
2.84E-02,4.09E-03,6.79E-03,-2523.91223,-2424.92884,6.79,4.09,4948.84,283518.92,-283518.916,,,
3.04E-02,4.10E-03,7.27E-03,-2701.92677,-2595.96193,7.27,4.10,5297.89,303515.84,-303515.841,,,
3.24E-02,4.11E-03,7.76E-03,-2879.9413,-2766.99502,7.76,4.11,5646.94,323512.77,-323512.766,,,
3.44E-02,4.12E-03,8.25E-03,-3057.95584,-2938.02811,8.25,4.12,5995.98,343509.69,-343509.691,,,
3.64E-02,4.13E-03,8.73E-03,-3235.97037,-3109.06119,8.73,4.13,6345.03,363506.62,-363506.615,,,
3.84E-02,4.14E-03,9.22E-03,-3413.9849,-3280.09428,9.22,4.14,6694.08,383503.54,-383503.54,,,
4.04E-02,4.15E-03,9.71E-03,-3591.99943,-3451.12736,9.71,4.15,7043.13,403500.46,-403500.464,,415189.941,7247.167361
4.24E-02,4.16E-03,1.02E-02,-3770.01396,-3622.16044,10.20,4.16,7392.17,423497.39,-423497.389,,,
4.44E-02,4.17E-03,1.07E-02,-3948.02849,-3793.19352,10.69,4.17,7741.22,443494.31,-443494.313,,,
4.64E-02,4.18E-03,1.12E-02,-4126.04302,-3964.2266,11.19,4.18,8090.27,463491.24,-463491.237,,,
4.84E-02,4.18E-03,1.17E-02,-4304.05755,-4135.25968,11.68,4.18,8439.32,483488.16,-483488.161,,,
5.04E-02,4.19E-03,1.22E-02,-4482.07207,-4306.29276,12.17,4.19,8788.36,503485.09,-503485.085,,,
5.24E-02,4.20E-03,1.27E-02,-4660.0866,-4477.32583,12.67,4.20,9137.41,523482.01,-523482.009,,,
5.44E-02,4.20E-03,1.32E-02,-4838.10112,-4648.35891,13.16,4.20,9486.46,543478.93,-543478.932,,,
5.64E-02,4.21E-03,1.37E-02,-5016.11564,-4819.39198,13.66,4.21,9835.51,563475.86,-563475.856,,,
5.84E-02,4.21E-03,1.42E-02,-5194.13016,-4990.42506,14.15,4.21,10184.56,583472.78,-583472.779,,,
6.04E-02,4.22E-03,1.47E-02,-5372.14468,-5161.45813,14.65,4.22,10533.60,603469.70,-603469.702,,,
6.24E-02,4.23E-03,1.51E-02,-5550.1592,-5332.4912,15.15,4.23,10882.65,623466.63,-623466.625,,,
6.44E-02,4.23E-03,1.56E-02,-5728.17372,-5503.52427,15.65,4.23,11231.70,643463.55,-643463.548,,,
6.64E-02,4.24E-03,1.61E-02,-5906.18823,-5674.55734,16.15,4.24,11580.75,663460.47,-663460.471,,,
6.84E-02,4.24E-03,1.66E-02,-6084.20275,-5845.59041,16.65,4.24,11929.79,683457.39,-683457.394,,,
7.04E-02,4.25E-03,1.71E-02,-6262.21726,-6016.62348,17.15,4.25,12278.84,703454.32,-703454.316,,,
7.24E-02,4.25E-03,1.76E-02,-6440.23177,-6187.65654,17.65,4.25,12627.89,723451.24,-723451.238,,,
7.44E-02,4.26E-03,1.82E-02,-6618.24628,-6358.68961,18.15,4.26,12976.94,743448.16,-743448.161,,,
7.64E-02,4.26E-03,1.87E-02,-6796.26079,-6529.72267,18.65,4.26,13325.98,763445.08,-763445.083,,,
7.84E-02,4.27E-03,1.92E-02,-6974.2753,-6700.75574,19.16,4.27,13675.03,783442.01,-783442.005,,,
8.04E-02,4.27E-03,1.97E-02,-7152.28981,-6871.7888,19.66,4.27,14024.08,803438.93,-803438.927,,,
8.24E-02,4.28E-03,2.02E-02,-7330.30431,-7042.82186,20.17,4.28,14373.13,823435.85,-823435.848,,,
8.44E-02,4.28E-03,2.07E-02,-7508.31882,-7213.85492,20.67,4.28,14722.17,843432.77,-843432.77,,,
8.64E-02,4.28E-03,2.12E-02,-7686.33332,-7384.88798,21.18,4.28,15071.22,863429.69,-863429.692,,,
8.84E-02,4.29E-03,2.17E-02,-7864.34782,-7555.92104,21.69,4.29,15420.27,883426.61,-883426.613,,,
9.04E-02,4.29E-03,2.22E-02,-8042.36232,-7726.95409,22.20,4.29,15769.32,903423.53,-903423.534,,,
9.24E-02,4.30E-03,2.27E-02,-8220.37682,-7897.98715,22.71,4.30,16118.36,923420.46,-923420.455,,,
9.44E-02,4.30E-03,2.32E-02,-8398.39131,-8069.0202,23.21,4.30,16467.41,943417.38,-943417.376,,,
9.64E-02,4.30E-03,2.37E-02,-8576.40581,-8240.05326,23.73,4.30,16816.46,963414.30,-963414.297,,,
9.84E-02,4.31E-03,2.42E-02,-8754.4203,-8411.08631,24.24,4.31,17165.51,983411.22,-983411.217,,,
0.10035625,4.31E-03,2.47E-02,-8932.4348,-8582.11936,24.75,4.31,17514.55,1003408.14,-1003408.14,,,
0.10235625,4.32E-03,2.53E-02,-9110.44929,-8753.15241,25.26,4.32,17863.60,1023405.06,-1023405.06,,,
0.10435625,4.32E-03,2.58E-02,-9288.46378,-8924.18546,25.78,4.32,18212.65,1043401.98,-1043401.98,,,
0.10635625,4.32E-03,2.63E-02,-9466.47826,-9095.21851,26.29,4.32,18561.70,1063398.90,-1063398.9,,,
0.10835625,4.33E-03,2.68E-02,-9644.49275,-9266.25156,26.81,4.33,18910.74,1083395.82,-1083395.82,,,
0.11035625,4.33E-03,2.73E-02,-9822.50724,-9437.28461,27.32,4.33,19259.79,1103392.74,-1103392.74,,,
0.11235625,4.34E-03,2.78E-02,-10000.5217,-9608.31765,27.84,4.34,19608.84,1123389.66,-1123389.66,,,
0.11435625,4.34E-03,2.84E-02,-10178.5362,-9779.3507,28.36,4.34,19957.89,1143386.58,-1143386.58,,,
0.11635625,4.34E-03,2.89E-02,-10356.5507,-9950.38374,28.87,4.34,20306.93,1163383.50,-1163383.5,,,
0.11835625,4.35E-03,2.94E-02,-10534.5652,-10121.4168,29.39,4.35,20655.98,1183380.42,-1183380.42,,,
0.12035625,4.35E-03,2.99E-02,-10712.5796,-10292.4498,29.91,4.35,21005.03,1203377.33,-1203377.33,,,
0.12235625,4.35E-03,3.04E-02,-10890.5941,-10463.4829,30.43,4.35,21354.08,1223374.25,-1223374.25,,,
0.12435625,4.36E-03,3.10E-02,-11068.6086,-10634.5159,30.96,4.36,21703.12,1243371.17,-1243371.17,,,
0.12635625,4.36E-03,3.15E-02,-11246.6231,-10805.5489,31.48,4.36,22052.17,1263368.09,-1263368.09,,,
0.12835625,4.36E-03,3.20E-02,-11424.6375,-10976.582,32.00,4.36,22401.22,1283365.01,-1283365.01,,,
0.13035625,4.37E-03,3.25E-02,-11602.652,-11147.615,32.53,4.37,22750.27,1303361.93,-1303361.93,,,
0.13235625,4.37E-03,3.31E-02,-11780.6665,-11318.648,33.05,4.37,23099.31,1323358.84,-1323358.84,,,
0.13435625,4.37E-03,3.36E-02,-11958.6809,-11489.6811,33.58,4.37,23448.36,1343355.76,-1343355.76,,,
0.13635625,4.38E-03,3.41E-02,-12136.6954,-11660.7141,34.10,4.38,23797.41,1363352.68,-1363352.68,,,
0.13835625,4.38E-03,3.46E-02,-12314.7099,-11831.7471,34.63,4.38,24146.46,1383349.60,-1383349.6,,,
0.14035625,4.38E-03,3.52E-02,-12492.7243,-12002.7802,35.16,4.38,24495.50,1403346.52,-1403346.52,,,
0.14235625,4.39E-03,3.57E-02,-12670.7388,-12173.8132,35.69,4.39,24844.55,1423343.43,-1423343.43,,,
0.14435625,4.39E-03,3.62E-02,-12848.7532,-12344.8462,36.22,4.39,25193.60,1443340.35,-1443340.35,,,
0.14635625,4.39E-03,3.67E-02,-13026.7677,-12515.8793,36.75,4.39,25542.65,1463337.27,-1463337.27,,,
0.14835625,4.40E-03,3.73E-02,-13204.7821,-12686.9123,37.28,4.40,25891.69,1483334.18,-1483334.18,,,
0.15035625,4.40E-03,3.78E-02,-13382.7966,-12857.9453,37.81,4.40,26240.74,1503331.10,-1503331.1,,,
0.15235625,4.40E-03,3.83E-02,-13560.8111,-13028.9783,38.34,4.40,26589.79,1523328.02,-1523328.02,,,
0.15435625,4.41E-03,3.89E-02,-13738.8255,-13200.0114,38.88,4.41,26938.84,1543324.93,-1543324.93,,,
0.15635625,4.41E-03,3.94E-02,-13916.8399,-13371.0444,39.41,4.41,27287.88,1563321.85,-1563321.85,,,
0.15835625,4.41E-03,3.99E-02,-14094.8544,-13542.0774,39.95,4.41,27636.93,1583318.77,-1583318.77,,,
0.16035625,4.42E-03,4.05E-02,-14272.8688,-13713.1104,40.48,4.42,27985.98,1603315.68,-1603315.68,,,
0.16235625,4.42E-03,4.10E-02,-14450.8833,-13884.1434,41.02,4.42,28335.03,1623312.60,-1623312.6,,,
0.16435625,4.42E-03,4.16E-02,-14628.8977,-14055.1765,41.56,4.42,28684.07,1643309.51,-1643309.51,,,
0.16635625,4.43E-03,4.21E-02,-14806.9122,-14226.2095,42.10,4.43,29033.12,1663306.43,-1663306.43,,,
0.16835625,4.43E-03,4.26E-02,-14984.9266,-14397.2425,42.64,4.43,29382.17,1683303.34,-1683303.34,,,
0.17035625,4.43E-03,4.32E-02,-15162.941,-14568.2755,43.18,4.43,29731.22,1703300.26,-1703300.26,,,
0.17235625,4.44E-03,4.37E-02,-15340.9555,-14739.3085,43.72,4.44,30080.26,1723297.17,-1723297.17,,,
0.17435625,4.44E-03,4.43E-02,-15518.9699,-14910.3415,44.26,4.44,30429.31,1743294.09,-1743294.09,,,
0.17635625,4.44E-03,4.48E-02,-15696.9843,-15081.3745,44.81,4.44,30778.36,1763291.00,-1763291,,,
0.17835625,4.45E-03,4.53E-02,-15874.9987,-15252.4075,45.35,4.45,31127.41,1783287.92,-1783287.92,,,
0.18035625,4.45E-03,4.59E-02,-16053.0132,-15423.4405,45.89,4.45,31476.45,1803284.83,-1803284.83,,,
0.18235625,4.45E-03,4.64E-02,-16231.0276,-15594.4735,46.44,4.45,31825.50,1823281.74,-1823281.74,,,
0.18435625,4.45E-03,4.70E-02,-16409.042,-15765.5065,46.99,4.45,32174.55,1843278.66,-1843278.66,,,
0.18635625,4.46E-03,4.75E-02,-16587.0564,-15936.5396,47.53,4.46,32523.60,1863275.57,-1863275.57,,,
0.18835625,4.46E-03,4.81E-02,-16765.0709,-16107.5726,48.08,4.46,32872.64,1883272.48,-1883272.48,,,
0.19035625,4.46E-03,4.86E-02,-16943.0853,-16278.6056,48.63,4.46,33221.69,1903269.40,-1903269.4,,,
0.19235625,4.47E-03,4.92E-02,-17121.0997,-16449.6386,49.18,4.47,33570.74,1923266.31,-1923266.31,,,
0.19435625,4.47E-03,4.97E-02,-17299.1141,-16620.6716,49.73,4.47,33919.79,1943263.22,-1943263.22,,,
0.19635625,4.47E-03,5.03E-02,-17477.1285,-16791.7045,50.29,4.47,34268.83,1963260.13,-1963260.13,,,
0.19835625,4.48E-03,5.08E-02,-17655.1429,-16962.7375,50.84,4.48,34617.88,1983257.05,-1983257.05,,,
0.20035625,4.48E-03,5.14E-02,-17833.1573,-17133.7705,51.39,4.48,34966.93,2003253.96,-2003253.96,,,
0.20235625,4.48E-03,5.19E-02,-18011.1717,-17304.8035,51.95,4.48,35315.98,2023250.87,-2023250.87,,,
0.20435625,4.48E-03,5.25E-02,-18189.1861,-17475.8365,52.50,4.48,35665.02,2043247.78,-2043247.78,,,
0.20635625,4.49E-03,5.31E-02,-18367.2005,-17646.8695,53.06,4.49,36014.07,2063244.70,-2063244.7,,,
0.20835625,4.49E-03,5.36E-02,-18545.2149,-17817.9025,53.62,4.49,36363.12,2083241.61,-2083241.61,,,
0.21035625,4.49E-03,5.42E-02,-18723.2293,-17988.9355,54.17,4.49,36712.16,2103238.52,-2103238.52,,,
0.21235625,4.50E-03,5.47E-02,-18901.2437,-18159.9685,54.73,4.50,37061.21,2123235.43,-2123235.43,,,
0.21435625,4.50E-03,5.53E-02,-19079.2581,-18331.0015,55.29,4.50,37410.26,2143232.34,-2143232.34,,,
0.21635625,4.50E-03,5.59E-02,-19257.2725,-18502.0344,55.85,4.50,37759.31,2163229.25,-2163229.25,,,
0.21835625,4.51E-03,5.64E-02,-19435.2869,-18673.0674,56.42,4.51,38108.35,2183226.16,-2183226.16,,,
0.22035625,4.51E-03,5.70E-02,-19613.3013,-18844.1004,56.98,4.51,38457.40,2203223.07,-2203223.07,,,
0.22235625,4.51E-03,5.75E-02,-19791.3157,-19015.1334,57.54,4.51,38806.45,2223219.98,-2223219.98,,,
0.22435625,4.51E-03,5.81E-02,-19969.33,-19186.1664,58.11,4.51,39155.50,2243216.89,-2243216.89,,,
0.22635625,4.52E-03,5.87E-02,-20147.3444,-19357.1993,58.67,4.52,39504.54,2263213.80,-2263213.8,,,
0.22835625,4.52E-03,5.92E-02,-20325.3588,-19528.2323,59.24,4.52,39853.59,2283210.71,-2283210.71,,,
0.23035625,4.52E-03,5.98E-02,-20503.3732,-19699.2653,59.81,4.52,40202.64,2303207.62,-2303207.62,,,
0.23235625,4.53E-03,6.04E-02,-20681.3875,-19870.2983,60.37,4.53,40551.69,2323204.53,-2323204.53,,,
0.23435625,4.53E-03,6.09E-02,-20859.4019,-20041.3312,60.94,4.53,40900.73,2343201.44,-2343201.44,,,
0.23635625,4.53E-03,6.15E-02,-21037.4163,-20212.3642,61.51,4.53,41249.78,2363198.35,-2363198.35,,,
0.23835625,4.54E-03,6.21E-02,-21215.4307,-20383.3972,62.08,4.54,41598.83,2383195.25,-2383195.25,,,
0.24035625,4.54E-03,6.27E-02,-21393.445,-20554.4301,62.66,4.54,41947.88,2403192.16,-2403192.16,,,
0.24235625,4.54E-03,6.32E-02,-21571.4594,-20725.4631,63.23,4.54,42296.92,2423189.07,-2423189.07,,,
0.24435625,4.54E-03,6.38E-02,-21749.4737,-20896.4961,63.80,4.54,42645.97,2443185.98,-2443185.98,,,
0.24635625,4.55E-03,6.44E-02,-21927.4881,-21067.529,64.38,4.55,42995.02,2463182.89,-2463182.89,,,
0.24835625,4.55E-03,6.50E-02,-22105.5025,-21238.562,64.95,4.55,43344.06,2483179.79,-2483179.79,,,
0.25035625,4.55E-03,6.55E-02,-22283.5168,-21409.5949,65.53,4.55,43693.11,2503176.70,-2503176.7,,,
0.25235625,4.56E-03,6.61E-02,-22461.5312,-21580.6279,66.11,4.56,44042.16,2523173.61,-2523173.61,,,
0.25435625,4.56E-03,6.67E-02,-22639.5455,-21751.6609,66.69,4.56,44391.21,2543170.51,-2543170.51,,,
0.25635625,4.56E-03,6.73E-02,-22817.5599,-21922.6938,67.27,4.56,44740.25,2563167.42,-2563167.42,,,
0.25835625,4.57E-03,6.78E-02,-22995.5742,-22093.7268,67.85,4.57,45089.30,2583164.33,-2583164.33,,,
0.26035625,4.57E-03,6.84E-02,-23173.5885,-22264.7597,68.43,4.57,45438.35,2603161.23,-2603161.23,,,
0.26235625,4.57E-03,6.90E-02,-23351.6029,-22435.7927,69.01,4.57,45787.40,2623158.14,-2623158.14,,,
0.26435625,4.57E-03,6.96E-02,-23529.6172,-22606.8256,69.60,4.57,46136.44,2643155.04,-2643155.04,,,
0.26635625,4.58E-03,7.02E-02,-23707.6315,-22777.8586,70.18,4.58,46485.49,2663151.95,-2663151.95,,,
0.26835625,4.58E-03,7.08E-02,-23885.6459,-22948.8915,70.77,4.58,46834.54,2683148.85,-2683148.85,,,
0.27035625,4.58E-03,7.14E-02,-24063.6602,-23119.9244,71.35,4.58,47183.58,2703145.76,-2703145.76,,,
0.27235625,4.59E-03,7.19E-02,-24241.6745,-23290.9574,71.94,4.59,47532.63,2723142.66,-2723142.66,,,
0.27435625,4.59E-03,7.25E-02,-24419.6889,-23461.9903,72.53,4.59,47881.68,2743139.57,-2743139.57,,,
0.27635625,4.59E-03,7.31E-02,-24597.7032,-23633.0233,73.12,4.59,48230.73,2763136.47,-2763136.47,,,
0.27835625,4.59E-03,7.37E-02,-24775.7175,-23804.0562,73.71,4.59,48579.77,2783133.38,-2783133.38,,,
0.28035625,4.60E-03,7.43E-02,-24953.7318,-23975.0891,74.30,4.60,48928.82,2803130.28,-2803130.28,,,
0.28235625,4.60E-03,7.49E-02,-25131.7461,-24146.1221,74.89,4.60,49277.87,2823127.18,-2823127.18,,,
0.28435625,4.60E-03,7.55E-02,-25309.7604,-24317.155,75.49,4.60,49626.92,2843124.09,-2843124.09,,,
0.28635625,4.61E-03,7.61E-02,-25487.7748,-24488.1879,76.08,4.61,49975.96,2863120.99,-2863120.99,,,
0.28835625,4.61E-03,7.67E-02,-25665.7891,-24659.2209,76.68,4.61,50325.01,2883117.89,-2883117.89,,,
0.29035625,4.61E-03,7.73E-02,-25843.8034,-24830.2538,77.27,4.61,50674.06,2903114.80,-2903114.8,,,
0.29235625,4.62E-03,7.79E-02,-26021.8177,-25001.2867,77.87,4.62,51023.10,2923111.70,-2923111.7,,,
0.29435625,4.62E-03,7.85E-02,-26199.832,-25172.3196,78.47,4.62,51372.15,2943108.60,-2943108.6,,,
0.29635625,4.62E-03,7.91E-02,-26377.8463,-25343.3526,79.07,4.62,51721.20,2963105.50,-2963105.5,,,
0.29835625,4.62E-03,7.97E-02,-26555.8606,-25514.3855,79.67,4.62,52070.25,2983102.40,-2983102.4,,,
0.30035625,4.63E-03,8.03E-02,-26733.8749,-25685.4184,80.27,4.63,52419.29,3003099.31,-3003099.31,,,
0.30235625,4.63E-03,8.09E-02,-26911.8891,-25856.4513,80.87,4.63,52768.34,3023096.21,-3023096.21,,,
0.30435625,4.63E-03,8.15E-02,-27089.9034,-26027.4842,81.48,4.63,53117.39,3043093.11,-3043093.11,,,
0.30635625,4.64E-03,8.21E-02,-27267.9177,-26198.5171,82.08,4.64,53466.43,3063090.01,-3063090.01,,,
0.30835625,4.64E-03,8.27E-02,-27445.932,-26369.55,82.69,4.64,53815.48,3083086.91,-3083086.91,,,
0.31035625,4.64E-03,8.33E-02,-27623.9463,-26540.583,83.29,4.64,54164.53,3103083.81,-3103083.81,,,
0.31235625,4.65E-03,8.39E-02,-27801.9606,-26711.6159,83.90,4.65,54513.58,3123080.71,-3123080.71,,,
0.31435625,4.65E-03,8.45E-02,-27979.9748,-26882.6488,84.51,4.65,54862.62,3143077.61,-3143077.61,,,
0.31635625,4.65E-03,8.51E-02,-28157.9891,-27053.6817,85.12,4.65,55211.67,3163074.51,-3163074.51,,,
0.31835625,4.65E-03,8.57E-02,-28336.0034,-27224.7146,85.73,4.65,55560.72,3183071.41,-3183071.41,,,
0.32035625,4.66E-03,8.63E-02,-28514.0176,-27395.7475,86.34,4.66,55909.77,3203068.30,-3203068.3,,,
0.32235625,4.66E-03,8.70E-02,-28692.0319,-27566.7804,86.96,4.66,56258.81,3223065.20,-3223065.2,,,
0.32435625,4.66E-03,8.76E-02,-28870.0462,-27737.8133,87.57,4.66,56607.86,3243062.10,-3243062.1,,,
0.32635625,4.67E-03,8.82E-02,-29048.0604,-27908.8462,88.19,4.67,56956.91,3263059.00,-3263059,,,
0.32835625,4.67E-03,8.88E-02,-29226.0747,-28079.8791,88.80,4.67,57305.95,3283055.90,-3283055.9,,,
0.33035625,4.67E-03,8.94E-02,-29404.0889,-28250.9119,89.42,4.67,57655.00,3303052.79,-3303052.79,,,
0.33235625,4.68E-03,9.00E-02,-29582.1032,-28421.9448,90.04,4.68,58004.05,3323049.69,-3323049.69,,,
0.33435625,4.68E-03,9.07E-02,-29760.1174,-28592.9777,90.66,4.68,58353.10,3343046.59,-3343046.59,,,
0.33635625,4.68E-03,9.13E-02,-29938.1316,-28764.0106,91.28,4.68,58702.14,3363043.48,-3363043.48,,,
0.33835625,4.68E-03,9.19E-02,-30116.1459,-28935.0435,91.90,4.68,59051.19,3383040.38,-3383040.38,,,
0.34035625,4.69E-03,9.25E-02,-30294.1601,-29106.0764,92.52,4.69,59400.24,3403037.28,-3403037.28,,,
0.34235625,4.69E-03,9.31E-02,-30472.1744,-29277.1092,93.15,4.69,59749.28,3423034.17,-3423034.17,,,
0.34435625,4.69E-03,9.38E-02,-30650.1886,-29448.1421,93.77,4.69,60098.33,3443031.07,-3443031.07,,,
0.34635625,4.70E-03,9.44E-02,-30828.2028,-29619.175,94.40,4.70,60447.38,3463027.96,-3463027.96,,,
0.34835625,4.70E-03,9.50E-02,-31006.217,-29790.2079,95.03,4.70,60796.42,3483024.86,-3483024.86,,,
0.35035625,4.70E-03,9.57E-02,-31184.2313,-29961.2407,95.66,4.70,61145.47,3503021.75,-3503021.75,,,
0.35235625,4.71E-03,9.63E-02,-31362.2455,-30132.2736,96.29,4.71,61494.52,3523018.65,-3523018.65,,,
0.35435625,4.71E-03,9.69E-02,-31540.2597,-30303.3065,96.92,4.71,61843.57,3543015.54,-3543015.54,,,
0.35635625,4.71E-03,9.75E-02,-31718.2739,-30474.3393,97.55,4.71,62192.61,3563012.43,-3563012.43,,,
0.35835625,4.71E-03,9.82E-02,-31896.2881,-30645.3722,98.18,4.71,62541.66,3583009.33,-3583009.33,,,
0.36035625,4.72E-03,9.88E-02,-32074.3023,-30816.4051,98.82,4.72,62890.71,3603006.22,-3603006.22,,,
0.36235625,4.72E-03,9.95E-02,-32252.3165,-30987.4379,99.45,4.72,63239.75,3623003.11,-3623003.11,,,
0.36435625,4.72E-03,0.100087263,-32430.3307,-31158.4708,100.09,4.72,63588.80,3643000.00,-3643000,,,
0.36635625,4.73E-03,0.100724857,-32608.3449,-31329.5036,100.72,4.73,63937.85,3662996.90,-3662996.9,,,
0.36835625,4.73E-03,0.101363601,-32786.3591,-31500.5365,101.36,4.73,64286.90,3682993.79,-3682993.79,,,
0.37035625,4.73E-03,0.102003497,-32964.3733,-31671.5693,102.00,4.73,64635.94,3702990.68,-3702990.68,,,
0.37235625,4.74E-03,0.10264455,-33142.3875,-31842.6022,102.64,4.74,64984.99,3722987.57,-3722987.57,,,
0.37435625,4.74E-03,0.103286764,-33320.4017,-32013.635,103.29,4.74,65334.04,3742984.46,-3742984.46,,,
0.37635625,4.74E-03,0.103930143,-33498.4159,-32184.6679,103.93,4.74,65683.08,3762981.35,-3762981.35,,,
0.37835625,4.74E-03,0.104574689,-33676.43,-32355.7007,104.57,4.74,66032.13,3782978.24,-3782978.24,,,
0.38035625,4.75E-03,0.105220408,-33854.4442,-32526.7335,105.22,4.75,66381.18,3802975.13,-3802975.13,,,
0.38235625,4.75E-03,0.105867302,-34032.4584,-32697.7664,105.87,4.75,66730.22,3822972.02,-3822972.02,,,
0.38435625,4.75E-03,0.106515376,-34210.4725,-32868.7992,106.52,4.75,67079.27,3842968.91,-3842968.91,,,
0.38635625,4.76E-03,0.107164634,-34388.4867,-33039.832,107.16,4.76,67428.32,3862965.80,-3862965.8,,,
0.38835625,4.76E-03,0.10781508,-34566.5009,-33210.8649,107.82,4.76,67777.37,3882962.69,-3882962.69,,,
0.39035625,4.76E-03,0.108466717,-34744.515,-33381.8977,108.47,4.76,68126.41,3902959.58,-3902959.58,,,
0.39235625,4.77E-03,0.109119549,-34922.5292,-33552.9305,109.12,4.77,68475.46,3922956.47,-3922956.47,,,
0.39435625,4.77E-03,0.109773581,-35100.5433,-33723.9633,109.77,4.77,68824.51,3942953.35,-3942953.35,,,
0.39635625,4.77E-03,0.110428816,-35278.5575,-33894.9961,110.43,4.77,69173.55,3962950.24,-3962950.24,,,
0.39835625,4.78E-03,0.111085258,-35456.5716,-34066.029,111.09,4.78,69522.60,3982947.13,-3982947.13,,,
0.40035625,4.78E-03,0.111742912,-35634.5858,-34237.0618,111.74,4.78,69871.65,4002944.01,-4002944.01,,,
0.40235625,4.78E-03,0.112401782,-35812.5999,-34408.0946,112.40,4.78,70220.69,4022940.90,-4022940.9,,,
0.40435625,4.78E-03,0.113061871,-35990.614,-34579.1274,113.06,4.78,70569.74,4042937.79,-4042937.79,,,
0.40635625,4.79E-03,0.113723184,-36168.6281,-34750.1602,113.72,4.79,70918.79,4062934.67,-4062934.67,,,
0.40835625,4.79E-03,0.114385724,-36346.6423,-34921.193,114.39,4.79,71267.84,4082931.56,-4082931.56,,,
0.41035625,4.79E-03,0.115049496,-36524.6564,-35092.2258,115.05,4.79,71616.88,4102928.44,-4102928.44,,,
0.41235625,4.80E-03,0.115714505,-36702.6705,-35263.2586,115.71,4.80,71965.93,4122925.33,-4122925.33,,,
0.41435625,4.80E-03,0.116380753,-36880.6846,-35434.2914,116.38,4.80,72314.98,4142922.21,-4142922.21,,,
0.41635625,4.80E-03,0.117048246,-37058.6987,-35605.3242,117.05,4.80,72664.02,4162919.09,-4162919.09,,,
0.41835625,4.81E-03,0.117716988,-37236.7128,-35776.357,117.72,4.81,73013.07,4182915.98,-4182915.98,,,
0.42035625,4.81E-03,0.118386982,-37414.7269,-35947.3898,118.39,4.81,73362.12,4202912.86,-4202912.86,,,
0.42235625,4.81E-03,0.119058234,-37592.741,-36118.4226,119.06,4.81,73711.16,4222909.74,-4222909.74,,,
0.42435625,4.82E-03,0.119730746,-37770.7551,-36289.4553,119.73,4.82,74060.21,4242906.63,-4242906.63,,,
0.42635625,4.82E-03,0.120404525,-37948.7692,-36460.4881,120.40,4.82,74409.26,4262903.51,-4262903.51,,,
0.42835625,4.82E-03,0.121079573,-38126.7833,-36631.5209,121.08,4.82,74758.30,4282900.39,-4282900.39,,,
0.43035625,4.83E-03,0.121755896,-38304.7974,-36802.5537,121.76,4.83,75107.35,4302897.27,-4302897.27,,,
0.43235625,4.83E-03,0.122433497,-38482.8115,-36973.5864,122.43,4.83,75456.40,4322894.15,-4322894.15,,,
0.43435625,4.83E-03,0.123112382,-38660.8256,-37144.6192,123.11,4.83,75805.44,4342891.03,-4342891.03,,,
0.43635625,4.83E-03,0.123792554,-38838.8396,-37315.652,123.79,4.83,76154.49,4362887.91,-4362887.91,,,
0.43835625,4.84E-03,0.124474018,-39016.8537,-37486.6847,124.47,4.84,76503.54,4382884.79,-4382884.79,,,
0.44035625,4.84E-03,0.125156778,-39194.8678,-37657.7175,125.16,4.84,76852.59,4402881.67,-4402881.67,,,
0.44235625,4.84E-03,0.125840839,-39372.8818,-37828.7503,125.84,4.84,77201.63,4422878.55,-4422878.55,,,
0.44435625,4.85E-03,0.126526205,-39550.8959,-37999.783,126.53,4.85,77550.68,4442875.43,-4442875.43,,,
0.44635625,4.85E-03,0.127212881,-39728.9099,-38170.8158,127.21,4.85,77899.73,4462872.31,-4462872.31,,,
0.44835625,4.85E-03,0.127900872,-39906.924,-38341.8485,127.90,4.85,78248.77,4482869.18,-4482869.18,,,
0.45035625,4.86E-03,0.128590181,-40084.938,-38512.8813,128.59,4.86,78597.82,4502866.06,-4502866.06,,,
0.45235625,4.86E-03,0.129280814,-40262.9521,-38683.914,129.28,4.86,78946.87,4522862.94,-4522862.94,,,
0.45435625,4.86E-03,0.129972775,-40440.9661,-38854.9467,129.97,4.86,79295.91,4542859.81,-4542859.81,,,
0.45635625,4.87E-03,0.130666069,-40618.9801,-39025.9795,130.67,4.87,79644.96,4562856.69,-4562856.69,,,
0.45835625,4.87E-03,0.1313607,-40796.9942,-39197.0122,131.36,4.87,79994.01,4582853.57,-4582853.57,,,
0.46035625,4.87E-03,0.132056674,-40975.0082,-39368.045,132.06,4.87,80343.05,4602850.44,-4602850.44,,,
0.46235625,4.88E-03,0.132753994,-41153.0222,-39539.0777,132.75,4.88,80692.10,4622847.32,-4622847.32,,,
0.46435625,4.88E-03,0.133452666,-41331.0362,-39710.1104,133.45,4.88,81041.15,4642844.19,-4642844.19,,,
0.46635625,4.88E-03,0.134152695,-41509.0502,-39881.1431,134.15,4.88,81390.19,4662841.06,-4662841.06,,,
0.46835625,4.89E-03,0.134854084,-41687.0642,-40052.1758,134.85,4.89,81739.24,4682837.94,-4682837.94,,,
0.47035625,4.89E-03,0.135556839,-41865.0782,-40223.2086,135.56,4.89,82088.29,4702834.81,-4702834.81,,,
0.47235625,4.89E-03,0.136260965,-42043.0922,-40394.2413,136.26,4.89,82437.33,4722831.68,-4722831.68,,,
0.47435625,4.90E-03,0.136966467,-42221.1062,-40565.274,136.97,4.90,82786.38,4742828.55,-4742828.55,,,
0.47635625,4.90E-03,0.137673349,-42399.1202,-40736.3067,137.67,4.90,83135.43,4762825.43,-4762825.43,,,
0.47835625,4.90E-03,0.138381617,-42577.1342,-40907.3394,138.38,4.90,83484.47,4782822.30,-4782822.3,,,
0.48035625,4.91E-03,0.139091275,-42755.1482,-41078.3721,139.09,4.91,83833.52,4802819.17,-4802819.17,,,
0.48235625,4.91E-03,0.139802328,-42933.1621,-41249.4048,139.80,4.91,84182.57,4822816.04,-4822816.04,,,
0.48435625,4.91E-03,0.140514782,-43111.1761,-41420.4375,140.51,4.91,84531.61,4842812.91,-4842812.91,,,
0.48635625,4.92E-03,0.141228641,-43289.1901,-41591.4702,141.23,4.92,84880.66,4862809.78,-4862809.78,,,
0.48835625,4.92E-03,0.141943911,-43467.204,-41762.5029,141.94,4.92,85229.71,4882806.65,-4882806.65,,,
0.49035625,4.92E-03,0.142660595,-43645.218,-41933.5355,142.66,4.92,85578.75,4902803.52,-4902803.52,,,
0.49235625,4.93E-03,0.143378701,-43823.2319,-42104.5682,143.38,4.93,85927.80,4922800.38,-4922800.38,,,
0.49435625,4.93E-03,0.144098232,-44001.2459,-42275.6009,144.10,4.93,86276.85,4942797.25,-4942797.25,,,
0.49635625,4.93E-03,0.144819194,-44179.2598,-42446.6336,144.82,4.93,86625.89,4962794.12,-4962794.12,,,
0.49835625,4.94E-03,0.145541591,-44357.2738,-42617.6662,145.54,4.94,86974.94,4982790.99,-4982790.99,,,
0.50035625,4.94E-03,0.14626543,-44535.2877,-42788.6989,146.27,4.94,87323.99,5002787.85,-5002787.85,,,
0.50235625,4.94E-03,0.146990716,-44713.3016,-42959.7316,146.99,4.94,87673.03,5022784.72,-5022784.72,,,
0.50435625,4.95E-03,0.147717453,-44891.3156,-43130.7642,147.72,4.95,88022.08,5042781.58,-5042781.58,,,
0.50635625,4.95E-03,0.148445647,-45069.3295,-43301.7969,148.45,4.95,88371.13,5062778.45,-5062778.45,,,
0.50835625,4.95E-03,0.149175304,-45247.3434,-43472.8295,149.18,4.95,88720.17,5082775.31,-5082775.31,,,
0.51035625,4.96E-03,0.149906428,-45425.3573,-43643.8622,149.91,4.96,89069.22,5102772.18,-5102772.18,,,
0.51235625,4.96E-03,0.150639025,-45603.3712,-43814.8948,150.64,4.96,89418.27,5122769.04,-5122769.04,,,
0.51435625,4.96E-03,0.1513731,-45781.3851,-43985.9275,151.37,4.96,89767.31,5142765.90,-5142765.9,,,
0.51635625,4.97E-03,0.15210866,-45959.399,-44156.9601,152.11,4.97,90116.36,5162762.76,-5162762.76,,,
0.51835625,4.97E-03,0.152845709,-46137.4129,-44327.9927,152.85,4.97,90465.41,5182759.63,-5182759.63,,,
0.52035625,4.97E-03,0.153584252,-46315.4267,-44499.0254,153.58,4.97,90814.45,5202756.49,-5202756.49,,,
0.52235625,4.98E-03,0.154324296,-46493.4406,-44670.058,154.32,4.98,91163.50,5222753.35,-5222753.35,,,
0.52435625,4.98E-03,0.155065846,-46671.4545,-44841.0906,155.07,4.98,91512.55,5242750.21,-5242750.21,,,
0.52635625,4.98E-03,0.155808908,-46849.4684,-45012.1232,155.81,4.98,91861.59,5262747.07,-5262747.07,,,
0.52835625,4.99E-03,0.156553486,-47027.4822,-45183.1559,156.55,4.99,92210.64,5282743.93,-5282743.93,,,
0.53035625,4.99E-03,0.157299588,-47205.4961,-45354.1885,157.30,4.99,92559.68,5302740.79,-5302740.79,,,
0.53235625,4.99E-03,0.158047217,-47383.5099,-45525.2211,158.05,4.99,92908.73,5322737.64,-5322737.64,,,
0.53435625,5.00E-03,0.158796381,-47561.5238,-45696.2537,158.80,5.00,93257.78,5342734.50,-5342734.5,,,
0.53635625,5.00E-03,0.159547085,-47739.5376,-45867.2863,159.55,5.00,93606.82,5362731.36,-5362731.36,,,
0.53835625,5.00E-03,0.160299335,-47917.5514,-46038.3189,160.30,5.00,93955.87,5382728.22,-5382728.22,,,
0.54035625,5.01E-03,0.161053136,-48095.5653,-46209.3515,161.05,5.01,94304.92,5402725.07,-5402725.07,,,
0.54235625,5.01E-03,0.161808494,-48273.5791,-46380.384,161.81,5.01,94653.96,5422721.93,-5422721.93,,,
0.54435625,5.01E-03,0.162565416,-48451.5929,-46551.4166,162.57,5.01,95003.01,5442718.78,-5442718.78,,,
0.54635625,5.02E-03,0.163323907,-48629.6067,-46722.4492,163.32,5.02,95352.06,5462715.64,-5462715.64,,,
0.54835625,5.02E-03,0.164083972,-48807.6205,-46893.4818,164.08,5.02,95701.10,5482712.49,-5482712.49,,,
0.55035625,5.02E-03,0.164845619,-48985.6343,-47064.5143,164.85,5.02,96050.15,5502709.34,-5502709.34,,,
0.55235625,5.03E-03,0.165608853,-49163.6481,-47235.5469,165.61,5.03,96399.20,5522706.19,-5522706.19,,,
0.55435625,5.03E-03,0.16637368,-49341.6619,-47406.5795,166.37,5.03,96748.24,5542703.05,-5542703.05,,,
0.55635625,5.03E-03,0.167140106,-49519.6757,-47577.612,167.14,5.03,97097.29,5562699.90,-5562699.9,,,
0.55835625,5.04E-03,0.167908137,-49697.6895,-47748.6446,167.91,5.04,97446.33,5582696.75,-5582696.75,,,
0.56035625,5.04E-03,0.16867778,-49875.7032,-47919.6771,168.68,5.04,97795.38,5602693.60,-5602693.6,,,
0.56235625,5.04E-03,0.16944904,-50053.717,-48090.7097,169.45,5.04,98144.43,5622690.45,-5622690.45,,,
0.56435625,5.05E-03,0.170221924,-50231.7307,-48261.7422,170.22,5.05,98493.47,5642687.30,-5642687.3,,,
0.56635625,5.05E-03,0.170996438,-50409.7445,-48432.7748,171.00,5.05,98842.52,5662684.15,-5662684.15,,,
0.56835625,5.06E-03,0.171772589,-50587.7582,-48603.8073,171.77,5.06,99191.57,5682680.99,-5682680.99,,,
0.57035625,5.06E-03,0.172550382,-50765.772,-48774.8398,172.55,5.06,99540.61,5702677.84,-5702677.84,,,
0.57235625,5.06E-03,0.173329824,-50943.7857,-48945.8723,173.33,5.06,99889.66,5722674.69,-5722674.69,,,
0.57435625,5.07E-03,0.174110921,-51121.7994,-49116.9048,174.11,5.07,100238.70,5742671.53,-5742671.53,,,
0.57635625,5.07E-03,0.17489368,-51299.8132,-49287.9374,174.89,5.07,100587.75,5762668.38,-5762668.38,,,
0.57835625,5.07E-03,0.175678108,-51477.8269,-49458.9699,175.68,5.07,100936.80,5782665.22,-5782665.22,,,
0.58035625,5.08E-03,0.17646421,-51655.8406,-49630.0024,176.46,5.08,101285.84,5802662.07,-5802662.07,,,
0.58235625,5.08E-03,0.177251994,-51833.8543,-49801.0349,177.25,5.08,101634.89,5822658.91,-5822658.91,,,
0.58435625,5.08E-03,0.178041465,-52011.868,-49972.0674,178.04,5.08,101983.94,5842655.75,-5842655.75,,,
0.58635625,5.09E-03,0.178832632,-52189.8817,-50143.0998,178.83,5.09,102332.98,5862652.60,-5862652.6,,,
0.58835625,5.09E-03,0.179625499,-52367.8953,-50314.1323,179.63,5.09,102682.03,5882649.44,-5882649.44,,,
0.59035625,5.09E-03,0.180420074,-52545.909,-50485.1648,180.42,5.09,103031.07,5902646.28,-5902646.28,,,
0.59235625,5.10E-03,0.181216364,-52723.9227,-50656.1973,181.22,5.10,103380.12,5922643.12,-5922643.12,,,
0.59435625,5.10E-03,0.182014375,-52901.9363,-50827.2297,182.01,5.10,103729.17,5942639.96,-5942639.96,,,
0.59635625,5.11E-03,0.182814114,-53079.95,-50998.2622,182.81,5.11,104078.21,5962636.80,-5962636.8,,,
0.59835625,5.11E-03,0.183615589,-53257.9636,-51169.2947,183.62,5.11,104427.26,5982633.63,-5982633.63,,,
0.60035625,5.11E-03,0.184418805,-53435.9773,-51340.3271,184.42,5.11,104776.30,6002630.47,-6002630.47,,,
0.60235625,5.12E-03,0.185223771,-53613.9909,-51511.3596,185.22,5.12,105125.35,6022627.31,-6022627.31,,,
0.60435625,5.12E-03,0.186030492,-53792.0045,-51682.392,186.03,5.12,105474.40,6042624.14,-6042624.14,,,
0.60635625,5.12E-03,0.186838976,-53970.0182,-51853.4244,186.84,5.12,105823.44,6062620.98,-6062620.98,,,
0.60835625,5.13E-03,0.18764923,-54148.0318,-52024.4569,187.65,5.13,106172.49,6082617.81,-6082617.81,,,
0.61035625,5.13E-03,0.188461261,-54326.0454,-52195.4893,188.46,5.13,106521.53,6102614.65,-6102614.65,,,
0.61235625,5.13E-03,0.189275077,-54504.059,-52366.5217,189.28,5.13,106870.58,6122611.48,-6122611.48,,,
0.61435625,5.14E-03,0.190090683,-54682.0726,-52537.5541,190.09,5.14,107219.63,6142608.31,-6142608.31,,,
0.61635625,5.14E-03,0.190908089,-54860.0862,-52708.5865,190.91,5.14,107568.67,6162605.14,-6162605.14,,,
0.61835625,5.15E-03,0.1917273,-55038.0997,-52879.6189,191.73,5.15,107917.72,6182601.97,-6182601.97,,,
0.62035625,5.15E-03,0.192548325,-55216.1133,-53050.6513,192.55,5.15,108266.76,6202598.80,-6202598.8,,,
0.62235625,5.15E-03,0.19337117,-55394.1269,-53221.6837,193.37,5.15,108615.81,6222595.63,-6222595.63,,,
0.62435625,5.16E-03,0.194195843,-55572.1404,-53392.7161,194.20,5.16,108964.86,6242592.46,-6242592.46,,,
0.62635625,5.16E-03,0.195022351,-55750.154,-53563.7485,195.02,5.16,109313.90,6262589.29,-6262589.29,,,
0.62835625,5.16E-03,0.195850703,-55928.1675,-53734.7809,195.85,5.16,109662.95,6282586.12,-6282586.12,,,
0.63035625,5.17E-03,0.196680905,-56106.181,-53905.8133,196.68,5.17,110011.99,6302582.94,-6302582.94,,,
0.63235625,5.17E-03,0.197512965,-56284.1946,-54076.8456,197.51,5.17,110361.04,6322579.77,-6322579.77,,,
0.63435625,5.18E-03,0.198346891,-56462.2081,-54247.878,198.35,5.18,110710.09,6342576.59,-6342576.59,,,
0.63635625,5.18E-03,0.19918269,-56640.2216,-54418.9103,199.18,5.18,111059.13,6362573.42,-6362573.42,,,
0.63835625,5.18E-03,0.20002037,-56818.2351,-54589.9427,200.02,5.18,111408.18,6382570.24,-6382570.24,,,
0.64035625,5.19E-03,0.200859939,-56996.2486,-54760.975,200.86,5.19,111757.22,6402567.06,-6402567.06,,,
0.64235625,5.19E-03,0.201701405,-57174.2621,-54932.0073,201.70,5.19,112106.27,6422563.88,-6422563.88,,,
0.64435625,5.19E-03,0.202544776,-57352.2755,-55103.0397,202.54,5.19,112455.32,6442560.71,-6442560.71,,,
0.64635625,5.20E-03,0.203390059,-57530.289,-55274.072,203.39,5.20,112804.36,6462557.53,-6462557.53,,,
0.64835625,5.20E-03,0.204237262,-57708.3025,-55445.1043,204.24,5.20,113153.41,6482554.34,-6482554.34,,,
0.65035625,5.21E-03,0.205086395,-57886.3159,-55616.1366,205.09,5.21,113502.45,6502551.16,-6502551.16,,,
0.65235625,5.21E-03,0.205937463,-58064.3293,-55787.1689,205.94,5.21,113851.50,6522547.98,-6522547.98,,,
0.65435625,5.21E-03,0.206790477,-58242.3428,-55958.2012,206.79,5.21,114200.54,6542544.80,-6542544.8,,,
0.65635625,5.22E-03,0.207645443,-58420.3562,-56129.2335,207.65,5.22,114549.59,6562541.61,-6562541.61,,,
0.65835625,5.22E-03,0.20850237,-58598.3696,-56300.2658,208.50,5.22,114898.64,6582538.43,-6582538.43,,,
0.66035625,5.22E-03,0.209361267,-58776.383,-56471.2981,209.36,5.22,115247.68,6602535.24,-6602535.24,,,
0.66235625,5.23E-03,0.210222141,-58954.3964,-56642.3303,210.22,5.23,115596.73,6622532.05,-6622532.05,,,
0.66435625,5.23E-03,0.211085002,-59132.4098,-56813.3626,211.09,5.23,115945.77,6642528.87,-6642528.87,,,
0.66635625,5.24E-03,0.211949857,-59310.4232,-56984.3949,211.95,5.24,116294.82,6662525.68,-6662525.68,,,
0.66835625,5.24E-03,0.212816715,-59488.4366,-57155.4271,212.82,5.24,116643.86,6682522.49,-6682522.49,,,
0.67035625,5.24E-03,0.213685585,-59666.4499,-57326.4593,213.69,5.24,116992.91,6702519.30,-6702519.3,,,
0.67235625,5.25E-03,0.214556474,-59844.4633,-57497.4916,214.56,5.25,117341.95,6722516.10,-6722516.1,,,
0.67435625,5.25E-03,0.215429393,-60022.4766,-57668.5238,215.43,5.25,117691.00,6742512.91,-6742512.91,,,
0.67635625,5.26E-03,0.216304349,-60200.49,-57839.556,216.30,5.26,118040.05,6762509.72,-6762509.72,,,
0.67835625,5.26E-03,0.217181351,-60378.5033,-58010.5882,217.18,5.26,118389.09,6782506.52,-6782506.52,,,
0.68035625,5.26E-03,0.218060409,-60556.5166,-58181.6205,218.06,5.26,118738.14,6802503.33,-6802503.33,,,
0.68235625,5.27E-03,0.21894153,-60734.5299,-58352.6527,218.94,5.27,119087.18,6822500.13,-6822500.13,,,
0.68435625,5.27E-03,0.219824724,-60912.5432,-58523.6848,219.82,5.27,119436.23,6842496.94,-6842496.94,,,
0.68635625,5.28E-03,0.22071,-61090.5565,-58694.717,220.71,5.28,119785.27,6862493.74,-6862493.74,,,
0.68835625,5.28E-03,0.221597367,-61268.5698,-58865.7492,221.60,5.28,120134.32,6882490.54,-6882490.54,,,
0.69035625,5.28E-03,0.222486834,-61446.583,-59036.7814,222.49,5.28,120483.36,6902487.34,-6902487.34,,,
0.69235625,5.29E-03,0.223378411,-61624.5963,-59207.8135,223.38,5.29,120832.41,6922484.14,-6922484.14,,,
0.69435625,5.29E-03,0.224272105,-61802.6096,-59378.8457,224.27,5.29,121181.46,6942480.93,-6942480.93,,,
0.69635625,5.30E-03,0.225167927,-61980.6228,-59549.8778,225.17,5.30,121530.50,6962477.73,-6962477.73,,,
0.69835625,5.30E-03,0.226065887,-62158.636,-59720.91,226.07,5.30,121879.55,6982474.53,-6982474.53,,,
0.70035625,5.30E-03,0.226965993,-62336.6492,-59891.9421,226.97,5.30,122228.59,7002471.32,-7002471.32,,,
0.70235625,5.31E-03,0.227868254,-62514.6624,-60062.9742,227.87,5.31,122577.64,7022468.12,-7022468.12,,,
0.70435625,5.31E-03,0.228772681,-62692.6756,-60234.0063,228.77,5.31,122926.68,7042464.91,-7042464.91,,,
0.70635625,5.32E-03,0.229679284,-62870.6888,-60405.0385,229.68,5.32,123275.73,7062461.70,-7062461.7,,,
0.70835625,5.32E-03,0.23058807,-63048.702,-60576.0706,230.59,5.32,123624.77,7082458.49,-7082458.49,,,
0.71035625,5.32E-03,0.231499052,-63226.7152,-60747.1026,231.50,5.32,123973.82,7102455.28,-7102455.28,,,
0.71235625,5.33E-03,0.232412237,-63404.7283,-60918.1347,232.41,5.33,124322.86,7122452.07,-7122452.07,,,
0.71435625,5.33E-03,0.233327637,-63582.7415,-61089.1668,233.33,5.33,124671.91,7142448.86,-7142448.86,,,
0.71635625,5.34E-03,0.23424526,-63760.7546,-61260.1989,234.25,5.34,125020.95,7162445.64,-7162445.64,,,
0.71835625,5.34E-03,0.235165118,-63938.7677,-61431.2309,235.17,5.34,125370.00,7182442.43,-7182442.43,,,
0.72035625,5.34E-03,0.236087219,-64116.7808,-61602.263,236.09,5.34,125719.04,7202439.21,-7202439.21,,,
0.72235625,5.35E-03,0.237011575,-64294.7939,-61773.295,237.01,5.35,126068.09,7222435.99,-7222435.99,,,
0.72435625,5.35E-03,0.237938195,-64472.807,-61944.327,237.94,5.35,126417.13,7242432.77,-7242432.77,,,
0.72635625,5.36E-03,0.238867089,-64650.8201,-62115.3591,238.87,5.36,126766.18,7262429.56,-7262429.56,,,
0.72835625,5.36E-03,0.239798269,-64828.8332,-62286.3911,239.80,5.36,127115.22,7282426.33,-7282426.33,,,
0.73035625,5.37E-03,0.240731743,-65006.8462,-62457.4231,240.73,5.37,127464.27,7302423.11,-7302423.11,,,
0.73235625,5.37E-03,0.241667524,-65184.8593,-62628.4551,241.67,5.37,127813.31,7322419.89,-7322419.89,,,
0.73435625,5.37E-03,0.242605621,-65362.8723,-62799.4871,242.61,5.37,128162.36,7342416.67,-7342416.67,,,
0.73635625,5.38E-03,0.243546044,-65540.8853,-62970.519,243.55,5.38,128511.40,7362413.44,-7362413.44,,,
0.73835625,5.38E-03,0.244488805,-65718.8983,-63141.551,244.49,5.38,128860.45,7382410.21,-7382410.21,,,
0.74035625,5.39E-03,0.245433915,-65896.9113,-63312.583,245.43,5.39,129209.49,7402406.98,-7402406.98,,,
0.74235625,5.39E-03,0.246381384,-66074.9243,-63483.6149,246.38,5.39,129558.54,7422403.76,-7422403.76,,,
0.74435625,5.39E-03,0.247331223,-66252.9373,-63654.6469,247.33,5.39,129907.58,7442400.53,-7442400.53,,,
0.74635625,5.40E-03,0.248283442,-66430.9502,-63825.6788,248.28,5.40,130256.63,7462397.29,-7462397.29,,,
0.74835625,5.40E-03,0.249238054,-66608.9632,-63996.7107,249.24,5.40,130605.67,7482394.06,-7482394.06,,,
0.75035625,5.41E-03,0.25019507,-66786.9761,-64167.7426,250.20,5.41,130954.72,7502390.83,-7502390.83,,,
0.75235625,5.41E-03,0.251154499,-66964.989,-64338.7745,251.15,5.41,131303.76,7522387.59,-7522387.59,,,
0.75435625,5.42E-03,0.252116355,-67143.0019,-64509.8064,252.12,5.42,131652.81,7542384.35,-7542384.35,,,
0.75635625,5.42E-03,0.253080647,-67321.0148,-64680.8383,253.08,5.42,132001.85,7562381.12,-7562381.12,,,
0.75835625,5.42E-03,0.254047388,-67499.0277,-64851.8701,254.05,5.42,132350.90,7582377.88,-7582377.88,,,
0.76035625,5.43E-03,0.255016589,-67677.0406,-65022.902,255.02,5.43,132699.94,7602374.63,-7602374.63,,,
0.76235625,5.43E-03,0.255988262,-67855.0534,-65193.9339,255.99,5.43,133048.99,7622371.39,-7622371.39,,,
0.76435625,5.44E-03,0.256962419,-68033.0663,-65364.9657,256.96,5.44,133398.03,7642368.15,-7642368.15,,,
0.76635625,5.44E-03,0.25793907,-68211.0791,-65535.9975,257.94,5.44,133747.08,7662364.90,-7662364.9,,,
0.76835625,5.45E-03,0.258918228,-68389.0919,-65707.0293,258.92,5.45,134096.12,7682361.66,-7682361.66,,,
0.77035625,5.45E-03,0.259899906,-68567.1047,-65878.0611,259.90,5.45,134445.17,7702358.41,-7702358.41,,,
0.77235625,5.46E-03,0.260884114,-68745.1175,-66049.0929,260.88,5.46,134794.21,7722355.16,-7722355.16,,,
0.77435625,5.46E-03,0.261870866,-68923.1303,-66220.1247,261.87,5.46,135143.26,7742351.91,-7742351.91,,,
0.77635625,5.46E-03,0.262860173,-69101.1431,-66391.1565,262.86,5.46,135492.30,7762348.66,-7762348.66,,,
0.77835625,5.47E-03,0.263852047,-69279.1558,-66562.1883,263.85,5.47,135841.34,7782345.40,-7782345.4,,,
0.78035625,5.47E-03,0.264846501,-69457.1685,-66733.22,264.85,5.47,136190.39,7802342.15,-7802342.15,,,
0.78235625,5.48E-03,0.265843548,-69635.1812,-66904.2517,265.84,5.48,136539.43,7822338.89,-7822338.89,,,
0.78435625,5.48E-03,0.2668432,-69813.1939,-67075.2835,266.84,5.48,136888.48,7842335.63,-7842335.63,,,
0.78635625,5.49E-03,0.267845469,-69991.2066,-67246.3152,267.85,5.49,137237.52,7862332.37,-7862332.37,,,
0.78835625,5.49E-03,0.268850369,-70169.2193,-67417.3469,268.85,5.49,137586.57,7882329.11,-7882329.11,,,
0.79035625,5.50E-03,0.269857912,-70347.232,-67588.3786,269.86,5.50,137935.61,7902325.85,-7902325.85,,,
0.79235625,5.50E-03,0.270868112,-70525.2446,-67759.4102,270.87,5.50,138284.65,7922322.59,-7922322.59,,,
0.79435625,5.50E-03,0.27188098,-70703.2572,-67930.4419,271.88,5.50,138633.70,7942319.32,-7942319.32,,,
0.79635625,5.51E-03,0.272896531,-70881.2698,-68101.4736,272.90,5.51,138982.74,7962316.05,-7962316.05,,,
0.79835625,5.51E-03,0.273914777,-71059.2824,-68272.5052,273.91,5.51,139331.79,7982312.78,-7982312.78,,,
0.80035625,5.52E-03,0.274935732,-71237.295,-68443.5368,274.94,5.52,139680.83,8002309.51,-8002309.51,,,
0.80235625,5.52E-03,0.275959409,-71415.3076,-68614.5685,275.96,5.52,140029.88,8022306.24,-8022306.24,,,
0.80435625,5.53E-03,0.276985822,-71593.3201,-68785.6001,276.99,5.53,140378.92,8042302.97,-8042302.97,,,
0.80635625,5.53E-03,0.278014984,-71771.3326,-68956.6316,278.01,5.53,140727.96,8062299.69,-8062299.69,,,
0.80835625,5.54E-03,0.27904691,-71949.3452,-69127.6632,279.05,5.54,141077.01,8082296.41,-8082296.41,,,
0.81035625,5.54E-03,0.280081612,-72127.3577,-69298.6948,280.08,5.54,141426.05,8102293.13,-8102293.13,,,
0.81235625,5.55E-03,0.281119105,-72305.3701,-69469.7263,281.12,5.55,141775.10,8122289.85,-8122289.85,,,
0.81435625,5.55E-03,0.282159403,-72483.3826,-69640.7579,282.16,5.55,142124.14,8142286.57,-8142286.57,,,
0.81635625,5.55E-03,0.28320252,-72661.3951,-69811.7894,283.20,5.55,142473.18,8162283.29,-8162283.29,,,
0.81835625,5.56E-03,0.28424847,-72839.4075,-69982.8209,284.25,5.56,142822.23,8182280.00,-8182280,,,
0.82035625,5.56E-03,0.285297267,-73017.4199,-70153.8524,285.30,5.56,143171.27,8202276.71,-8202276.71,,,
0.82235625,5.57E-03,0.286348927,-73195.4323,-70324.8839,286.35,5.57,143520.32,8222273.42,-8222273.42,,,
0.82435625,5.57E-03,0.287403463,-73373.4447,-70495.9153,287.40,5.57,143869.36,8242270.13,-8242270.13,,,
0.82635625,5.58E-03,0.28846089,-73551.457,-70666.9468,288.46,5.58,144218.40,8262266.84,-8262266.84,,,
0.82835625,5.58E-03,0.289521223,-73729.4694,-70837.9782,289.52,5.58,144567.45,8282263.54,-8282263.54,,,
0.83035625,5.59E-03,0.290584478,-73907.4817,-71009.0097,290.58,5.59,144916.49,8302260.25,-8302260.25,,,
0.83235625,5.59E-03,0.291650668,-74085.494,-71180.0411,291.65,5.59,145265.54,8322256.95,-8322256.95,,,
0.83435625,5.60E-03,0.292719809,-74263.5063,-71351.0725,292.72,5.60,145614.58,8342253.65,-8342253.65,,,
0.83635625,5.60E-03,0.293791916,-74441.5185,-71522.1038,293.79,5.60,145963.62,8362250.34,-8362250.34,,,
0.83835625,5.61E-03,0.294867006,-74619.5308,-71693.1352,294.87,5.61,146312.67,8382247.04,-8382247.04,,,
0.84035625,5.61E-03,0.295945092,-74797.543,-71864.1666,295.95,5.61,146661.71,8402243.73,-8402243.73,,,
0.84235625,5.62E-03,0.297026191,-74975.5552,-72035.1979,297.03,5.62,147010.75,8422240.42,-8422240.42,,,
0.84435625,5.62E-03,0.298110319,-75153.5674,-72206.2292,298.11,5.62,147359.80,8442237.11,-8442237.11,,,
0.84635625,5.63E-03,0.299197491,-75331.5796,-72377.2605,299.20,5.63,147708.84,8462233.80,-8462233.8,,,
0.84835625,5.63E-03,0.300287724,-75509.5917,-72548.2918,300.29,5.63,148057.88,8482230.48,-8482230.48,,,
0.85035625,5.64E-03,0.301381032,-75687.6039,-72719.3231,301.38,5.64,148406.93,8502227.17,-8502227.17,,,
0.85235625,5.64E-03,0.302477434,-75865.616,-72890.3543,302.48,5.64,148755.97,8522223.85,-8522223.85,,,
0.85435625,5.64E-03,0.303576945,-76043.6281,-73061.3855,303.58,5.64,149105.01,8542220.53,-8542220.53,,,
0.85635625,5.65E-03,0.304679581,-76221.6401,-73232.4168,304.68,5.65,149454.06,8562217.20,-8562217.2,,,
0.85835625,5.65E-03,0.305785359,-76399.6522,-73403.448,305.79,5.65,149803.10,8582213.88,-8582213.88,,,
0.86035625,5.66E-03,0.306894296,-76577.6642,-73574.4791,306.89,5.66,150152.14,8602210.55,-8602210.55,,,
0.86235625,5.66E-03,0.308006409,-76755.6762,-73745.5103,308.01,5.66,150501.19,8622207.22,-8622207.22,,,
0.86435625,5.67E-03,0.309121715,-76933.6882,-73916.5415,309.12,5.67,150850.23,8642203.89,-8642203.89,,,
0.86635625,5.67E-03,0.310240231,-77111.7002,-74087.5726,310.24,5.67,151199.27,8662200.55,-8662200.55,,,
0.86835625,5.68E-03,0.311361975,-77289.7121,-74258.6037,311.36,5.68,151548.32,8682197.22,-8682197.22,,,
0.87035625,5.68E-03,0.312486963,-77467.724,-74429.6348,312.49,5.68,151897.36,8702193.88,-8702193.88,,,
0.87235625,5.69E-03,0.313615213,-77645.7359,-74600.6659,313.62,5.69,152246.40,8722190.53,-8722190.53,,,
0.87435625,5.69E-03,0.314746743,-77823.7478,-74771.6969,314.75,5.69,152595.44,8742187.19,-8742187.19,,,
0.87635625,5.70E-03,0.315881572,-78001.7596,-74942.728,315.88,5.70,152944.49,8762183.84,-8762183.84,,,
0.87835625,5.70E-03,0.317019716,-78179.7715,-75113.759,317.02,5.70,153293.53,8782180.50,-8782180.5,,,
0.88035625,5.71E-03,0.318161195,-78357.7833,-75284.79,318.16,5.71,153642.57,8802177.14,-8802177.14,,,
0.88235625,5.71E-03,0.319306026,-78535.7951,-75455.821,319.31,5.71,153991.62,8822173.79,-8822173.79,,,
0.88435625,5.72E-03,0.320454228,-78713.8068,-75626.8519,320.45,5.72,154340.66,8842170.44,-8842170.44,,,
0.88635625,5.72E-03,0.321605819,-78891.8185,-75797.8829,321.61,5.72,154689.70,8862167.08,-8862167.08,,,
0.88835625,5.73E-03,0.322760819,-79069.8302,-75968.9138,322.76,5.73,155038.74,8882163.72,-8882163.72,,,
0.89035625,5.73E-03,0.323919246,-79247.8419,-76139.9447,323.92,5.73,155387.79,8902160.35,-8902160.35,,,
0.89235625,5.74E-03,0.325081119,-79425.8536,-76310.9756,325.08,5.74,155736.83,8922156.99,-8922156.99,,,
0.89435625,5.75E-03,0.326246459,-79603.8652,-76482.0065,326.25,5.75,156085.87,8942153.62,-8942153.62,,,
0.89635625,5.75E-03,0.327415283,-79781.8768,-76653.0373,327.42,5.75,156434.91,8962150.25,-8962150.25,,,
0.89835625,5.76E-03,0.328587612,-79959.8884,-76824.0681,328.59,5.76,156783.96,8982146.87,-8982146.87,,,
0.90035625,5.76E-03,0.329763465,-80137.9,-76995.0989,329.76,5.76,157133.00,9002143.49,-9002143.49,,,
0.90235625,5.77E-03,0.330942862,-80315.9115,-77166.1297,330.94,5.77,157482.04,9022140.11,-9022140.11,,,
0.90435625,5.77E-03,0.332125824,-80493.923,-77337.1604,332.13,5.77,157831.08,9042136.73,-9042136.73,,,
0.90635625,5.78E-03,0.333312371,-80671.9345,-77508.1912,333.31,5.78,158180.13,9062133.35,-9062133.35,,,
0.90835625,5.78E-03,0.334502522,-80849.9459,-77679.2219,334.50,5.78,158529.17,9082129.96,-9082129.96,,,
0.91035625,5.79E-03,0.335696299,-81027.9573,-77850.2526,335.70,5.79,158878.21,9102126.57,-9102126.57,,,
0.91235625,5.79E-03,0.336893723,-81205.9687,-78021.2832,336.89,5.79,159227.25,9122123.17,-9122123.17,,,
0.91435625,5.80E-03,0.338094814,-81383.9801,-78192.3139,338.09,5.80,159576.29,9142119.78,-9142119.78,,,
0.91635625,5.80E-03,0.339299594,-81561.9914,-78363.3445,339.30,5.80,159925.34,9162116.38,-9162116.38,,,
0.91835625,5.81E-03,0.340508084,-81740.0027,-78534.3751,340.51,5.81,160274.38,9182112.97,-9182112.97,,,
0.92035625,5.81E-03,0.341720305,-81918.014,-78705.4057,341.72,5.81,160623.42,9202109.57,-9202109.57,,,
0.92235625,5.82E-03,0.342936279,-82096.0252,-78876.4362,342.94,5.82,160972.46,9222106.16,-9222106.16,,,
0.92435625,5.82E-03,0.344156028,-82274.0365,-79047.4667,344.16,5.82,161321.50,9242102.75,-9242102.75,,,
0.92635625,5.83E-03,0.345379575,-82452.0477,-79218.4972,345.38,5.83,161670.54,9262099.33,-9262099.33,,,
0.92835625,5.84E-03,0.346606941,-82630.0588,-79389.5277,346.61,5.84,162019.59,9282095.91,-9282095.91,,,
0.93035625,5.84E-03,0.347838148,-82808.0699,-79560.5581,347.84,5.84,162368.63,9302092.49,-9302092.49,,,
0.93235625,5.85E-03,0.349073221,-82986.081,-79731.5886,349.07,5.85,162717.67,9322089.07,-9322089.07,,,
0.93435625,5.85E-03,0.35031218,-83164.0921,-79902.619,350.31,5.85,163066.71,9342085.64,-9342085.64,,,
0.93635625,5.86E-03,0.35155505,-83342.1031,-80073.6493,351.56,5.86,163415.75,9362082.21,-9362082.21,,,
0.93835625,5.86E-03,0.352801855,-83520.1141,-80244.6797,352.80,5.86,163764.79,9382078.77,-9382078.77,,,
0.94035625,5.87E-03,0.354052616,-83698.1251,-80415.71,354.05,5.87,164113.84,9402075.33,-9402075.33,,,
0.94235625,5.87E-03,0.355307358,-83876.136,-80586.7403,355.31,5.87,164462.88,9422071.89,-9422071.89,,,
0.94435625,5.88E-03,0.356566106,-84054.1469,-80757.7705,356.57,5.88,164811.92,9442068.45,-9442068.45,,,
0.94635625,5.88E-03,0.357828883,-84232.1578,-80928.8008,357.83,5.88,165160.96,9462065.00,-9462065,,,
0.94835625,5.89E-03,0.359095713,-84410.1686,-81099.831,359.10,5.89,165510.00,9482061.54,-9482061.54,,,
0.95035625,5.90E-03,0.360366621,-84588.1794,-81270.8611,360.37,5.90,165859.04,9502058.09,-9502058.09,,,
0.95235625,5.90E-03,0.361641632,-84766.1902,-81441.8913,361.64,5.90,166208.08,9522054.63,-9522054.63,,,
0.95435625,5.91E-03,0.362920771,-84944.2009,-81612.9214,362.92,5.91,166557.12,9542051.17,-9542051.17,,,
0.95635625,5.91E-03,0.364204064,-85122.2116,-81783.9515,364.20,5.91,166906.16,9562047.70,-9562047.7,,,
0.95835625,5.92E-03,0.365491535,-85300.2223,-81954.9815,365.49,5.92,167255.20,9582044.23,-9582044.23,,,
0.96035625,5.92E-03,0.366783211,-85478.2329,-82126.0116,366.78,5.92,167604.24,9602040.75,-9602040.75,,,
0.96235625,5.93E-03,0.368079117,-85656.2435,-82297.0415,368.08,5.93,167953.29,9622037.27,-9622037.27,,,
0.96435625,5.94E-03,0.36937928,-85834.254,-82468.0715,369.38,5.94,168302.33,9642033.79,-9642033.79,,,
0.96635625,5.94E-03,0.370683726,-86012.2645,-82639.1014,370.68,5.94,168651.37,9662030.31,-9662030.31,,,
0.96835625,5.95E-03,0.371992483,-86190.275,-82810.1313,371.99,5.95,169000.41,9682026.81,-9682026.81,,,
0.97035625,5.95E-03,0.373305576,-86368.2855,-82981.1612,373.31,5.95,169349.45,9702023.32,-9702023.32,,,
0.97235625,5.96E-03,0.374623033,-86546.2958,-83152.191,374.62,5.96,169698.49,9722019.82,-9722019.82,,,
0.97435625,5.96E-03,0.375944882,-86724.3062,-83323.2208,375.94,5.96,170047.53,9742016.32,-9742016.32,,,
0.97635625,5.97E-03,0.37727115,-86902.3165,-83494.2506,377.27,5.97,170396.57,9762012.81,-9762012.81,,,
0.97835625,5.98E-03,0.378601866,-87080.3268,-83665.2803,378.60,5.98,170745.61,9782009.30,-9782009.3,,,
0.98035625,5.98E-03,0.379937058,-87258.337,-83836.31,379.94,5.98,171094.65,9802005.78,-9802005.78,,,
0.98235625,5.99E-03,0.381276754,-87436.3472,-84007.3397,381.28,5.99,171443.69,9822002.26,-9822002.26,,,
0.98435625,5.99E-03,0.382620983,-87614.3573,-84178.3693,382.62,5.99,171792.73,9841998.74,-9841998.74,,,
0.98635625,6.00E-03,0.383969775,-87792.3674,-84349.3989,383.97,6.00,172141.77,9861995.21,-9861995.21,,,
0.98835625,6.01E-03,0.385323158,-87970.3775,-84520.4285,385.32,6.01,172490.81,9881991.67,-9881991.67,,,
0.99035625,6.01E-03,0.386681162,-88148.3875,-84691.458,386.68,6.01,172839.85,9901988.14,-9901988.14,,,
0.99235625,6.02E-03,0.388043818,-88326.3975,-84862.4875,388.04,6.02,173188.89,9921984.59,-9921984.59,,,
0.99435625,6.02E-03,0.389411156,-88504.4074,-85033.5169,389.41,6.02,173537.92,9941981.05,-9941981.05,,,
0.99635625,6.03E-03,0.390783206,-88682.4173,-85204.5463,390.78,6.03,173886.96,9961977.49,-9961977.49,,,
0.99835625,6.04E-03,0.392159998,-88860.4271,-85375.5757,392.16,6.04,174236.00,9981973.94,-9981973.94,,,
1,6.04E-03,0.393295719,-89006.8056,-85516.2141,393.30,6.04,174523.02,9998417.12,-9998417.12,,,
