TIME, UX_5, FX_2, FY_3, FY_4,,,,,
2.00E-04,2.37E-06,-99.9420874,-1.75233589,-1.65039911,0.00,-3.402735,,,
4.00E-04,4.74E-06,-199.88418,-3.50455156,-3.30091856,0.00,-6.80547012,,,
7.00E-04,8.26E-06,-349.797316,-6.13265244,-5.77692027,0.01,-11.90957271,,,
1.15E-03,1.35E-05,-574.667019,-10.0743116,-9.491415,0.01,-19.5657266,,,
1.83E-03,2.13E-05,-911.971573,-15.9857214,-15.064236,0.02,-31.0499574,,,
2.83E-03,3.26E-05,-1411.68202,-24.7410788,-23.3225539,0.03,-48.0636327,,,
3.83E-03,4.38E-05,-1911.39248,-33.4938312,-31.5834768,0.04,-65.077308,,,
4.83E-03,5.48E-05,-2411.10293,-42.2441146,-39.8468688,0.05,-82.0909834,,,
5.83E-03,6.58E-05,-2910.81337,-50.9920518,-48.1126067,0.07,-99.1046585,,,
6.83E-03,7.66E-05,-3410.52383,-59.7377681,-56.3805658,0.08,-116.1183339,,,
7.83E-03,8.74E-05,-3910.23428,-68.48137,-64.6506392,0.09,-133.1320092,,,
8.83E-03,9.81E-05,-4409.94473,-77.2229608,-72.9227236,0.10,-150.1456844,,,
9.83E-03,1.09E-04,-4909.65518,-85.9626378,-81.1967219,0.11,-167.1593597,,,
1.08E-02,1.20E-04,-5409.36563,-94.7004919,-89.4725431,0.12,-184.173035,,,
1.18E-02,1.30E-04,-5909.07608,-103.436609,-97.7501016,0.13,-201.1867106,,,
1.28E-02,1.41E-04,-6408.78653,-112.171069,-106.029317,0.14,-218.200386,,,
1.38E-02,1.51E-04,-6908.49698,-120.903947,-114.310113,0.15,-235.21406,,,
1.48E-02,1.62E-04,-7408.20743,-129.635316,-122.59242,0.16,-252.227736,,,
1.58E-02,1.73E-04,-7907.91788,-138.365243,-130.876169,0.17,-269.241412,,,
1.68E-02,1.83E-04,-8407.62833,-147.093789,-139.161297,0.18,-286.255086,,,
1.78E-02,1.94E-04,-8907.33878,-155.821017,-147.447745,0.19,-303.268762,,,
1.88E-02,2.05E-04,-9407.04923,-164.546982,-155.735456,0.20,-320.282438,,,
1.98E-02,2.15E-04,-9906.75968,-173.271737,-164.024376,0.22,-337.296113,,,
2.08E-02,2.26E-04,-10406.4701,-181.995333,-172.314455,0.23,-354.309788,,,
2.18E-02,2.37E-04,-10906.1806,-190.717818,-180.605645,0.24,-371.323463,,,
2.28E-02,2.48E-04,-11405.891,-199.439237,-188.897901,0.25,-388.337138,,,
2.38E-02,2.58E-04,-11905.6015,-208.159634,-197.19118,0.26,-405.350814,,,
2.48E-02,2.69E-04,-12405.3119,-216.879049,-205.48544,0.27,-422.364489,,,
2.58E-02,2.80E-04,-12905.0224,-225.59752,-213.780644,0.28,-439.378164,,,
2.68E-02,2.91E-04,-13404.7328,-234.315085,-222.076754,0.29,-456.391839,,,
2.78E-02,3.02E-04,-13904.4433,-243.031779,-230.373736,0.30,-473.405515,,,
2.88E-02,3.12E-04,-14404.1537,-251.747634,-238.671557,0.31,-490.419191,,,
2.98E-02,3.23E-04,-14903.8642,-260.462682,-246.970184,0.32,-507.432866,,,
3.08E-02,3.34E-04,-15403.5746,-269.176953,-255.269588,0.33,-524.446541,,,
3.18E-02,3.45E-04,-15903.2851,-277.890476,-263.56974,0.35,-541.460216,,,
3.28E-02,3.56E-04,-16402.9955,-286.603279,-271.870613,0.36,-558.473892,,,
3.38E-02,3.67E-04,-16902.706,-295.315386,-280.172181,0.37,-575.487567,,,
3.48E-02,3.78E-04,-17402.4164,-304.026824,-288.474419,0.38,-592.501243,,,
3.58E-02,3.89E-04,-17902.1269,-312.737614,-296.777303,0.39,-609.514917,,,
3.68E-02,4.00E-04,-18401.8373,-321.447781,-305.080811,0.40,-626.528592,,,
3.78E-02,4.11E-04,-18901.5478,-330.157346,-313.384922,0.41,-643.542268,,,
3.88E-02,4.22E-04,-19401.2582,-338.866329,-321.689614,0.42,-660.555943,,,
3.98E-02,4.33E-04,-19900.9687,-347.57475,-329.994868,0.43,-677.569618,,,
4.08E-02,4.44E-04,-20400.6791,-356.282628,-338.300666,0.44,-694.583294,,,
4.18E-02,4.55E-04,-20900.3896,-364.989981,-346.606989,0.46,-711.59697,,,
4.28E-02,4.66E-04,-21400.1,-373.696825,-354.913819,0.47,-728.610644,,,
4.38E-02,4.77E-04,-21899.8105,-382.403179,-363.221141,0.48,-745.62432,,,
4.48E-02,4.89E-04,-22399.5209,-391.109057,-371.528938,0.49,-762.637995,,,
4.58E-02,5.00E-04,-22899.2314,-399.814474,-379.837196,0.50,-779.65167,,,
4.68E-02,5.11E-04,-23398.9418,-408.519446,-388.1459,0.51,-796.665346,,,
4.78E-02,5.22E-04,-23898.6523,-417.223986,-396.455035,0.52,-813.679021,,,
4.88E-02,5.33E-04,-24398.3627,-425.928107,-404.764589,0.53,-830.692696,,,
4.98E-02,5.44E-04,-24898.0732,-434.631822,-413.074549,0.54,-847.706371,,,
5.08E-02,5.56E-04,-25397.7837,-443.335144,-421.384902,0.56,-864.720046,,,
5.18E-02,5.67E-04,-25897.4941,-452.038085,-429.695637,0.57,-881.733722,,,
5.28E-02,5.78E-04,-26397.2046,-460.740655,-438.006742,0.58,-898.747397,,,
5.38E-02,5.89E-04,-26896.915,-469.442867,-446.318206,0.59,-915.761073,,,
5.48E-02,6.01E-04,-27396.6255,-478.144729,-454.630019,0.60,-932.774748,,,
5.58E-02,6.12E-04,-27896.3359,-486.846253,-462.94217,0.61,-949.788423,,,
5.68E-02,6.23E-04,-28396.0464,-495.547448,-471.254651,0.62,-966.802099,,,
5.78E-02,6.34E-04,-28895.7568,-504.248323,-479.567451,0.63,-983.815774,,,
5.88E-02,6.46E-04,-29395.4673,-512.948888,-487.880561,0.65,-1000.829449,,,
5.98E-02,6.57E-04,-29895.1777,-521.649151,-496.193973,0.66,-1017.843124,,,
6.08E-02,6.68E-04,-30394.8882,-530.34912,-504.507679,0.67,-1034.856799,,,
6.18E-02,6.80E-04,-30894.5986,-539.048804,-512.821671,0.68,-1051.870475,,,
6.28E-02,6.91E-04,-31394.3091,-547.748211,-521.13594,0.69,-1068.884151,,,
6.38E-02,7.02E-04,-31894.0195,-556.447347,-529.450479,0.70,-1085.897826,,,
6.48E-02,7.14E-04,-32393.73,-565.14622,-537.765281,0.71,-1102.911501,,,
6.58E-02,7.25E-04,-32893.4404,-573.844837,-546.08034,0.73,-1119.925177,,,
6.68E-02,7.37E-04,-33393.1509,-582.543204,-554.395647,0.74,-1136.938851,,,
6.78E-02,7.48E-04,-33892.8613,-591.241329,-562.711198,0.75,-1153.952527,,,
6.88E-02,7.59E-04,-34392.5718,-599.939217,-571.026985,0.76,-1170.966202,,,
6.98E-02,7.71E-04,-34892.2822,-608.636874,-579.343003,0.77,-1187.979877,,,
7.08E-02,7.82E-04,-35391.9927,-617.334307,-587.659245,0.78,-1204.993552,,,
7.18E-02,7.94E-04,-35891.7031,-626.031521,-595.975707,0.79,-1222.007228,,,
7.28E-02,8.05E-04,-36391.4136,-634.728521,-604.292382,0.81,-1239.020903,,,
7.38E-02,8.17E-04,-36891.124,-643.425312,-612.609266,0.82,-1256.034578,,,
7.48E-02,8.28E-04,-37390.8345,-652.121901,-620.926353,0.83,-1273.048254,,,
7.58E-02,8.40E-04,-37890.5449,-660.81829,-629.243639,0.84,-1290.061929,,,
7.68E-02,8.51E-04,-38390.2554,-669.514487,-637.561118,0.85,-1307.075605,,,
7.78E-02,8.63E-04,-38889.9658,-678.210494,-645.878786,0.86,-1324.08928,,,
7.88E-02,8.74E-04,-39389.6763,-686.906317,-654.196638,0.87,-1341.102955,,,
7.98E-02,8.85E-04,-39889.3867,-695.601959,-662.514671,0.89,-1358.11663,,,
8.08E-02,8.97E-04,-40389.0972,-704.297425,-670.83288,0.90,-1375.130305,,,
8.18E-02,9.08E-04,-40888.8076,-712.99272,-679.151261,0.91,-1392.143981,,,
8.28E-02,9.20E-04,-41388.5181,-721.687846,-687.46981,0.92,-1409.157656,,,
8.38E-02,9.32E-04,-41888.2285,-730.382808,-695.788524,0.93,-1426.171332,,,
8.48E-02,9.43E-04,-42387.939,-739.077609,-704.107397,0.94,-1443.185006,,,
8.58E-02,9.55E-04,-42887.6494,-747.772254,-712.426428,0.95,-1460.198682,,,
8.68E-02,9.66E-04,-43387.3599,-756.466744,-720.745613,0.97,-1477.212357,,,
8.78E-02,9.78E-04,-43887.0703,-765.161085,-729.064948,0.98,-1494.226033,,,
8.88E-02,9.89E-04,-44386.7808,-773.855278,-737.384429,0.99,-1511.239707,,,
8.98E-02,1.00E-03,-44886.4912,-782.549328,-745.704055,1.00,-1528.253383,,,
9.08E-02,1.01E-03,-45386.2017,-791.243237,-754.023821,1.01,-1545.267058,,,
9.18E-02,1.02E-03,-45885.9121,-799.937008,-762.343725,1.02,-1562.280733,,,
9.28E-02,1.04E-03,-46385.6226,-808.630645,-770.663764,1.04,-1579.294409,,,
9.38E-02,1.05E-03,-46885.333,-817.324149,-778.983935,1.05,-1596.308084,,,
9.48E-02,1.06E-03,-47385.0435,-826.017524,-787.304236,1.06,-1613.32176,,,
9.58E-02,1.07E-03,-47884.7539,-834.710772,-795.624663,1.07,-1630.335435,,,
9.68E-02,1.08E-03,-48384.4644,-843.403896,-803.945214,1.08,-1647.34911,,,
9.78E-02,1.09E-03,-48884.1748,-852.096899,-812.265887,1.09,-1664.362786,,,
9.88E-02,1.11E-03,-49383.8853,-860.789782,-820.586679,1.11,-1681.376461,,,
9.98E-02,1.12E-03,-49883.5957,-869.482548,-828.907588,1.12,-1698.390136,,,
0.100825,1.13E-03,-50383.3062,-878.1752,-837.228611,1.13,-1715.403811,,,
0.101825,1.14E-03,-50883.0166,-886.86774,-845.549747,1.14,-1732.417487,,,
0.102825,1.15E-03,-51382.7271,-895.560169,-853.870993,1.15,-1749.431162,,,
0.103825,1.16E-03,-51882.4375,-904.25249,-862.192347,1.16,-1766.444837,,,
0.104825,1.17E-03,-52382.148,-912.944705,-870.513807,1.17,-1783.458512,,,
0.105825,1.19E-03,-52881.8584,-921.636816,-878.835371,1.19,-1800.472187,,,
0.106825,1.20E-03,-53381.5689,-930.328825,-887.157038,1.20,-1817.485863,,,
0.107825,1.21E-03,-53881.2793,-939.020734,-895.478804,1.21,-1834.499538,,,
0.108825,1.22E-03,-54380.9898,-947.712545,-903.800669,1.22,-1851.513214,,,
0.109825,1.23E-03,-54880.7002,-956.404259,-912.12263,1.23,-1868.526889,,,
0.110825,1.24E-03,-55380.4107,-965.095878,-920.444686,1.24,-1885.540564,,,
0.111825,1.26E-03,-55880.1211,-973.787404,-928.766835,1.26,-1902.554239,,,
0.112825,1.27E-03,-56379.8316,-982.478839,-937.089076,1.27,-1919.567915,,,
0.113825,1.28E-03,-56879.542,-991.170184,-945.411407,1.28,-1936.581591,,,
0.114825,1.29E-03,-57379.2525,-999.86144,-953.733825,1.29,-1953.595265,,,
0.115825,1.30E-03,-57878.9629,-1008.55261,-962.056331,1.30,-1970.608941,,,
0.116825,1.31E-03,-58378.6734,-1017.24369,-970.378922,1.31,-1987.622612,,,
0.117825,1.33E-03,-58878.3838,-1025.9347,-978.701596,1.33,-2004.636296,,,
0.118825,1.34E-03,-59378.0943,-1034.62561,-987.024353,1.34,-2021.649963,,,
0.119825,1.35E-03,-59877.8047,-1043.31645,-995.347191,1.35,-2038.663641,,,
0.120825,1.36E-03,-60377.5152,-1052.00721,-1003.67011,1.36,-2055.67732,,,
0.121825,1.37E-03,-60877.2256,-1060.69789,-1011.9931,1.37,-2072.69099,,,
0.122825,1.38E-03,-61376.9361,-1069.38849,-1020.31618,1.38,-2089.70467,,,
0.123825,1.40E-03,-61876.6465,-1078.07902,-1028.63933,1.40,-2106.71835,,,
0.124825,1.41E-03,-62376.357,-1086.76947,-1036.96255,1.41,-2123.73202,,,
0.125825,1.42E-03,-62876.0674,-1095.45985,-1045.28584,1.42,-2140.74569,,,
0.126825,1.43E-03,-63375.7779,-1104.15016,-1053.60921,1.43,-2157.75937,,,
0.127825,1.44E-03,-63875.4883,-1112.84039,-1061.93265,1.44,-2174.77304,,,
0.128825,1.46E-03,-64375.1988,-1121.53056,-1070.25616,1.46,-2191.78672,,,
0.129825,1.47E-03,-64874.9092,-1130.22065,-1078.57974,1.47,-2208.80039,,,
0.130825,1.48E-03,-65374.6197,-1138.91068,-1086.90339,1.48,-2225.81407,,,
0.131825,1.49E-03,-65874.3301,-1147.60065,-1095.2271,1.49,-2242.82775,,,
0.132825,1.50E-03,-66374.0406,-1156.29054,-1103.55088,1.50,-2259.84142,,,
0.133825,1.51E-03,-66873.751,-1164.98037,-1111.87472,1.51,-2276.85509,,,
0.134825,1.53E-03,-67373.4615,-1173.67014,-1120.19863,1.53,-2293.86877,,,
0.135825,1.54E-03,-67873.1719,-1182.35985,-1128.5226,1.54,-2310.88245,,,
0.136825,1.55E-03,-68372.8824,-1191.04949,-1136.84663,1.55,-2327.89612,,,
0.137825,1.56E-03,-68872.5929,-1199.73907,-1145.17072,1.56,-2344.90979,,,
0.138825,1.57E-03,-69372.3033,-1208.4286,-1153.49488,1.57,-2361.92348,,,
0.139825,1.58E-03,-69872.0138,-1217.11806,-1161.81909,1.58,-2378.93715,,,
0.140825,1.60E-03,-70371.7242,-1225.80746,-1170.14336,1.60,-2395.95082,,,
0.141825,1.61E-03,-70871.4347,-1234.49681,-1178.46769,1.61,-2412.9645,,,
0.142825,1.62E-03,-71371.1451,-1243.1861,-1186.79207,1.62,-2429.97817,,,
0.143825,1.63E-03,-71870.8556,-1251.87533,-1195.11651,1.63,-2446.99184,,,
0.144825,1.64E-03,-72370.566,-1260.56451,-1203.44101,1.64,-2464.00552,,,
0.145825,1.65E-03,-72870.2765,-1269.25364,-1211.76556,1.65,-2481.0192,,,
0.146825,1.67E-03,-73369.9869,-1277.94271,-1220.09017,1.67,-2498.03288,,,
0.147825,1.68E-03,-73869.6974,-1286.63173,-1228.41482,1.68,-2515.04655,,,
0.148825,1.69E-03,-74369.4078,-1295.32069,-1236.73953,1.69,-2532.06022,,,
0.149825,1.70E-03,-74869.1183,-1304.00961,-1245.06429,1.70,-2549.0739,,,
0.150825,1.71E-03,-75368.8287,-1312.69847,-1253.38911,1.71,-2566.08758,,,
0.151825,1.73E-03,-75868.5392,-1321.38728,-1261.71397,1.73,-2583.10125,,,
0.152825,1.74E-03,-76368.2496,-1330.07605,-1270.03888,1.74,-2600.11493,,,
0.153825,1.75E-03,-76867.9601,-1338.76476,-1278.36384,1.75,-2617.1286,,,
0.154825,1.76E-03,-77367.6705,-1347.45343,-1286.68885,1.76,-2634.14228,,,
0.155825,1.77E-03,-77867.381,-1356.14205,-1295.0139,1.77,-2651.15595,,,
0.156825,1.78E-03,-78367.0914,-1364.83062,-1303.33901,1.78,-2668.16963,,,
0.157825,1.80E-03,-78866.8019,-1373.51914,-1311.66416,1.80,-2685.1833,,,
0.158825,1.81E-03,-79366.5123,-1382.20762,-1319.98935,1.81,-2702.19697,,,
0.159825,1.82E-03,-79866.2228,-1390.89606,-1328.3146,1.82,-2719.21066,,,
0.160825,1.83E-03,-80365.9332,-1399.58445,-1336.63988,1.83,-2736.22433,,,
0.161825,1.84E-03,-80865.6437,-1408.27279,-1344.96521,1.84,-2753.238,,,
0.162825,1.85E-03,-81365.3541,-1416.96109,-1353.29059,1.85,-2770.25168,,,
0.163825,1.87E-03,-81865.0646,-1425.64935,-1361.616,1.87,-2787.26535,,,
0.164825,1.88E-03,-82364.775,-1434.33757,-1369.94146,1.88,-2804.27903,,,
0.165825,1.89E-03,-82864.4855,-1443.02574,-1378.26696,1.89,-2821.2927,,,
0.166825,1.90E-03,-83364.1959,-1451.71387,-1386.59251,1.90,-2838.30638,,,
0.167825,1.91E-03,-83863.9064,-1460.40196,-1394.91809,1.91,-2855.32005,,,
0.168825,1.93E-03,-84363.6168,-1469.09001,-1403.24372,1.93,-2872.33373,,,
0.169825,1.94E-03,-84863.3273,-1477.77802,-1411.56938,1.94,-2889.3474,,,
0.170825,1.95E-03,-85363.0377,-1486.46599,-1419.89509,1.95,-2906.36108,,,
0.171825,1.96E-03,-85862.7482,-1495.15392,-1428.22083,1.96,-2923.37475,,,
0.172825,1.97E-03,-86362.4586,-1503.84181,-1436.54662,1.97,-2940.38843,,,
0.173825,1.98E-03,-86862.1691,-1512.52967,-1444.87244,1.98,-2957.40211,,,
0.174825,2.00E-03,-87361.8795,-1521.21748,-1453.1983,2.00,-2974.41578,,,
0.175825,2.01E-03,-87861.59,-1529.90526,-1461.5242,2.01,-2991.42946,,,
0.176825,2.02E-03,-88361.3004,-1538.593,-1469.85013,2.02,-3008.44313,,,
0.177825,2.03E-03,-88861.0109,-1547.28071,-1478.1761,2.03,-3025.45681,,,
0.178825,2.04E-03,-89360.7213,-1555.96837,-1486.50211,2.04,-3042.47048,,,
0.179825,2.06E-03,-89860.4318,-1564.656,-1494.82815,2.06,-3059.48415,,,
0.180825,2.07E-03,-90360.1422,-1573.3436,-1503.15423,2.07,-3076.49783,,,
0.181825,2.08E-03,-90859.8527,-1582.03116,-1511.48035,2.08,-3093.51151,,,
0.182825,2.09E-03,-91359.5631,-1590.71869,-1519.8065,2.09,-3110.52519,,,
0.183825,2.10E-03,-91859.2736,-1599.40618,-1528.13268,2.10,-3127.53886,,,
0.184825,2.11E-03,-92358.984,-1608.09364,-1536.4589,2.11,-3144.55254,,,
0.185825,2.13E-03,-92858.6945,-1616.78106,-1544.78515,2.13,-3161.56621,,,
0.186825,2.14E-03,-93358.4049,-1625.46845,-1553.11144,2.14,-3178.57989,,,
0.187825,2.15E-03,-93858.1154,-1634.15581,-1561.43775,2.15,-3195.59356,,,
0.188825,2.16E-03,-94357.8258,-1642.84313,-1569.76411,2.16,-3212.60724,,,
0.189825,2.17E-03,-94857.5363,-1651.53042,-1578.09049,2.17,-3229.62091,,,
0.190825,2.19E-03,-95357.2467,-1660.21768,-1586.4169,2.19,-3246.63458,,,
0.191825,2.20E-03,-95856.9572,-1668.90491,-1594.74335,2.20,-3263.64826,,,
0.192825,2.21E-03,-96356.6676,-1677.59211,-1603.06983,2.21,-3280.66194,,,
0.193825,2.22E-03,-96856.3781,-1686.27927,-1611.39634,2.22,-3297.67561,,,
0.194825,2.23E-03,-97356.0885,-1694.96641,-1619.72288,2.23,-3314.68929,,,
0.195825,2.25E-03,-97855.799,-1703.65351,-1628.04945,2.25,-3331.70296,,,
0.196825,2.26E-03,-98355.5094,-1712.34058,-1636.37605,2.26,-3348.71663,,,
0.197825,2.27E-03,-98855.2199,-1721.02763,-1644.70269,2.27,-3365.73032,,,
0.198825,2.28E-03,-99354.9303,-1729.71464,-1653.02935,2.28,-3382.74399,,,
0.199825,2.29E-03,-99854.6408,-1738.40163,-1661.35604,2.29,-3399.75767,,,
0.200825,2.30E-03,-100354.351,-1747.08858,-1669.68276,2.30,-3416.77134,,,
0.201825,2.32E-03,-100854.062,-1755.77551,-1678.00951,2.32,-3433.78502,,,
0.202825,2.33E-03,-101353.772,-1764.46241,-1686.33628,2.33,-3450.79869,,,
0.203825,2.34E-03,-101853.483,-1773.14928,-1694.66309,2.34,-3467.81237,,,
0.204825,2.35E-03,-102353.193,-1781.83612,-1702.98992,2.35,-3484.82604,,,
0.205825,2.36E-03,-102852.903,-1790.52293,-1711.31679,2.36,-3501.83972,,,
0.206825,2.38E-03,-103352.614,-1799.20972,-1719.64367,2.38,-3518.85339,,,
0.207825,2.39E-03,-103852.324,-1807.89648,-1727.97059,2.39,-3535.86707,,,
0.208825,2.40E-03,-104352.035,-1816.58321,-1736.29754,2.40,-3552.88075,,,
0.209825,2.41E-03,-104851.745,-1825.26991,-1744.62451,2.41,-3569.89442,,,
0.210825,2.42E-03,-105351.456,-1833.95659,-1752.9515,2.42,-3586.90809,,,
0.211825,2.43E-03,-105851.166,-1842.64324,-1761.27853,2.43,-3603.92177,,,
0.212825,2.45E-03,-106350.877,-1851.32987,-1769.60558,2.45,-3620.93545,,,
0.213825,2.46E-03,-106850.587,-1860.01647,-1777.93265,2.46,-3637.94912,,,
0.214825,2.47E-03,-107350.298,-1868.70304,-1786.25975,2.47,-3654.96279,,,
0.215825,2.48E-03,-107850.008,-1877.38959,-1794.58688,2.48,-3671.97647,,,
0.216825,2.49E-03,-108349.718,-1886.07611,-1802.91403,2.49,-3688.99014,,,
0.217825,2.51E-03,-108849.429,-1894.76261,-1811.24121,2.51,-3706.00382,,,
0.218825,2.52E-03,-109349.139,-1903.44908,-1819.56841,2.52,-3723.01749,,,
0.219825,2.53E-03,-109848.85,-1912.13553,-1827.89564,2.53,-3740.03117,,,
0.220825,2.54E-03,-110348.56,-1920.82196,-1836.22289,2.54,-3757.04485,,,
0.221825,2.55E-03,-110848.271,-1929.50836,-1844.55017,2.55,-3774.05853,,,
0.222825,2.57E-03,-111347.981,-1938.19473,-1852.87746,2.57,-3791.07219,,,
0.223825,2.58E-03,-111847.692,-1946.88108,-1861.20479,2.58,-3808.08587,,,
0.224825,2.59E-03,-112347.402,-1955.56741,-1869.53214,2.59,-3825.09955,,,
0.225825,2.60E-03,-112847.113,-1964.25372,-1877.85951,2.60,-3842.11323,,,
0.226825,2.61E-03,-113346.823,-1972.94,-1886.1869,2.61,-3859.1269,,,
0.227825,2.62E-03,-113846.533,-1981.62626,-1894.51432,2.62,-3876.14058,,,
0.228825,2.64E-03,-114346.244,-1990.31249,-1902.84176,2.64,-3893.15425,,,
0.229825,2.65E-03,-114845.954,-1998.9987,-1911.16922,2.65,-3910.16792,,,
0.230825,2.66E-03,-115345.665,-2007.68489,-1919.49671,2.66,-3927.1816,,,
0.231825,2.67E-03,-115845.375,-2016.37106,-1927.82421,2.67,-3944.19527,,,
0.232825,2.68E-03,-116345.086,-2025.05721,-1936.15174,2.68,-3961.20895,,,
0.233825,2.70E-03,-116844.796,-2033.74333,-1944.47929,2.70,-3978.22262,,,
0.234825,2.71E-03,-117344.507,-2042.42943,-1952.80687,2.71,-3995.2363,,,
0.235825,2.72E-03,-117844.217,-2051.11551,-1961.13446,2.72,-4012.24997,,,
0.236825,2.73E-03,-118343.927,-2059.80157,-1969.46208,2.73,-4029.26365,,,
0.237825,2.74E-03,-118843.638,-2068.48761,-1977.78972,2.74,-4046.27733,,,
0.238825,2.76E-03,-119343.348,-2077.17362,-1986.11738,2.76,-4063.291,,,
0.239825,2.77E-03,-119843.059,-2085.85962,-1994.44506,2.77,-4080.30468,,,
0.240825,2.78E-03,-120342.769,-2094.54559,-2002.77276,2.78,-4097.31835,,,
0.241825,2.79E-03,-120842.48,-2103.23154,-2011.10049,2.79,-4114.33203,,,
0.242825,2.80E-03,-121342.19,-2111.91747,-2019.42823,2.80,-4131.3457,,,
0.243825,2.82E-03,-121841.901,-2120.60338,-2027.75599,2.82,-4148.35937,,,
0.244825,2.83E-03,-122341.611,-2129.28928,-2036.08378,2.83,-4165.37306,,,
0.245825,2.84E-03,-122841.322,-2137.97515,-2044.41158,2.84,-4182.38673,,,
0.246825,2.85E-03,-123341.032,-2146.661,-2052.73941,2.85,-4199.40041,,,
0.247825,2.86E-03,-123840.742,-2155.34683,-2061.06725,2.86,-4216.41408,,,
0.248825,2.87E-03,-124340.453,-2164.03264,-2069.39511,2.87,-4233.42775,,,
0.249825,2.89E-03,-124840.163,-2172.71843,-2077.723,2.89,-4250.44143,,,
0.250825,2.90E-03,-125339.874,-2181.4042,-2086.0509,2.90,-4267.4551,,,
0.251825,2.91E-03,-125839.584,-2190.08996,-2094.37882,2.91,-4284.46878,,,
0.252825,2.92E-03,-126339.295,-2198.77569,-2102.70677,2.92,-4301.48246,,,
0.253825,2.93E-03,-126839.005,-2207.4614,-2111.03473,2.93,-4318.49613,,,
0.254825,2.95E-03,-127338.716,-2216.1471,-2119.36271,2.95,-4335.50981,,,
0.255825,2.96E-03,-127838.426,-2224.83278,-2127.69071,2.96,-4352.52349,,,
0.256825,2.97E-03,-128338.136,-2233.51843,-2136.01872,2.97,-4369.53715,,,
0.257825,2.98E-03,-128837.847,-2242.20407,-2144.34676,2.98,-4386.55083,,,
0.258825,2.99E-03,-129337.557,-2250.88969,-2152.67481,2.99,-4403.5645,,,
0.259825,3.01E-03,-129837.268,-2259.5753,-2161.00289,3.01,-4420.57819,,,
0.260825,3.02E-03,-130336.978,-2268.26088,-2169.33098,3.02,-4437.59186,,,
0.261825,3.03E-03,-130836.689,-2276.94645,-2177.65909,3.03,-4454.60554,,,
0.262825,3.04E-03,-131336.399,-2285.63199,-2185.98722,3.04,-4471.61921,,,
0.263825,3.05E-03,-131836.11,-2294.31752,-2194.31536,3.05,-4488.63288,,,
0.264825,3.07E-03,-132335.82,-2303.00304,-2202.64352,3.07,-4505.64656,,,
0.265825,3.08E-03,-132835.531,-2311.68853,-2210.9717,3.08,-4522.66023,,,
0.266825,3.09E-03,-133335.241,-2320.37401,-2219.2999,3.09,-4539.67391,,,
0.267825,3.10E-03,-133834.951,-2329.05947,-2227.62812,3.10,-4556.68759,,,
0.268825,3.11E-03,-134334.662,-2337.74491,-2235.95635,3.11,-4573.70126,,,
0.269825,3.13E-03,-134834.372,-2346.43034,-2244.2846,3.13,-4590.71494,,,
0.270825,3.14E-03,-135334.083,-2355.11574,-2252.61287,3.14,-4607.72861,,,
0.271825,3.15E-03,-135833.793,-2363.80113,-2260.94115,3.15,-4624.74228,,,
0.272825,3.16E-03,-136333.504,-2372.48651,-2269.26945,3.16,-4641.75596,,,
0.273825,3.17E-03,-136833.214,-2381.17187,-2277.59777,3.17,-4658.76964,,,
0.274825,3.18E-03,-137332.925,-2389.85721,-2285.92611,3.18,-4675.78332,,,
0.275825,3.20E-03,-137832.635,-2398.54253,-2294.25446,3.20,-4692.79699,,,
0.276825,3.21E-03,-138332.345,-2407.22784,-2302.58282,3.21,-4709.81066,,,
0.277825,3.22E-03,-138832.056,-2415.91313,-2310.91121,3.22,-4726.82434,,,
0.278825,3.23E-03,-139331.766,-2424.59841,-2319.23961,3.23,-4743.83802,,,
0.279825,3.24E-03,-139831.477,-2433.28366,-2327.56802,3.24,-4760.85168,,,
0.280825,3.26E-03,-140331.187,-2441.96891,-2335.89646,3.26,-4777.86537,,,
0.281825,3.27E-03,-140830.898,-2450.65413,-2344.22491,3.27,-4794.87904,,,
0.282825,3.28E-03,-141330.608,-2459.33934,-2352.55337,3.28,-4811.89271,,,
0.283825,3.29E-03,-141830.319,-2468.02454,-2360.88185,3.29,-4828.90639,,,
0.284825,3.30E-03,-142330.029,-2476.70972,-2369.21035,3.30,-4845.92007,,,
0.285825,3.32E-03,-142829.74,-2485.39488,-2377.53886,3.32,-4862.93374,,,
0.286825,3.33E-03,-143329.45,-2494.08003,-2385.86738,3.33,-4879.94741,,,
0.287825,3.34E-03,-143829.16,-2502.76516,-2394.19593,3.34,-4896.96109,,,
0.288825,3.35E-03,-144328.871,-2511.45028,-2402.52448,3.35,-4913.97476,,,
0.289825,3.36E-03,-144828.581,-2520.13538,-2410.85306,3.36,-4930.98844,,,
0.290825,3.38E-03,-145328.292,-2528.82047,-2419.18165,3.38,-4948.00212,,,
0.291825,3.39E-03,-145828.002,-2537.50554,-2427.51025,3.39,-4965.01579,,,
0.292825,3.40E-03,-146327.713,-2546.1906,-2435.83887,3.40,-4982.02947,,,
0.293825,3.41E-03,-146827.423,-2554.87564,-2444.1675,3.41,-4999.04314,,,
0.294825,3.42E-03,-147327.134,-2563.56067,-2452.49615,3.42,-5016.05682,,,
0.295825,3.44E-03,-147826.844,-2572.24568,-2460.82481,3.44,-5033.07049,,,
0.296825,3.45E-03,-148326.554,-2580.93068,-2469.15349,3.45,-5050.08417,,,
0.297825,3.46E-03,-148826.265,-2589.61566,-2477.48218,3.46,-5067.09784,,,
0.298825,3.47E-03,-149325.975,-2598.30063,-2485.81089,3.47,-5084.11152,,,
0.299825,3.48E-03,-149825.686,-2606.98559,-2494.13961,3.48,-5101.1252,,,
0.300825,3.50E-03,-150325.396,-2615.67053,-2502.46834,3.50,-5118.13887,,,
0.301825,3.51E-03,-150825.107,-2624.35545,-2510.79709,3.51,-5135.15254,,,
0.302825,3.52E-03,-151324.817,-2633.04036,-2519.12586,3.52,-5152.16622,,,
0.303825,3.53E-03,-151824.528,-2641.72526,-2527.45464,3.53,-5169.1799,,,
0.304825,3.54E-03,-152324.238,-2650.41014,-2535.78343,3.54,-5186.19357,,,
0.305825,3.56E-03,-152823.949,-2659.09501,-2544.11223,3.56,-5203.20724,,,
0.306825,3.57E-03,-153323.659,-2667.77987,-2552.44105,3.57,-5220.22092,,,
0.307825,3.58E-03,-153823.369,-2676.46471,-2560.76989,3.58,-5237.2346,,,
0.308825,3.59E-03,-154323.08,-2685.14954,-2569.09874,3.59,-5254.24828,,,
0.309825,3.60E-03,-154822.79,-2693.83435,-2577.4276,3.60,-5271.26195,,,
0.310825,3.62E-03,-155322.501,-2702.51915,-2585.75647,3.62,-5288.27562,,,
0.311825,3.63E-03,-155822.211,-2711.20394,-2594.08536,3.63,-5305.2893,,,
0.312825,3.64E-03,-156321.922,-2719.88871,-2602.41426,3.64,-5322.30297,,,
0.313825,3.65E-03,-156821.632,-2728.57347,-2610.74318,3.65,-5339.31665,,,
0.314825,3.66E-03,-157321.343,-2737.25822,-2619.07211,3.66,-5356.33033,,,
0.315825,3.67E-03,-157821.053,-2745.94295,-2627.40105,3.67,-5373.344,,,
0.316825,3.69E-03,-158320.764,-2754.62767,-2635.73,3.69,-5390.35767,,,
0.317825,3.70E-03,-158820.474,-2763.31238,-2644.05897,3.70,-5407.37135,,,
0.318825,3.71E-03,-159320.184,-2771.99707,-2652.38795,3.71,-5424.38502,,,
0.319825,3.72E-03,-159819.895,-2780.68175,-2660.71695,3.72,-5441.3987,,,
0.320825,3.73E-03,-160319.605,-2789.36642,-2669.04595,3.73,-5458.41237,,,
0.321825,3.75E-03,-160819.316,-2798.05108,-2677.37497,3.75,-5475.42605,,,
0.322825,3.76E-03,-161319.026,-2806.73572,-2685.70401,3.76,-5492.43973,,,
0.323825,3.77E-03,-161818.737,-2815.42035,-2694.03305,3.77,-5509.4534,,,
0.324825,3.78E-03,-162318.447,-2824.10497,-2702.36211,3.78,-5526.46708,,,
0.325825,3.79E-03,-162818.158,-2832.78957,-2710.69118,3.79,-5543.48075,,,
0.326825,3.81E-03,-163317.868,-2841.47416,-2719.02026,3.81,-5560.49442,,,
0.327825,3.82E-03,-163817.578,-2850.15874,-2727.34936,3.82,-5577.5081,,,
0.328825,3.83E-03,-164317.289,-2858.84331,-2735.67847,3.83,-5594.52178,,,
0.329825,3.84E-03,-164816.999,-2867.52786,-2744.00759,3.84,-5611.53545,,,
0.330825,3.85E-03,-165316.71,-2876.21241,-2752.33672,3.85,-5628.54913,,,
0.331825,3.87E-03,-165816.42,-2884.89694,-2760.66587,3.87,-5645.56281,,,
0.332825,3.88E-03,-166316.131,-2893.58145,-2768.99502,3.88,-5662.57647,,,
0.333825,3.89E-03,-166815.841,-2902.26596,-2777.32419,3.89,-5679.59015,,,
0.334825,3.90E-03,-167315.552,-2910.95045,-2785.65338,3.90,-5696.60383,,,
0.335825,3.91E-03,-167815.262,-2919.63494,-2793.98257,3.91,-5713.61751,,,
0.336825,3.93E-03,-168314.973,-2928.3194,-2802.31178,3.93,-5730.63118,,,
0.337825,3.94E-03,-168814.683,-2937.00386,-2810.64099,3.94,-5747.64485,,,
0.338825,3.95E-03,-169314.393,-2945.68831,-2818.97022,3.95,-5764.65853,,,
0.339825,3.96E-03,-169814.104,-2954.37274,-2827.29946,3.96,-5781.6722,,,
0.340825,3.97E-03,-170313.814,-2963.05716,-2835.62872,3.97,-5798.68588,,,
0.341825,3.99E-03,-170813.525,-2971.74158,-2843.95798,3.99,-5815.69956,,,
0.342825,4.00E-03,-171313.235,-2980.42597,-2852.28726,4.00,-5832.71323,,,
0.343825,4.01E-03,-171812.946,-2989.11036,-2860.61655,4.01,-5849.72691,,,
0.344825,4.02E-03,-172312.656,-2997.79474,-2868.94585,4.02,-5866.74059,,,
0.345825,4.03E-03,-172812.367,-3006.4791,-2877.27516,4.03,-5883.75426,,,
0.346825,4.05E-03,-173312.077,-3015.16345,-2885.60448,4.05,-5900.76793,,,
0.347825,4.06E-03,-173811.787,-3023.8478,-2893.93381,4.06,-5917.78161,,,
0.348825,4.07E-03,-174311.498,-3032.53213,-2902.26316,4.07,-5934.79529,,,
0.349825,4.08E-03,-174811.208,-3041.21645,-2910.59251,4.08,-5951.80896,,,
0.350825,4.09E-03,-175310.919,-3049.90075,-2918.92188,4.09,-5968.82263,,,
0.351825,4.11E-03,-175810.629,-3058.58505,-2927.25126,4.11,-5985.83631,,,
0.352825,4.12E-03,-176310.34,-3067.26933,-2935.58065,4.12,-6002.84998,,,
0.353825,4.13E-03,-176810.05,-3075.95361,-2943.91005,4.13,-6019.86366,,,
0.354825,4.14E-03,-177309.761,-3084.63787,-2952.23946,4.14,-6036.87733,,,
0.355825,4.15E-03,-177809.471,-3093.32212,-2960.56889,4.15,-6053.89101,,,
0.356825,4.17E-03,-178309.182,-3102.00637,-2968.89832,4.17,-6070.90469,,,
0.357825,4.18E-03,-178808.892,-3110.6906,-2977.22776,4.18,-6087.91836,,,
0.358825,4.19E-03,-179308.602,-3119.37482,-2985.55722,4.19,-6104.93204,,,
0.359825,4.20E-03,-179808.313,-3128.05903,-2993.88669,4.20,-6121.94572,,,
0.360825,4.21E-03,-180308.023,-3136.74322,-3002.21616,4.21,-6138.95938,,,
0.361825,4.23E-03,-180807.734,-3145.42741,-3010.54565,4.23,-6155.97306,,,
0.362825,4.24E-03,-181307.444,-3154.11159,-3018.87515,4.24,-6172.98674,,,
0.363825,4.25E-03,-181807.155,-3162.79575,-3027.20466,4.25,-6190.00041,,,
0.364825,4.26E-03,-182306.865,-3171.47991,-3035.53418,4.26,-6207.01409,,,
0.365825,4.27E-03,-182806.576,-3180.16405,-3043.86371,4.27,-6224.02776,,,
0.366825,4.29E-03,-183306.286,-3188.84819,-3052.19325,4.29,-6241.04144,,,
0.367825,4.30E-03,-183805.996,-3197.53231,-3060.5228,4.30,-6258.05511,,,
0.368825,4.31E-03,-184305.707,-3206.21643,-3068.85236,4.31,-6275.06879,,,
0.369825,4.32E-03,-184805.417,-3214.90053,-3077.18193,4.32,-6292.08246,,,
0.370825,4.33E-03,-185305.128,-3223.58462,-3085.51152,4.33,-6309.09614,,,
0.371825,4.35E-03,-185804.838,-3232.26871,-3093.84111,4.35,-6326.10982,,,
0.372825,4.36E-03,-186304.549,-3240.95278,-3102.17071,4.36,-6343.12349,,,
0.373825,4.37E-03,-186804.259,-3249.63684,-3110.50032,4.37,-6360.13716,,,
0.374825,4.38E-03,-187303.97,-3258.32089,-3118.82995,4.38,-6377.15084,,,
0.375825,4.39E-03,-187803.68,-3267.00494,-3127.15958,4.39,-6394.16452,,,
0.376825,4.41E-03,-188303.391,-3275.68897,-3135.48922,4.41,-6411.17819,,,
0.377825,4.42E-03,-188803.101,-3284.37299,-3143.81888,4.42,-6428.19187,,,
0.378825,4.43E-03,-189302.811,-3293.057,-3152.14854,4.43,-6445.20554,,,
0.379825,4.44E-03,-189802.522,-3301.74101,-3160.47821,4.44,-6462.21922,,,
0.380825,4.45E-03,-190302.232,-3310.425,-3168.8079,4.45,-6479.2329,,,
0.381825,4.47E-03,-190801.943,-3319.10898,-3177.13759,4.47,-6496.24657,,,
0.382825,4.48E-03,-191301.653,-3327.79295,-3185.46729,4.48,-6513.26024,,,
0.383825,4.49E-03,-191801.364,-3336.47692,-3193.797,4.49,-6530.27392,,,
0.384825,4.50E-03,-192301.074,-3345.16087,-3202.12672,4.50,-6547.28759,,,
0.385825,4.51E-03,-192800.785,-3353.84481,-3210.45646,4.51,-6564.30127,,,
0.386825,4.53E-03,-193300.495,-3362.52875,-3218.7862,4.53,-6581.31495,,,
0.387825,4.54E-03,-193800.205,-3371.21267,-3227.11595,4.54,-6598.32862,,,
0.388825,4.55E-03,-194299.916,-3379.89659,-3235.44571,4.55,-6615.3423,,,
0.389825,4.56E-03,-194799.626,-3388.58049,-3243.77548,4.56,-6632.35597,,,
0.390825,4.57E-03,-195299.337,-3397.26439,-3252.10526,4.57,-6649.36965,,,
0.391825,4.59E-03,-195799.047,-3405.94827,-3260.43505,4.59,-6666.38332,,,
0.392825,4.60E-03,-196298.758,-3414.63215,-3268.76485,4.60,-6683.397,,,
0.393825,4.61E-03,-196798.468,-3423.31602,-3277.09465,4.61,-6700.41067,,,
0.394825,4.62E-03,-197298.179,-3431.99988,-3285.42447,4.62,-6717.42435,,,
0.395825,4.63E-03,-197797.889,-3440.68372,-3293.7543,4.63,-6734.43802,,,
0.396825,4.65E-03,-198297.6,-3449.36756,-3302.08413,4.65,-6751.45169,,,
0.397825,4.66E-03,-198797.31,-3458.05139,-3310.41398,4.66,-6768.46537,,,
0.398825,4.67E-03,-199297.02,-3466.73522,-3318.74383,4.67,-6785.47905,,,
0.399825,4.68E-03,-199796.731,-3475.41903,-3327.0737,4.68,-6802.49273,,,
0.400825,4.69E-03,-200296.441,-3484.10283,-3335.40357,4.69,-6819.5064,,,
0.401825,4.71E-03,-200796.152,-3492.78662,-3343.73345,4.71,-6836.52007,,,
0.402825,4.72E-03,-201295.862,-3501.47041,-3352.06334,4.72,-6853.53375,,,
0.403825,4.73E-03,-201795.573,-3510.15418,-3360.39324,4.73,-6870.54742,,,
0.404825,4.74E-03,-202295.283,-3518.83795,-3368.72315,4.74,-6887.5611,,,
0.405825,4.75E-03,-202794.994,-3527.52171,-3377.05307,4.75,-6904.57478,,,
0.406825,4.77E-03,-203294.704,-3536.20546,-3385.38299,4.77,-6921.58845,,,
0.407825,4.78E-03,-203794.415,-3544.8892,-3393.71293,4.78,-6938.60213,,,
0.408825,4.79E-03,-204294.125,-3553.57293,-3402.04287,4.79,-6955.6158,,,
0.409825,4.80E-03,-204793.835,-3562.25665,-3410.37283,4.80,-6972.62948,,,
0.410825,4.82E-03,-205293.546,-3570.94036,-3418.70279,4.82,-6989.64315,,,
0.411825,4.83E-03,-205793.256,-3579.62407,-3427.03276,4.83,-7006.65683,,,
0.412825,4.84E-03,-206292.967,-3588.30776,-3435.36274,4.84,-7023.6705,,,
0.413825,4.85E-03,-206792.677,-3596.99145,-3443.69273,4.85,-7040.68418,,,
0.414825,4.86E-03,-207292.388,-3605.67513,-3452.02272,4.86,-7057.69785,,,
0.415825,4.88E-03,-207792.098,-3614.3588,-3460.35273,4.88,-7074.71153,,,
0.416825,4.89E-03,-208291.809,-3623.04246,-3468.68274,4.89,-7091.7252,,,
0.417825,4.90E-03,-208791.519,-3631.72611,-3477.01277,4.90,-7108.73888,,,
0.418825,4.91E-03,-209291.229,-3640.40976,-3485.3428,4.91,-7125.75256,,,
0.419825,4.92E-03,-209790.94,-3649.09339,-3493.67284,4.92,-7142.76623,,,
0.420825,4.94E-03,-210290.65,-3657.77702,-3502.00289,4.94,-7159.77991,,,
0.421825,4.95E-03,-210790.361,-3666.46064,-3510.33294,4.95,-7176.79358,,,
0.422825,4.96E-03,-211290.071,-3675.14425,-3518.66301,4.96,-7193.80726,,,
0.423825,4.97E-03,-211789.782,-3683.82785,-3526.99308,4.97,-7210.82093,,,
0.424825,4.98E-03,-212289.492,-3692.51144,-3535.32317,4.98,-7227.83461,,,
0.425825,5.00E-03,-212789.203,-3701.19503,-3543.65326,5.00,-7244.84829,,,
0.426825,5.01E-03,-213288.913,-3709.8786,-3551.98335,5.01,-7261.86195,,,
0.427825,5.02E-03,-213788.624,-3718.56217,-3560.31346,5.02,-7278.87563,,,
0.428825,5.03E-03,-214288.334,-3727.24573,-3568.64358,5.03,-7295.88931,,,
0.429825,5.04E-03,-214788.044,-3735.92928,-3576.9737,5.04,-7312.90298,,,
0.430825,5.06E-03,-215287.755,-3744.61283,-3585.30383,5.06,-7329.91666,,,
0.431825,5.07E-03,-215787.465,-3753.29636,-3593.63397,5.07,-7346.93033,,,
0.432825,5.08E-03,-216287.176,-3761.97989,-3601.96412,5.08,-7363.94401,,,
0.433825,5.09E-03,-216786.886,-3770.66341,-3610.29428,5.09,-7380.95769,,,
0.434825,5.10E-03,-217286.597,-3779.34692,-3618.62444,5.10,-7397.97136,,,
0.435825,5.12E-03,-217786.307,-3788.03042,-3626.95461,5.12,-7414.98503,,,
0.436825,5.13E-03,-218286.018,-3796.71392,-3635.28479,5.13,-7431.99871,,,
0.437825,5.14E-03,-218785.728,-3805.3974,-3643.61498,5.14,-7449.01238,,,
0.438825,5.15E-03,-219285.438,-3814.08088,-3651.94518,5.15,-7466.02606,,,
0.439825,5.16E-03,-219785.149,-3822.76435,-3660.27538,5.16,-7483.03973,,,
0.440825,5.18E-03,-220284.859,-3831.44782,-3668.60559,5.18,-7500.05341,,,
0.441825,5.19E-03,-220784.57,-3840.13127,-3676.93581,5.19,-7517.06708,,,
0.442825,5.20E-03,-221284.28,-3848.81472,-3685.26604,5.20,-7534.08076,,,
0.443825,5.21E-03,-221783.991,-3857.49816,-3693.59628,5.21,-7551.09444,,,
0.444825,5.22E-03,-222283.701,-3866.18159,-3701.92652,5.22,-7568.10811,,,
0.445825,5.24E-03,-222783.412,-3874.86502,-3710.25677,5.24,-7585.12179,,,
0.446825,5.25E-03,-223283.122,-3883.54843,-3718.58703,5.25,-7602.13546,,,
0.447825,5.26E-03,-223782.833,-3892.23184,-3726.9173,5.26,-7619.14914,,,
0.448825,5.27E-03,-224282.543,-3900.91524,-3735.24757,5.27,-7636.16281,,,
0.449825,5.28E-03,-224782.253,-3909.59863,-3743.57785,5.28,-7653.17648,,,
0.450825,5.30E-03,-225281.964,-3918.28202,-3751.90814,5.30,-7670.19016,,,
0.451825,5.31E-03,-225781.674,-3926.9654,-3760.23844,5.31,-7687.20384,,,
0.452825,5.32E-03,-226281.385,-3935.64877,-3768.56875,5.32,-7704.21752,,,
0.453825,5.33E-03,-226781.095,-3944.33213,-3776.89906,5.33,-7721.23119,,,
0.454825,5.34E-03,-227280.806,-3953.01548,-3785.22938,5.34,-7738.24486,,,
0.455825,5.36E-03,-227780.516,-3961.69883,-3793.55971,5.36,-7755.25854,,,
0.456825,5.37E-03,-228280.227,-3970.38217,-3801.89004,5.37,-7772.27221,,,
0.457825,5.38E-03,-228779.937,-3979.0655,-3810.22039,5.38,-7789.28589,,,
0.458825,5.39E-03,-229279.647,-3987.74883,-3818.55074,5.39,-7806.29957,,,
0.459825,5.41E-03,-229779.358,-3996.43215,-3826.88109,5.41,-7823.31324,,,
0.460825,5.42E-03,-230279.068,-4005.11546,-3835.21146,5.42,-7840.32692,,,
0.461825,5.43E-03,-230778.779,-4013.79876,-3843.54183,5.43,-7857.34059,,,
0.462825,5.44E-03,-231278.489,-4022.48206,-3851.87221,5.44,-7874.35427,,,
0.463825,5.45E-03,-231778.2,-4031.16534,-3860.2026,5.45,-7891.36794,,,
0.464825,5.47E-03,-232277.91,-4039.84862,-3868.53299,5.47,-7908.38161,,,
0.465825,5.48E-03,-232777.621,-4048.5319,-3876.86339,5.48,-7925.39529,,,
0.466825,5.49E-03,-233277.331,-4057.21516,-3885.1938,5.49,-7942.40896,,,
0.467825,5.50E-03,-233777.042,-4065.89842,-3893.52422,5.50,-7959.42264,,,
0.468825,5.51E-03,-234276.752,-4074.58168,-3901.85464,5.51,-7976.43632,,,
0.469825,5.53E-03,-234776.462,-4083.26492,-3910.18507,5.53,-7993.44999,,,
0.470825,5.54E-03,-235276.173,-4091.94816,-3918.51551,5.54,-8010.46367,,,
0.471825,5.55E-03,-235775.883,-4100.63139,-3926.84596,5.55,-8027.47735,,,
0.472825,5.56E-03,-236275.594,-4109.31461,-3935.17641,5.56,-8044.49102,,,
0.473825,5.57E-03,-236775.304,-4117.99783,-3943.50687,5.57,-8061.5047,,,
0.474825,5.59E-03,-237275.015,-4126.68104,-3951.83734,5.59,-8078.51838,,,
0.475825,5.60E-03,-237774.725,-4135.36424,-3960.16781,5.60,-8095.53205,,,
0.476825,5.61E-03,-238274.436,-4144.04743,-3968.49829,5.61,-8112.54572,,,
0.477825,5.62E-03,-238774.146,-4152.73062,-3976.82878,5.62,-8129.5594,,,
0.478825,5.63E-03,-239273.856,-4161.4138,-3985.15927,5.63,-8146.57307,,,
0.479825,5.65E-03,-239773.567,-4170.09697,-3993.48977,5.65,-8163.58674,,,
0.480825,5.66E-03,-240273.277,-4178.78014,-4001.82028,5.66,-8180.60042,,,
0.481825,5.67E-03,-240772.988,-4187.4633,-4010.1508,5.67,-8197.6141,,,
0.482825,5.68E-03,-241272.698,-4196.14645,-4018.48132,5.68,-8214.62777,,,
0.483825,5.69E-03,-241772.409,-4204.8296,-4026.81185,5.69,-8231.64145,,,
0.484825,5.71E-03,-242272.119,-4213.51274,-4035.14238,5.71,-8248.65512,,,
0.485825,5.72E-03,-242771.83,-4222.19587,-4043.47293,5.72,-8265.6688,,,
0.486825,5.73E-03,-243271.54,-4230.879,-4051.80348,5.73,-8282.68248,,,
0.487825,5.74E-03,-243771.251,-4239.56212,-4060.13403,5.74,-8299.69615,,,
0.488825,5.76E-03,-244270.961,-4248.24523,-4068.4646,5.76,-8316.70983,,,
0.489825,5.77E-03,-244770.671,-4256.92833,-4076.79517,5.77,-8333.7235,,,
0.490825,5.78E-03,-245270.382,-4265.61143,-4085.12574,5.78,-8350.73717,,,
0.491825,5.79E-03,-245770.092,-4274.29452,-4093.45633,5.79,-8367.75085,,,
0.492825,5.80E-03,-246269.803,-4282.97761,-4101.78692,5.80,-8384.76453,,,
0.493825,5.82E-03,-246769.513,-4291.66068,-4110.11752,5.82,-8401.7782,,,
0.494825,5.83E-03,-247269.224,-4300.34376,-4118.44812,5.83,-8418.79188,,,
0.495825,5.84E-03,-247768.934,-4309.02682,-4126.77873,5.84,-8435.80555,,,
0.496825,5.85E-03,-248268.645,-4317.70988,-4135.10935,5.85,-8452.81923,,,
0.497825,5.86E-03,-248768.355,-4326.39293,-4143.43997,5.86,-8469.8329,,,
0.498825,5.88E-03,-249268.066,-4335.07598,-4151.7706,5.88,-8486.84658,,,
0.499825,5.89E-03,-249767.776,-4343.75901,-4160.10124,5.89,-8503.86025,,,
0.500825,5.90E-03,-250267.486,-4352.44205,-4168.43188,5.90,-8520.87393,,,
0.501825,5.91E-03,-250767.197,-4361.12507,-4176.76253,5.91,-8537.8876,,,
0.502825,5.92E-03,-251266.907,-4369.80809,-4185.09319,5.92,-8554.90128,,,
0.503825,5.94E-03,-251766.618,-4378.4911,-4193.42385,5.94,-8571.91495,,,
0.504825,5.95E-03,-252266.328,-4387.17411,-4201.75452,5.95,-8588.92863,,,
0.505825,5.96E-03,-252766.039,-4395.85711,-4210.0852,5.96,-8605.94231,,,
0.506825,5.97E-03,-253265.749,-4404.5401,-4218.41588,5.97,-8622.95598,,,
0.507825,5.98E-03,-253765.46,-4413.22309,-4226.74657,5.98,-8639.96966,,,
0.508825,6.00E-03,-254265.17,-4421.90607,-4235.07726,6.00,-8656.98333,,,
0.509825,6.01E-03,-254764.88,-4430.58904,-4243.40796,6.01,-8673.997,,,
0.510825,6.02E-03,-255264.591,-4439.27201,-4251.73867,6.02,-8691.01068,,,
0.511825,6.03E-03,-255764.301,-4447.95497,-4260.06939,6.03,-8708.02436,,,
0.512825,6.05E-03,-256264.012,-4456.63792,-4268.40011,6.05,-8725.03803,,,
0.513825,6.06E-03,-256763.722,-4465.32087,-4276.73083,6.06,-8742.0517,,,
0.514825,6.07E-03,-257263.433,-4474.00382,-4285.06157,6.07,-8759.06539,,,
0.515825,6.08E-03,-257763.143,-4482.68675,-4293.39231,6.08,-8776.07906,,,
0.516825,6.09E-03,-258262.854,-4491.36968,-4301.72305,6.09,-8793.09273,,,
0.517825,6.11E-03,-258762.564,-4500.0526,-4310.0538,6.11,-8810.1064,,,
0.518825,6.12E-03,-259262.275,-4508.73552,-4318.38456,6.12,-8827.12008,,,
0.519825,6.13E-03,-259761.985,-4517.41843,-4326.71533,6.13,-8844.13376,,,
0.520825,6.14E-03,-260261.695,-4526.10134,-4335.0461,6.14,-8861.14744,,,
0.521825,6.15E-03,-260761.406,-4534.78424,-4343.37687,6.15,-8878.16111,,,
0.522825,6.17E-03,-261261.116,-4543.46713,-4351.70766,6.17,-8895.17479,,,
0.523825,6.18E-03,-261760.827,-4552.15001,-4360.03845,6.18,-8912.18846,,,
0.524825,6.19E-03,-262260.537,-4560.83289,-4368.36924,6.19,-8929.20213,,,
0.525825,6.20E-03,-262760.248,-4569.51577,-4376.70004,6.20,-8946.21581,,,
0.526825,6.21E-03,-263259.958,-4578.19864,-4385.03085,6.21,-8963.22949,,,
0.527825,6.23E-03,-263759.669,-4586.8815,-4393.36166,6.23,-8980.24316,,,
0.528825,6.24E-03,-264259.379,-4595.56435,-4401.69248,6.24,-8997.25683,,,
0.529825,6.25E-03,-264759.089,-4604.2472,-4410.02331,6.25,-9014.27051,,,
0.530825,6.26E-03,-265258.8,-4612.93005,-4418.35414,6.26,-9031.28419,,,
0.531825,6.27E-03,-265758.51,-4621.61289,-4426.68498,6.27,-9048.29787,,,
0.532825,6.29E-03,-266258.221,-4630.29572,-4435.01582,6.29,-9065.31154,,,
0.533825,6.30E-03,-266757.931,-4638.97854,-4443.34667,6.30,-9082.32521,,,
0.534825,6.31E-03,-267257.642,-4647.66136,-4451.67753,6.31,-9099.33889,,,
0.535825,6.32E-03,-267757.352,-4656.34418,-4460.00839,6.32,-9116.35257,,,
0.536825,6.34E-03,-268257.063,-4665.02698,-4468.33925,6.34,-9133.36623,,,
0.537825,6.35E-03,-268756.773,-4673.70979,-4476.67013,6.35,-9150.37992,,,
0.538825,6.36E-03,-269256.484,-4682.39258,-4485.00101,6.36,-9167.39359,,,
0.539825,6.37E-03,-269756.194,-4691.07537,-4493.33189,6.37,-9184.40726,,,
0.540825,6.38E-03,-270255.904,-4699.75816,-4501.66278,6.38,-9201.42094,,,
0.541825,6.40E-03,-270755.615,-4708.44094,-4509.99368,6.40,-9218.43462,,,
0.542825,6.41E-03,-271255.325,-4717.12371,-4518.32458,6.41,-9235.44829,,,
0.543825,6.42E-03,-271755.036,-4725.80648,-4526.65549,6.42,-9252.46197,,,
0.544825,6.43E-03,-272254.746,-4734.48924,-4534.9864,6.43,-9269.47564,,,
0.545825,6.44E-03,-272754.457,-4743.17199,-4543.31732,6.44,-9286.48931,,,
0.546825,6.46E-03,-273254.167,-4751.85474,-4551.64825,6.46,-9303.50299,,,
0.547825,6.47E-03,-273753.878,-4760.53749,-4559.97918,6.47,-9320.51667,,,
0.548825,6.48E-03,-274253.588,-4769.22022,-4568.31012,6.48,-9337.53034,,,
0.549825,6.49E-03,-274753.298,-4777.90296,-4576.64106,6.49,-9354.54402,,,
0.550825,6.50E-03,-275253.009,-4786.58568,-4584.97201,6.50,-9371.55769,,,
0.551825,6.52E-03,-275752.719,-4795.26841,-4593.30296,6.52,-9388.57137,,,
0.552825,6.53E-03,-276252.43,-4803.95112,-4601.63392,6.53,-9405.58504,,,
0.553825,6.54E-03,-276752.14,-4812.63383,-4609.96489,6.54,-9422.59872,,,
0.554825,6.55E-03,-277251.851,-4821.31653,-4618.29586,6.55,-9439.61239,,,
0.555825,6.57E-03,-277751.561,-4829.99923,-4626.62684,6.57,-9456.62607,,,
0.556825,6.58E-03,-278251.272,-4838.68193,-4634.95782,6.58,-9473.63975,,,
0.557825,6.59E-03,-278750.982,-4847.36461,-4643.28881,6.59,-9490.65342,,,
0.558825,6.60E-03,-279250.693,-4856.04729,-4651.6198,6.60,-9507.66709,,,
0.559825,6.61E-03,-279750.403,-4864.72997,-4659.9508,6.61,-9524.68077,,,
0.560825,6.63E-03,-280250.113,-4873.41264,-4668.2818,6.63,-9541.69444,,,
0.561825,6.64E-03,-280749.824,-4882.09531,-4676.61281,6.64,-9558.70812,,,
0.562825,6.65E-03,-281249.534,-4890.77797,-4684.94383,6.65,-9575.7218,,,
0.563825,6.66E-03,-281749.245,-4899.46062,-4693.27485,6.66,-9592.73547,,,
0.564825,6.67E-03,-282248.955,-4908.14327,-4701.60588,6.67,-9609.74915,,,
0.565825,6.69E-03,-282748.666,-4916.82591,-4709.93691,6.69,-9626.76282,,,
0.566825,6.70E-03,-283248.376,-4925.50855,-4718.26795,6.70,-9643.7765,,,
0.567825,6.71E-03,-283748.087,-4934.19118,-4726.59899,6.71,-9660.79017,,,
0.568825,6.72E-03,-284247.797,-4942.87381,-4734.93004,6.72,-9677.80385,,,
0.569825,6.73E-03,-284747.507,-4951.55643,-4743.26109,6.73,-9694.81752,,,
0.570825,6.75E-03,-285247.218,-4960.23904,-4751.59215,6.75,-9711.83119,,,
0.571825,6.76E-03,-285746.928,-4968.92166,-4759.92322,6.76,-9728.84488,,,
0.572825,6.77E-03,-286246.639,-4977.60426,-4768.25429,6.77,-9745.85855,,,
0.573825,6.78E-03,-286746.349,-4986.28686,-4776.58536,6.78,-9762.87222,,,
0.574825,6.80E-03,-287246.06,-4994.96945,-4784.91645,6.80,-9779.8859,,,
0.575825,6.81E-03,-287745.77,-5003.65204,-4793.24753,6.81,-9796.89957,,,
0.576825,6.82E-03,-288245.481,-5012.33463,-4801.57862,6.82,-9813.91325,,,
0.577825,6.83E-03,-288745.191,-5021.01721,-4809.90972,6.83,-9830.92693,,,
0.578825,6.84E-03,-289244.902,-5029.69978,-4818.24082,6.84,-9847.9406,,,
0.579825,6.86E-03,-289744.612,-5038.38235,-4826.57193,6.86,-9864.95428,,,
0.580825,6.87E-03,-290244.322,-5047.06491,-4834.90304,6.87,-9881.96795,,,
0.581825,6.88E-03,-290744.033,-5055.74747,-4843.23416,6.88,-9898.98163,,,
0.582825,6.89E-03,-291243.743,-5064.43002,-4851.56528,6.89,-9915.9953,,,
0.583825,6.90E-03,-291743.454,-5073.11256,-4859.89641,6.90,-9933.00897,,,
0.584825,6.92E-03,-292243.164,-5081.79511,-4868.22755,6.92,-9950.02266,,,
0.585825,6.93E-03,-292742.875,-5090.47764,-4876.55869,6.93,-9967.03633,,,
0.586825,6.94E-03,-293242.585,-5099.16017,-4884.88983,6.94,-9984.05,,,
0.587825,6.95E-03,-293742.296,-5107.8427,-4893.22098,6.95,-10001.06368,,,
0.588825,6.97E-03,-294242.006,-5116.52522,-4901.55213,6.97,-10018.07735,,,
0.589825,6.98E-03,-294741.717,-5125.20774,-4909.88329,6.98,-10035.09103,,,
0.590825,6.99E-03,-295241.427,-5133.89025,-4918.21446,6.99,-10052.10471,,,
0.591825,7.00E-03,-295741.137,-5142.57275,-4926.54563,7.00,-10069.11838,,,
0.592825,7.01E-03,-296240.848,-5151.25525,-4934.8768,7.01,-10086.13205,,,
0.593825,7.03E-03,-296740.558,-5159.93775,-4943.20798,7.03,-10103.14573,,,
0.594825,7.04E-03,-297240.269,-5168.62024,-4951.53917,7.04,-10120.15941,,,
0.595825,7.05E-03,-297739.979,-5177.30272,-4959.87036,7.05,-10137.17308,,,
0.596825,7.06E-03,-298239.69,-5185.9852,-4968.20156,7.06,-10154.18676,,,
0.597825,7.07E-03,-298739.4,-5194.66768,-4976.53276,7.07,-10171.20044,,,
0.598825,7.09E-03,-299239.111,-5203.35014,-4984.86396,7.09,-10188.2141,,,
0.599825,7.10E-03,-299738.821,-5212.03261,-4993.19517,7.10,-10205.22778,,,
0.600825,7.11E-03,-300238.531,-5220.71507,-5001.52639,7.11,-10222.24146,,,
0.601825,7.12E-03,-300738.242,-5229.39752,-5009.85761,7.12,-10239.25513,,,
0.602825,7.14E-03,-301237.952,-5238.07997,-5018.18883,7.14,-10256.2688,,,
0.603825,7.15E-03,-301737.663,-5246.76242,-5026.52007,7.15,-10273.28249,,,
0.604825,7.16E-03,-302237.373,-5255.44486,-5034.8513,7.16,-10290.29616,,,
0.605825,7.17E-03,-302737.084,-5264.12729,-5043.18254,7.17,-10307.30983,,,
0.606825,7.18E-03,-303236.794,-5272.80972,-5051.51379,7.18,-10324.32351,,,
0.607825,7.20E-03,-303736.505,-5281.49215,-5059.84504,7.20,-10341.33719,,,
0.608825,7.21E-03,-304236.215,-5290.17457,-5068.17629,7.21,-10358.35086,,,
0.609825,7.22E-03,-304735.926,-5298.85698,-5076.50755,7.22,-10375.36453,,,
0.610825,7.23E-03,-305235.636,-5307.53939,-5084.83882,7.23,-10392.37821,,,
0.611825,7.24E-03,-305735.346,-5316.2218,-5093.17009,7.24,-10409.39189,,,
0.612825,7.26E-03,-306235.057,-5324.9042,-5101.50136,7.26,-10426.40556,,,
0.613825,7.27E-03,-306734.767,-5333.58659,-5109.83264,7.27,-10443.41923,,,
0.614825,7.28E-03,-307234.478,-5342.26898,-5118.16393,7.28,-10460.43291,,,
0.615825,7.29E-03,-307734.188,-5350.95137,-5126.49522,7.29,-10477.44659,,,
0.616825,7.31E-03,-308233.899,-5359.63375,-5134.82651,7.31,-10494.46026,,,
0.617825,7.32E-03,-308733.609,-5368.31612,-5143.15781,7.32,-10511.47393,,,
0.618825,7.33E-03,-309233.32,-5376.9985,-5151.48912,7.33,-10528.48762,,,
0.619825,7.34E-03,-309733.03,-5385.68086,-5159.82043,7.34,-10545.50129,,,
0.620825,7.35E-03,-310232.74,-5394.36322,-5168.15174,7.35,-10562.51496,,,
0.621825,7.37E-03,-310732.451,-5403.04558,-5176.48306,7.37,-10579.52864,,,
0.622825,7.38E-03,-311232.161,-5411.72793,-5184.81438,7.38,-10596.54231,,,
0.623825,7.39E-03,-311731.872,-5420.41028,-5193.14571,7.39,-10613.55599,,,
0.624825,7.40E-03,-312231.582,-5429.09262,-5201.47704,7.40,-10630.56966,,,
0.625825,7.41E-03,-312731.293,-5437.77496,-5209.80838,7.41,-10647.58334,,,
0.626825,7.43E-03,-313231.003,-5446.45729,-5218.13972,7.43,-10664.59701,,,
0.627825,7.44E-03,-313730.714,-5455.13962,-5226.47107,7.44,-10681.61069,,,
0.628825,7.45E-03,-314230.424,-5463.82194,-5234.80242,7.45,-10698.62436,,,
0.629825,7.46E-03,-314730.135,-5472.50426,-5243.13378,7.46,-10715.63804,,,
0.630825,7.48E-03,-315229.845,-5481.18658,-5251.46514,7.48,-10732.65172,,,
0.631825,7.49E-03,-315729.555,-5489.86889,-5259.7965,7.49,-10749.66539,,,
0.632825,7.50E-03,-316229.266,-5498.55119,-5268.12787,7.50,-10766.67906,,,
0.633825,7.51E-03,-316728.976,-5507.23349,-5276.45925,7.51,-10783.69274,,,
0.634825,7.52E-03,-317228.687,-5515.91579,-5284.79063,7.52,-10800.70642,,,
0.635825,7.54E-03,-317728.397,-5524.59808,-5293.12201,7.54,-10817.72009,,,
0.636825,7.55E-03,-318228.108,-5533.28037,-5301.4534,7.55,-10834.73377,,,
0.637825,7.56E-03,-318727.818,-5541.96265,-5309.7848,7.56,-10851.74745,,,
0.638825,7.57E-03,-319227.529,-5550.64492,-5318.11619,7.57,-10868.76111,,,
0.639825,7.58E-03,-319727.239,-5559.3272,-5326.4476,7.58,-10885.7748,,,
0.640825,7.60E-03,-320226.949,-5568.00947,-5334.779,7.60,-10902.78847,,,
0.641825,7.61E-03,-320726.66,-5576.69173,-5343.11042,7.61,-10919.80215,,,
0.642825,7.62E-03,-321226.37,-5585.37399,-5351.44183,7.62,-10936.81582,,,
0.643825,7.63E-03,-321726.081,-5594.05624,-5359.77325,7.63,-10953.82949,,,
0.644825,7.65E-03,-322225.791,-5602.73849,-5368.10468,7.65,-10970.84317,,,
0.645825,7.66E-03,-322725.502,-5611.42074,-5376.43611,7.66,-10987.85685,,,
0.646825,7.67E-03,-323225.212,-5620.10298,-5384.76754,7.67,-11004.87052,,,
0.647825,7.68E-03,-323724.923,-5628.78521,-5393.09898,7.68,-11021.88419,,,
0.648825,7.69E-03,-324224.633,-5637.46745,-5401.43043,7.69,-11038.89788,,,
0.649825,7.71E-03,-324724.344,-5646.14967,-5409.76187,7.71,-11055.91154,,,
0.650825,7.72E-03,-325224.054,-5654.8319,-5418.09333,7.72,-11072.92523,,,
0.651825,7.73E-03,-325723.764,-5663.51411,-5426.42478,7.73,-11089.93889,,,
0.652825,7.74E-03,-326223.475,-5672.19633,-5434.75624,7.74,-11106.95257,,,
0.653825,7.75E-03,-326723.185,-5680.87854,-5443.08771,7.75,-11123.96625,,,
0.654825,7.77E-03,-327222.896,-5689.56074,-5451.41918,7.77,-11140.97992,,,
0.655825,7.78E-03,-327722.606,-5698.24294,-5459.75066,7.78,-11157.9936,,,
0.656825,7.79E-03,-328222.317,-5706.92514,-5468.08213,7.79,-11175.00727,,,
0.657825,7.80E-03,-328722.027,-5715.60733,-5476.41362,7.80,-11192.02095,,,
0.658825,7.82E-03,-329221.738,-5724.28952,-5484.74511,7.82,-11209.03463,,,
0.659825,7.83E-03,-329721.448,-5732.9717,-5493.0766,7.83,-11226.0483,,,
0.660825,7.84E-03,-330221.158,-5741.65388,-5501.4081,7.84,-11243.06198,,,
0.661825,7.85E-03,-330720.869,-5750.33605,-5509.7396,7.85,-11260.07565,,,
0.662825,7.86E-03,-331220.579,-5759.01822,-5518.0711,7.86,-11277.08932,,,
0.663825,7.88E-03,-331720.29,-5767.70039,-5526.40261,7.88,-11294.103,,,
0.664825,7.89E-03,-332220,-5776.38255,-5534.73413,7.89,-11311.11668,,,
0.665825,7.90E-03,-332719.711,-5785.06471,-5543.06564,7.90,-11328.13035,,,
0.666825,7.91E-03,-333219.421,-5793.74686,-5551.39717,7.91,-11345.14403,,,
0.667825,7.92E-03,-333719.132,-5802.42901,-5559.72869,7.92,-11362.1577,,,
0.668825,7.94E-03,-334218.842,-5811.11115,-5568.06023,7.94,-11379.17138,,,
0.669825,7.95E-03,-334718.553,-5819.79329,-5576.39176,7.95,-11396.18505,,,
0.670825,7.96E-03,-335218.263,-5828.47543,-5584.7233,7.96,-11413.19873,,,
0.671825,7.97E-03,-335717.973,-5837.15756,-5593.05485,7.97,-11430.21241,,,
0.672825,7.99E-03,-336217.684,-5845.83968,-5601.38639,7.99,-11447.22607,,,
0.673825,8.00E-03,-336717.394,-5854.52181,-5609.71795,8.00,-11464.23976,,,
0.674825,8.01E-03,-337217.105,-5863.20392,-5618.0495,8.01,-11481.25342,,,
0.675825,8.02E-03,-337716.815,-5871.88604,-5626.38107,8.02,-11498.26711,,,
0.676825,8.03E-03,-338216.526,-5880.56815,-5634.71263,8.03,-11515.28078,,,
0.677825,8.05E-03,-338716.236,-5889.25025,-5643.0442,8.05,-11532.29445,,,
0.678825,8.06E-03,-339215.947,-5897.93236,-5651.37577,8.06,-11549.30813,,,
0.679825,8.07E-03,-339715.657,-5906.61445,-5659.70735,8.07,-11566.3218,,,
0.680825,8.08E-03,-340215.368,-5915.29655,-5668.03894,8.08,-11583.33549,,,
0.681825,8.10E-03,-340715.078,-5923.97863,-5676.37052,8.10,-11600.34915,,,
0.682825,8.11E-03,-341214.788,-5932.66072,-5684.70211,8.11,-11617.36283,,,
0.683825,8.12E-03,-341714.499,-5941.3428,-5693.03371,8.12,-11634.37651,,,
0.684825,8.13E-03,-342214.209,-5950.02488,-5701.36531,8.13,-11651.39019,,,
0.685825,8.14E-03,-342713.92,-5958.70695,-5709.69691,8.14,-11668.40386,,,
0.686825,8.16E-03,-343213.63,-5967.38902,-5718.02852,8.16,-11685.41754,,,
0.687825,8.17E-03,-343713.341,-5976.07108,-5726.36013,8.17,-11702.43121,,,
0.688825,8.18E-03,-344213.051,-5984.75314,-5734.69174,8.18,-11719.44488,,,
0.689825,8.19E-03,-344712.762,-5993.43519,-5743.02336,8.19,-11736.45855,,,
0.690825,8.20E-03,-345212.472,-6002.11725,-5751.35499,8.20,-11753.47224,,,
0.691825,8.22E-03,-345712.182,-6010.79929,-5759.68662,8.22,-11770.48591,,,
0.692825,8.23E-03,-346211.893,-6019.48134,-5768.01825,8.23,-11787.49959,,,
0.693825,8.24E-03,-346711.603,-6028.16338,-5776.34988,8.24,-11804.51326,,,
0.694825,8.25E-03,-347211.314,-6036.84541,-5784.68152,8.25,-11821.52693,,,
0.695825,8.27E-03,-347711.024,-6045.52744,-5793.01317,8.27,-11838.54061,,,
0.696825,8.28E-03,-348210.735,-6054.20947,-5801.34482,8.28,-11855.55429,,,
0.697825,8.29E-03,-348710.445,-6062.89149,-5809.67647,8.29,-11872.56796,,,
0.698825,8.30E-03,-349210.156,-6071.57351,-5818.00812,8.30,-11889.58163,,,
0.699825,8.31E-03,-349709.866,-6080.25553,-5826.33979,8.31,-11906.59532,,,
0.700825,8.33E-03,-350209.577,-6088.93754,-5834.67145,8.33,-11923.60899,,,
0.701825,8.34E-03,-350709.287,-6097.61954,-5843.00312,8.34,-11940.62266,,,
0.702825,8.35E-03,-351208.997,-6106.30155,-5851.33479,8.35,-11957.63634,,,
0.703825,8.36E-03,-351708.708,-6114.98355,-5859.66647,8.36,-11974.65002,,,
0.704825,8.38E-03,-352208.418,-6123.66554,-5867.99815,8.38,-11991.66369,,,
0.705825,8.39E-03,-352708.129,-6132.34753,-5876.32983,8.39,-12008.67736,,,
0.706825,8.40E-03,-353207.839,-6141.02952,-5884.66152,8.40,-12025.69104,,,
0.707825,8.41E-03,-353707.55,-6149.7115,-5892.99321,8.41,-12042.70471,,,
0.708825,8.42E-03,-354207.26,-6158.39348,-5901.32491,8.42,-12059.71839,,,
0.709825,8.44E-03,-354706.971,-6167.07545,-5909.65661,8.44,-12076.73206,,,
0.710825,8.45E-03,-355206.681,-6175.75743,-5917.98831,8.45,-12093.74574,,,
0.711825,8.46E-03,-355706.391,-6184.43939,-5926.32002,8.46,-12110.75941,,,
0.712825,8.47E-03,-356206.102,-6193.12136,-5934.65173,8.47,-12127.77309,,,
0.713825,8.49E-03,-356705.812,-6201.80332,-5942.98345,8.49,-12144.78677,,,
0.714825,8.50E-03,-357205.523,-6210.48527,-5951.31517,8.50,-12161.80044,,,
0.715825,8.51E-03,-357705.233,-6219.16722,-5959.64689,8.51,-12178.81411,,,
0.716825,8.52E-03,-358204.944,-6227.84917,-5967.97862,8.52,-12195.82779,,,
0.717825,8.53E-03,-358704.654,-6236.53111,-5976.31035,8.53,-12212.84146,,,
0.718825,8.55E-03,-359204.365,-6245.21305,-5984.64209,8.55,-12229.85514,,,
0.719825,8.56E-03,-359704.075,-6253.89499,-5992.97383,8.56,-12246.86882,,,
0.720825,8.57E-03,-360203.786,-6262.57692,-6001.30557,8.57,-12263.88249,,,
0.721825,8.58E-03,-360703.496,-6271.25885,-6009.63732,8.58,-12280.89617,,,
0.722825,8.59E-03,-361203.206,-6279.94077,-6017.96907,8.59,-12297.90984,,,
0.723825,8.61E-03,-361702.917,-6288.62269,-6026.30082,8.61,-12314.92351,,,
0.724825,8.62E-03,-362202.627,-6297.30461,-6034.63258,8.62,-12331.93719,,,
0.725825,8.63E-03,-362702.338,-6305.98652,-6042.96434,8.63,-12348.95086,,,
0.726825,8.64E-03,-363202.048,-6314.66843,-6051.29611,8.64,-12365.96454,,,
0.727825,8.66E-03,-363701.759,-6323.35034,-6059.62788,8.66,-12382.97822,,,
0.728825,8.67E-03,-364201.469,-6332.03224,-6067.95965,8.67,-12399.99189,,,
0.729825,8.68E-03,-364701.18,-6340.71414,-6076.29143,8.68,-12417.00557,,,
0.730825,8.69E-03,-365200.89,-6349.39603,-6084.62321,8.69,-12434.01924,,,
0.731825,8.70E-03,-365700.6,-6358.07792,-6092.955,8.70,-12451.03292,,,
0.732825,8.72E-03,-366200.311,-6366.75981,-6101.28679,8.72,-12468.0466,,,
0.733825,8.73E-03,-366700.021,-6375.44169,-6109.61858,8.73,-12485.06027,,,
0.734825,8.74E-03,-367199.732,-6384.12357,-6117.95038,8.74,-12502.07395,,,
0.735825,8.75E-03,-367699.442,-6392.80544,-6126.28218,8.75,-12519.08762,,,
0.736825,8.77E-03,-368199.153,-6401.48732,-6134.61398,8.77,-12536.1013,,,
0.737825,8.78E-03,-368698.863,-6410.16918,-6142.94579,8.78,-12553.11497,,,
0.738825,8.79E-03,-369198.574,-6418.85105,-6151.2776,8.79,-12570.12865,,,
0.739825,8.80E-03,-369698.284,-6427.53291,-6159.60942,8.80,-12587.14233,,,
0.740825,8.81E-03,-370197.995,-6436.21476,-6167.94123,8.81,-12604.15599,,,
0.741825,8.83E-03,-370697.705,-6444.89662,-6176.27306,8.83,-12621.16968,,,
0.742825,8.84E-03,-371197.415,-6453.57847,-6184.60488,8.84,-12638.18335,,,
0.743825,8.85E-03,-371697.126,-6462.26031,-6192.93671,8.85,-12655.19702,,,
0.744825,8.86E-03,-372196.836,-6470.94215,-6201.26855,8.86,-12672.2107,,,
0.745825,8.88E-03,-372696.547,-6479.62399,-6209.60038,8.88,-12689.22437,,,
0.746825,8.89E-03,-373196.257,-6488.30582,-6217.93223,8.89,-12706.23805,,,
0.747825,8.90E-03,-373695.968,-6496.98765,-6226.26407,8.90,-12723.25172,,,
0.748825,8.91E-03,-374195.678,-6505.66948,-6234.59592,8.91,-12740.2654,,,
0.749825,8.92E-03,-374695.389,-6514.3513,-6242.92777,8.92,-12757.27907,,,
0.750825,8.94E-03,-375195.099,-6523.03312,-6251.25963,8.94,-12774.29275,,,
0.751825,8.95E-03,-375694.809,-6531.71494,-6259.59149,8.95,-12791.30643,,,
0.752825,8.96E-03,-376194.52,-6540.39675,-6267.92335,8.96,-12808.3201,,,
0.753825,8.97E-03,-376694.23,-6549.07856,-6276.25522,8.97,-12825.33378,,,
0.754825,8.99E-03,-377193.941,-6557.76037,-6284.58709,8.99,-12842.34746,,,
0.755825,9.00E-03,-377693.651,-6566.44217,-6292.91896,9.00,-12859.36113,,,
0.756825,9.01E-03,-378193.362,-6575.12397,-6301.25084,9.01,-12876.37481,,,
0.757825,9.02E-03,-378693.072,-6583.80576,-6309.58272,9.02,-12893.38848,,,
0.758825,9.03E-03,-379192.783,-6592.48755,-6317.9146,9.03,-12910.40215,,,
0.759825,9.05E-03,-379692.493,-6601.16934,-6326.24649,9.05,-12927.41583,,,
0.760825,9.06E-03,-380192.204,-6609.85112,-6334.57838,9.06,-12944.4295,,,
0.761825,9.07E-03,-380691.914,-6618.5329,-6342.91028,9.07,-12961.44318,,,
0.762825,9.08E-03,-381191.624,-6627.21468,-6351.24218,9.08,-12978.45686,,,
0.763825,9.10E-03,-381691.335,-6635.89645,-6359.57408,9.10,-12995.47053,,,
0.764825,9.11E-03,-382191.045,-6644.57822,-6367.90598,9.11,-13012.4842,,,
0.765825,9.12E-03,-382690.756,-6653.25999,-6376.23789,9.12,-13029.49788,,,
0.766825,9.13E-03,-383190.466,-6661.94175,-6384.56981,9.13,-13046.51156,,,
0.767825,9.14E-03,-383690.177,-6670.62351,-6392.90172,9.14,-13063.52523,,,
0.768825,9.16E-03,-384189.887,-6679.30526,-6401.23364,9.16,-13080.5389,,,
0.769825,9.17E-03,-384689.598,-6687.98701,-6409.56557,9.17,-13097.55258,,,
0.770825,9.18E-03,-385189.308,-6696.66876,-6417.89749,9.18,-13114.56625,,,
0.771825,9.19E-03,-385689.019,-6705.35051,-6426.22943,9.19,-13131.57994,,,
0.772825,9.21E-03,-386188.729,-6714.03225,-6434.56136,9.21,-13148.59361,,,
0.773825,9.22E-03,-386688.439,-6722.71399,-6442.8933,9.22,-13165.60729,,,
0.774825,9.23E-03,-387188.15,-6731.39572,-6451.22524,9.23,-13182.62096,,,
0.775825,9.24E-03,-387687.86,-6740.07745,-6459.55718,9.24,-13199.63463,,,
0.776825,9.25E-03,-388187.571,-6748.75918,-6467.88913,9.25,-13216.64831,,,
0.777825,9.27E-03,-388687.281,-6757.4409,-6476.22108,9.27,-13233.66198,,,
0.778825,9.28E-03,-389186.992,-6766.12262,-6484.55304,9.28,-13250.67566,,,
0.779825,9.29E-03,-389686.702,-6774.80434,-6492.885,9.29,-13267.68934,,,
0.780825,9.30E-03,-390186.413,-6783.48605,-6501.21696,9.30,-13284.70301,,,
0.781825,9.32E-03,-390686.123,-6792.16776,-6509.54892,9.32,-13301.71668,,,
0.782825,9.33E-03,-391185.833,-6800.84947,-6517.88089,9.33,-13318.73036,,,
0.783825,9.34E-03,-391685.544,-6809.53117,-6526.21286,9.34,-13335.74403,,,
0.784825,9.35E-03,-392185.254,-6818.21287,-6534.54484,9.35,-13352.75771,,,
0.785825,9.36E-03,-392684.965,-6826.89457,-6542.87682,9.36,-13369.77139,,,
0.786825,9.38E-03,-393184.675,-6835.57626,-6551.2088,9.38,-13386.78506,,,
0.787825,9.39E-03,-393684.386,-6844.25795,-6559.54079,9.39,-13403.79874,,,
0.788825,9.40E-03,-394184.096,-6852.93964,-6567.87278,9.40,-13420.81242,,,
0.789825,9.41E-03,-394683.807,-6861.62132,-6576.20477,9.41,-13437.82609,,,
0.790825,9.43E-03,-395183.517,-6870.303,-6584.53676,9.43,-13454.83976,,,
0.791825,9.44E-03,-395683.228,-6878.98467,-6592.86876,9.44,-13471.85343,,,
0.792825,9.45E-03,-396182.938,-6887.66635,-6601.20077,9.45,-13488.86712,,,
0.793825,9.46E-03,-396682.648,-6896.34802,-6609.53277,9.46,-13505.88079,,,
0.794825,9.47E-03,-397182.359,-6905.02968,-6617.86478,9.47,-13522.89446,,,
0.795825,9.49E-03,-397682.069,-6913.71134,-6626.19679,9.49,-13539.90813,,,
0.796825,9.50E-03,-398181.78,-6922.393,-6634.52881,9.50,-13556.92181,,,
0.797825,9.51E-03,-398681.49,-6931.07466,-6642.86083,9.51,-13573.93549,,,
0.798825,9.52E-03,-399181.201,-6939.75631,-6651.19285,9.52,-13590.94916,,,
0.799825,9.54E-03,-399680.911,-6948.43796,-6659.52488,9.54,-13607.96284,,,
0.800825,9.55E-03,-400180.622,-6957.11961,-6667.85691,9.55,-13624.97652,,,
0.801825,9.56E-03,-400680.332,-6965.80125,-6676.18894,9.56,-13641.99019,,,
0.802825,9.57E-03,-401180.042,-6974.48289,-6684.52098,9.57,-13659.00387,,,
0.803825,9.58E-03,-401679.753,-6983.16452,-6692.85302,9.58,-13676.01754,,,
0.804825,9.60E-03,-402179.463,-6991.84616,-6701.18506,9.60,-13693.03122,,,
0.805825,9.61E-03,-402679.174,-7000.52779,-6709.51711,9.61,-13710.0449,,,
0.806825,9.62E-03,-403178.884,-7009.20941,-6717.84915,9.62,-13727.05856,,,
0.807825,9.63E-03,-403678.595,-7017.89104,-6726.18121,9.63,-13744.07225,,,
0.808825,9.65E-03,-404178.305,-7026.57265,-6734.51326,9.65,-13761.08591,,,
0.809825,9.66E-03,-404678.016,-7035.25427,-6742.84532,9.66,-13778.09959,,,
0.810825,9.67E-03,-405177.726,-7043.93588,-6751.17738,9.67,-13795.11326,,,
0.811825,9.68E-03,-405677.437,-7052.61749,-6759.50945,9.68,-13812.12694,,,
0.812825,9.69E-03,-406177.147,-7061.2991,-6767.84152,9.69,-13829.14062,,,
0.813825,9.71E-03,-406676.857,-7069.9807,-6776.17359,9.71,-13846.15429,,,
0.814825,9.72E-03,-407176.568,-7078.6623,-6784.50567,9.72,-13863.16797,,,
0.815825,9.73E-03,-407676.278,-7087.3439,-6792.83775,9.73,-13880.18165,,,
0.816825,9.74E-03,-408175.989,-7096.02549,-6801.16983,9.74,-13897.19532,,,
0.817825,9.76E-03,-408675.699,-7104.70708,-6809.50191,9.76,-13914.20899,,,
0.818825,9.77E-03,-409175.41,-7113.38867,-6817.834,9.77,-13931.22267,,,
0.819825,9.78E-03,-409675.12,-7122.07025,-6826.16609,9.78,-13948.23634,,,
0.820825,9.79E-03,-410174.831,-7130.75183,-6834.49819,9.79,-13965.25002,,,
0.821825,9.80E-03,-410674.541,-7139.43341,-6842.83028,9.80,-13982.26369,,,
0.822825,9.82E-03,-411174.251,-7148.11499,-6851.16239,9.82,-13999.27738,,,
0.823825,9.83E-03,-411673.962,-7156.79656,-6859.49449,9.83,-14016.29105,,,
0.824825,9.84E-03,-412173.672,-7165.47812,-6867.8266,9.84,-14033.30472,,,
0.825825,9.85E-03,-412673.383,-7174.15969,-6876.15871,9.85,-14050.3184,,,
0.826825,9.87E-03,-413173.093,-7182.84125,-6884.49082,9.87,-14067.33207,,,
0.827825,9.88E-03,-413672.804,-7191.52281,-6892.82294,9.88,-14084.34575,,,
0.828825,9.89E-03,-414172.514,-7200.20436,-6901.15506,9.89,-14101.35942,,,
0.829825,9.90E-03,-414672.225,-7208.88592,-6909.48718,9.90,-14118.3731,,,
0.830825,9.91E-03,-415171.935,-7217.56747,-6917.81931,9.91,-14135.38678,,,
0.831825,9.93E-03,-415671.646,-7226.24901,-6926.15144,9.93,-14152.40045,,,
0.832825,9.94E-03,-416171.356,-7234.93055,-6934.48357,9.94,-14169.41412,,,
0.833825,9.95E-03,-416671.066,-7243.61209,-6942.81571,9.95,-14186.4278,,,
0.834825,9.96E-03,-417170.777,-7252.29363,-6951.14785,9.96,-14203.44148,,,
0.835825,9.98E-03,-417670.487,-7260.97516,-6959.47999,9.98,-14220.45515,,,
0.836825,9.99E-03,-418170.198,-7269.65669,-6967.81213,9.99,-14237.46882,,,
0.837825,1.00E-02,-418669.908,-7278.33822,-6976.14428,10.00,-14254.4825,,-418661.5855,-14254.19912
0.838825,1.00E-02,-419169.619,-7287.01974,-6984.47643,10.01,-14271.49617,,,
0.839825,1.00E-02,-419669.329,-7295.70126,-6992.80859,10.02,-14288.50985,,,
0.840825,1.00E-02,-420169.04,-7304.38278,-7001.14075,10.04,-14305.52353,,,
0.841825,1.00E-02,-420668.75,-7313.0643,-7009.47291,10.05,-14322.53721,,,
0.842825,1.01E-02,-421168.46,-7321.74581,-7017.80507,10.06,-14339.55088,,,
0.843825,1.01E-02,-421668.171,-7330.42732,-7026.13724,10.07,-14356.56456,,,
0.844825,1.01E-02,-422167.881,-7339.10882,-7034.46941,10.09,-14373.57823,,,
0.845825,1.01E-02,-422667.592,-7347.79032,-7042.80158,10.10,-14390.5919,,,
0.846825,1.01E-02,-423167.302,-7356.47182,-7051.13376,10.11,-14407.60558,,,
0.847825,1.01E-02,-423667.013,-7365.15332,-7059.46594,10.12,-14424.61926,,,
0.848825,1.01E-02,-424166.723,-7373.83481,-7067.79812,10.13,-14441.63293,,,
0.849825,1.01E-02,-424666.434,-7382.5163,-7076.1303,10.15,-14458.6466,,,
0.850825,1.02E-02,-425166.144,-7391.19779,-7084.46249,10.16,-14475.66028,,,
0.851825,1.02E-02,-425665.855,-7399.87927,-7092.79468,10.17,-14492.67395,,,
0.852825,1.02E-02,-426165.565,-7408.56075,-7101.12688,10.18,-14509.68763,,,
0.853825,1.02E-02,-426665.275,-7417.24223,-7109.45908,10.20,-14526.70131,,,
0.854825,1.02E-02,-427164.986,-7425.9237,-7117.79128,10.21,-14543.71498,,,
0.855825,1.02E-02,-427664.696,-7434.60518,-7126.12348,10.22,-14560.72866,,,
0.856825,1.02E-02,-428164.407,-7443.28664,-7134.45569,10.23,-14577.74233,,,
0.857825,1.02E-02,-428664.117,-7451.96811,-7142.7879,10.25,-14594.75601,,,
0.858825,1.03E-02,-429163.828,-7460.64957,-7151.12011,10.26,-14611.76968,,,
0.859825,1.03E-02,-429663.538,-7469.33103,-7159.45232,10.27,-14628.78335,,,
0.860825,1.03E-02,-430163.249,-7478.01249,-7167.78454,10.28,-14645.79703,,,
0.861825,1.03E-02,-430662.959,-7486.69394,-7176.11677,10.29,-14662.81071,,,
0.862825,1.03E-02,-431162.67,-7495.37539,-7184.44899,10.31,-14679.82438,,,
0.863825,1.03E-02,-431662.38,-7504.05684,-7192.78122,10.32,-14696.83806,,,
0.864825,1.03E-02,-432162.09,-7512.73829,-7201.11345,10.33,-14713.85174,,,
0.865825,1.03E-02,-432661.801,-7521.41973,-7209.44568,10.34,-14730.86541,,,
0.866825,1.04E-02,-433161.511,-7530.10117,-7217.77792,10.36,-14747.87909,,,
0.867825,1.04E-02,-433661.222,-7538.7826,-7226.11016,10.37,-14764.89276,,,
0.868825,1.04E-02,-434160.932,-7547.46404,-7234.4424,10.38,-14781.90644,,,
0.869825,1.04E-02,-434660.643,-7556.14547,-7242.77465,10.39,-14798.92012,,,
0.870825,1.04E-02,-435160.353,-7564.82689,-7251.10689,10.40,-14815.93378,,,
0.871825,1.04E-02,-435660.064,-7573.50832,-7259.43914,10.42,-14832.94746,,,
0.872825,1.04E-02,-436159.774,-7582.18974,-7267.7714,10.43,-14849.96114,,,
0.873825,1.04E-02,-436659.484,-7590.87116,-7276.10366,10.44,-14866.97482,,,
0.874825,1.05E-02,-437159.195,-7599.55257,-7284.43592,10.45,-14883.98849,,,
0.875825,1.05E-02,-437658.905,-7608.23398,-7292.76818,10.47,-14901.00216,,,
0.876825,1.05E-02,-438158.616,-7616.91539,-7301.10044,10.48,-14918.01583,,,
0.877825,1.05E-02,-438658.326,-7625.5968,-7309.43271,10.49,-14935.02951,,,
0.878825,1.05E-02,-439158.037,-7634.2782,-7317.76499,10.50,-14952.04319,,,
0.879825,1.05E-02,-439657.747,-7642.9596,-7326.09726,10.52,-14969.05686,,,
0.880825,1.05E-02,-440157.458,-7651.641,-7334.42954,10.53,-14986.07054,,,
0.881825,1.05E-02,-440657.168,-7660.3224,-7342.76182,10.54,-15003.08422,,,
0.882825,1.06E-02,-441156.879,-7669.00379,-7351.0941,10.55,-15020.09789,,,
0.883825,1.06E-02,-441656.589,-7677.68518,-7359.42639,10.56,-15037.11157,,,
0.884825,1.06E-02,-442156.299,-7686.36656,-7367.75868,10.58,-15054.12524,,,
0.885825,1.06E-02,-442656.01,-7695.04795,-7376.09097,10.59,-15071.13892,,,
0.886825,1.06E-02,-443155.72,-7703.72933,-7384.42326,10.60,-15088.15259,,,
0.887825,1.06E-02,-443655.431,-7712.4107,-7392.75556,10.61,-15105.16626,,,
0.888825,1.06E-02,-444155.141,-7721.09208,-7401.08786,10.63,-15122.17994,,,
0.889825,1.06E-02,-444654.852,-7729.77345,-7409.42017,10.64,-15139.19362,,,
0.890825,1.07E-02,-445154.562,-7738.45482,-7417.75247,10.65,-15156.20729,,,
0.891825,1.07E-02,-445654.273,-7747.13619,-7426.08478,10.66,-15173.22097,,,
0.892825,1.07E-02,-446153.983,-7755.81755,-7434.41709,10.67,-15190.23464,,,
0.893825,1.07E-02,-446653.693,-7764.49891,-7442.74941,10.69,-15207.24832,,,
0.894825,1.07E-02,-447153.404,-7773.18027,-7451.08173,10.70,-15224.262,,,
0.895825,1.07E-02,-447653.114,-7781.86162,-7459.41405,10.71,-15241.27567,,,
0.896825,1.07E-02,-448152.825,-7790.54297,-7467.74637,10.72,-15258.28934,,,
0.897825,1.07E-02,-448652.535,-7799.22432,-7476.0787,10.74,-15275.30302,,,
0.898825,1.07E-02,-449152.246,-7807.90567,-7484.41102,10.75,-15292.31669,,,
0.899825,1.08E-02,-449651.956,-7816.58701,-7492.74336,10.76,-15309.33037,,,
0.900825,1.08E-02,-450151.667,-7825.26835,-7501.07569,10.77,-15326.34404,,,
0.901825,1.08E-02,-450651.377,-7833.94969,-7509.40803,10.79,-15343.35772,,,
0.902825,1.08E-02,-451151.088,-7842.63103,-7517.74037,10.80,-15360.3714,,,
0.903825,1.08E-02,-451650.798,-7851.31236,-7526.07271,10.81,-15377.38507,,,
0.904825,1.08E-02,-452150.508,-7859.99369,-7534.40506,10.82,-15394.39875,,,
0.905825,1.08E-02,-452650.219,-7868.67502,-7542.73741,10.83,-15411.41243,,,
0.906825,1.08E-02,-453149.929,-7877.35634,-7551.06976,10.85,-15428.4261,,,
0.907825,1.09E-02,-453649.64,-7886.03766,-7559.40211,10.86,-15445.43977,,,
0.908825,1.09E-02,-454149.35,-7894.71898,-7567.73447,10.87,-15462.45345,,,
0.909825,1.09E-02,-454649.061,-7903.4003,-7576.06683,10.88,-15479.46713,,,
0.910825,1.09E-02,-455148.771,-7912.08161,-7584.39919,10.90,-15496.4808,,,
0.911825,1.09E-02,-455648.482,-7920.76292,-7592.73155,10.91,-15513.49447,,,
0.912825,1.09E-02,-456148.192,-7929.44423,-7601.06392,10.92,-15530.50815,,,
0.913825,1.09E-02,-456647.902,-7938.12553,-7609.39629,10.93,-15547.52182,,,
0.914825,1.09E-02,-457147.613,-7946.80683,-7617.72867,10.94,-15564.5355,,,
0.915825,1.10E-02,-457647.323,-7955.48813,-7626.06104,10.96,-15581.54917,,,
0.916825,1.10E-02,-458147.034,-7964.16943,-7634.39342,10.97,-15598.56285,,,
0.917825,1.10E-02,-458646.744,-7972.85072,-7642.7258,10.98,-15615.57652,,,
0.918825,1.10E-02,-459146.455,-7981.53201,-7651.05819,10.99,-15632.5902,,,
0.919825,1.10E-02,-459646.165,-7990.2133,-7659.39058,11.01,-15649.60388,,,
0.920825,1.10E-02,-460145.876,-7998.89459,-7667.72297,11.02,-15666.61756,,,
0.921825,1.10E-02,-460645.586,-8007.57587,-7676.05536,11.03,-15683.63123,,,
0.922825,1.10E-02,-461145.297,-8016.25715,-7684.38775,11.04,-15700.6449,,,
0.923825,1.11E-02,-461645.007,-8024.93843,-7692.72015,11.06,-15717.65858,,,
0.924825,1.11E-02,-462144.717,-8033.6197,-7701.05255,11.07,-15734.67225,,,
0.925825,1.11E-02,-462644.428,-8042.30097,-7709.38496,11.08,-15751.68593,,,
0.926825,1.11E-02,-463144.138,-8050.98224,-7717.71736,11.09,-15768.6996,,,
0.927825,1.11E-02,-463643.849,-8059.66351,-7726.04977,11.10,-15785.71328,,,
0.928825,1.11E-02,-464143.559,-8068.34477,-7734.38218,11.12,-15802.72695,,,
0.929825,1.11E-02,-464643.27,-8077.02603,-7742.7146,11.13,-15819.74063,,,
0.930825,1.11E-02,-465142.98,-8085.70729,-7751.04701,11.14,-15836.7543,,,
0.931825,1.12E-02,-465642.691,-8094.38855,-7759.37943,11.15,-15853.76798,,,
0.932825,1.12E-02,-466142.401,-8103.0698,-7767.71185,11.17,-15870.78165,,,
0.933825,1.12E-02,-466642.111,-8111.75105,-7776.04428,11.18,-15887.79533,,,
0.934825,1.12E-02,-467141.822,-8120.4323,-7784.37671,11.19,-15904.80901,,,
0.935825,1.12E-02,-467641.532,-8129.11354,-7792.70914,11.20,-15921.82268,,,
0.936825,1.12E-02,-468141.243,-8137.79479,-7801.04157,11.22,-15938.83636,,,
0.937825,1.12E-02,-468640.953,-8146.47603,-7809.37401,11.23,-15955.85004,,,
0.938825,1.12E-02,-469140.664,-8155.15726,-7817.70644,11.24,-15972.8637,,,
0.939825,1.13E-02,-469640.374,-8163.8385,-7826.03888,11.25,-15989.87738,,,
0.940825,1.13E-02,-470140.085,-8172.51973,-7834.37133,11.26,-16006.89106,,,
0.941825,1.13E-02,-470639.795,-8181.20096,-7842.70377,11.28,-16023.90473,,,
0.942825,1.13E-02,-471139.506,-8189.88218,-7851.03622,11.29,-16040.9184,,,
0.943825,1.13E-02,-471639.216,-8198.56341,-7859.36867,11.30,-16057.93208,,,
0.944825,1.13E-02,-472138.926,-8207.24463,-7867.70113,11.31,-16074.94576,,,
0.945825,1.13E-02,-472638.637,-8215.92585,-7876.03358,11.33,-16091.95943,,,
0.946825,1.13E-02,-473138.347,-8224.60706,-7884.36604,11.34,-16108.9731,,,
0.947825,1.14E-02,-473638.058,-8233.28828,-7892.69851,11.35,-16125.98679,,,
0.948825,1.14E-02,-474137.768,-8241.96949,-7901.03097,11.36,-16143.00046,,,
0.949825,1.14E-02,-474637.479,-8250.6507,-7909.36344,11.37,-16160.01414,,,
0.950825,1.14E-02,-475137.189,-8259.3319,-7917.69591,11.39,-16177.02781,,,
0.951825,1.14E-02,-475636.9,-8268.01311,-7926.02838,11.40,-16194.04149,,,
0.952825,1.14E-02,-476136.61,-8276.69431,-7934.36085,11.41,-16211.05516,,,
0.953825,1.14E-02,-476636.321,-8285.3755,-7942.69333,11.42,-16228.06883,,,
0.954825,1.14E-02,-477136.031,-8294.0567,-7951.02581,11.44,-16245.08251,,,
0.955825,1.14E-02,-477635.741,-8302.73789,-7959.35829,11.45,-16262.09618,,,
0.956825,1.15E-02,-478135.452,-8311.41908,-7967.69078,11.46,-16279.10986,,,
0.957825,1.15E-02,-478635.162,-8320.10027,-7976.02327,11.47,-16296.12354,,,
0.958825,1.15E-02,-479134.873,-8328.78146,-7984.35576,11.49,-16313.13722,,,
0.959825,1.15E-02,-479634.583,-8337.46264,-7992.68825,11.50,-16330.15089,,,
0.960825,1.15E-02,-480134.294,-8346.14382,-8001.02074,11.51,-16347.16456,,,
0.961825,1.15E-02,-480634.004,-8354.82499,-8009.35324,11.52,-16364.17823,,,
0.962825,1.15E-02,-481133.715,-8363.50617,-8017.68574,11.53,-16381.19191,,,
0.963825,1.15E-02,-481633.425,-8372.18734,-8026.01825,11.55,-16398.20559,,,
0.964825,1.16E-02,-482133.135,-8380.86851,-8034.35075,11.56,-16415.21926,,,
0.965825,1.16E-02,-482632.846,-8389.54968,-8042.68326,11.57,-16432.23294,,,
0.966825,1.16E-02,-483132.556,-8398.23084,-8051.01577,11.58,-16449.24661,,,
0.967825,1.16E-02,-483632.267,-8406.91201,-8059.34828,11.60,-16466.26029,,,
0.968825,1.16E-02,-484131.977,-8415.59316,-8067.6808,11.61,-16483.27396,,,
0.969825,1.16E-02,-484631.688,-8424.27432,-8076.01332,11.62,-16500.28764,,,
0.970825,1.16E-02,-485131.398,-8432.95548,-8084.34584,11.63,-16517.30132,,,
0.971825,1.16E-02,-485631.109,-8441.63663,-8092.67836,11.65,-16534.31499,,,
0.972825,1.17E-02,-486130.819,-8450.31778,-8101.01089,11.66,-16551.32867,,,
0.973825,1.17E-02,-486630.53,-8458.99892,-8109.34342,11.67,-16568.34234,,,
0.974825,1.17E-02,-487130.24,-8467.68007,-8117.67595,11.68,-16585.35602,,,
0.975825,1.17E-02,-487629.95,-8476.36121,-8126.00848,11.69,-16602.36969,,,
0.976825,1.17E-02,-488129.661,-8485.04235,-8134.34102,11.71,-16619.38337,,,
0.977825,1.17E-02,-488629.371,-8493.72349,-8142.67356,11.72,-16636.39705,,,
0.978825,1.17E-02,-489129.082,-8502.40462,-8151.0061,11.73,-16653.41072,,,
0.979825,1.17E-02,-489628.792,-8511.08575,-8159.33864,11.74,-16670.42439,,,
0.980825,1.18E-02,-490128.503,-8519.76688,-8167.67119,11.76,-16687.43807,,,
0.981825,1.18E-02,-490628.213,-8528.44801,-8176.00373,11.77,-16704.45174,,,
0.982825,1.18E-02,-491127.924,-8537.12913,-8184.33628,11.78,-16721.46541,,,
0.983825,1.18E-02,-491627.634,-8545.81026,-8192.66884,11.79,-16738.4791,,,
0.984825,1.18E-02,-492127.344,-8554.49138,-8201.00139,11.81,-16755.49277,,,
0.985825,1.18E-02,-492627.055,-8563.17249,-8209.33395,11.82,-16772.50644,,,
0.986825,1.18E-02,-493126.765,-8571.85361,-8217.66651,11.83,-16789.52012,,,
0.987825,1.18E-02,-493626.476,-8580.53472,-8225.99908,11.84,-16806.5338,,,
0.988825,1.19E-02,-494126.186,-8589.21583,-8234.33164,11.86,-16823.54747,,,
0.989825,1.19E-02,-494625.897,-8597.89694,-8242.66421,11.87,-16840.56115,,,
0.990825,1.19E-02,-495125.607,-8606.57804,-8250.99678,11.88,-16857.57482,,,
0.991825,1.19E-02,-495625.318,-8615.25914,-8259.32935,11.89,-16874.58849,,,
0.992825,1.19E-02,-496125.028,-8623.94024,-8267.66193,11.90,-16891.60217,,,
0.993825,1.19E-02,-496624.739,-8632.62134,-8275.99451,11.92,-16908.61585,,,
0.994825,1.19E-02,-497124.449,-8641.30243,-8284.32709,11.93,-16925.62952,,,
0.995825,1.19E-02,-497624.159,-8649.98353,-8292.65967,11.94,-16942.6432,,,
0.996825,1.20E-02,-498123.87,-8658.66462,-8300.99226,11.95,-16959.65688,,,
0.997825,1.20E-02,-498623.58,-8667.3457,-8309.32484,11.97,-16976.67054,,,
0.998825,1.20E-02,-499123.291,-8676.02679,-8317.65743,11.98,-16993.68422,,,
0.9994125,1.20E-02,-499416.871,-8681.12693,-8322.55283,11.99,-17003.67976,,,
1,1.20E-02,-499710.451,-8686.22706,-8327.44823,11.99,-17013.67529,,,
