TIME, UX_2, FX_3, FY_4, FY_5,Displacement,Load,Reaction,,,
2.00E-04,-2.37E-08,0.978147606,-0.106034962,-0.101876728,0.00,0.21,-0.98,,,
4.00E-04,-4.80E-08,1.95629508,-0.212069923,-0.203753456,0.00,0.42,-1.96,,,
7.00E-04,-8.60E-08,3.42351657,-0.371122365,-0.356568546,0.00,0.73,-3.42,,,
1.15E-03,-1.46E-07,5.62434858,-0.609701019,-0.585791175,0.00,1.20,-5.62,,,
1.83E-03,-2.43E-07,8.92559619,-0.967568964,-0.929625079,0.00,1.90,-8.93,,,
2.84E-03,-4.05E-07,13.8774653,-1.50437068,-1.44537573,0.00,2.95,-13.88,,,
4.36E-03,-6.84E-07,21.3052569,-2.30957218,-2.21900065,0.00,4.53,-21.31,,,
6.36E-03,-1.12E-06,31.0866818,-3.36991731,-3.23776346,0.00,6.61,-31.09,,,
8.36E-03,-1.63E-06,40.8681367,-4.43026508,-4.25652883,0.00,8.69,-40.87,,,
1.04E-02,-2.22E-06,50.6496139,-5.49061478,-5.27529605,0.00,10.77,-50.65,,,
1.24E-02,-2.89E-06,60.4310912,-6.55096452,-6.29406324,0.00,12.85,-60.43,,,
1.44E-02,-3.64E-06,70.2125685,-7.6113143,-7.31283038,0.00,14.92,-70.21,,,
1.64E-02,-4.48E-06,79.9940458,-8.67166412,-8.33159748,0.00,17.00,-79.99,,,
1.84E-02,-5.40E-06,89.7755231,-9.732014,-9.35036451,-0.01,19.08,-89.78,,,
2.04E-02,-6.40E-06,99.5570004,-10.7923639,-10.3691315,-0.01,21.16,-99.56,,,
2.24E-02,-7.50E-06,109.338478,-11.852714,-11.3878984,-0.01,23.24,-109.34,,,
2.44E-02,-8.68E-06,119.119955,-12.913064,-12.4066652,-0.01,25.32,-119.12,,,
2.64E-02,-9.95E-06,128.901433,-13.9734142,-13.425432,-0.01,27.40,-128.90,,,
2.84E-02,-1.13E-05,138.68291,-15.0337645,-14.4441986,-0.01,29.48,-138.68,,,
3.04E-02,-1.28E-05,148.464388,-16.0941148,-15.4629652,-0.01,31.56,-148.46,,,
3.24E-02,-1.43E-05,158.245865,-17.1544653,-16.4817316,-0.01,33.64,-158.25,,,
3.44E-02,-1.60E-05,168.027343,-18.2148159,-17.500498,-0.02,35.72,-168.03,,,
3.64E-02,-1.77E-05,177.808821,-19.2751666,-18.5192642,-0.02,37.79,-177.81,,,
3.84E-02,-1.96E-05,187.590298,-20.3355175,-19.5380302,-0.02,39.87,-187.59,,,
4.04E-02,-2.15E-05,197.371776,-21.3958684,-20.5567962,-0.02,41.95,-197.37,,,
4.24E-02,-2.36E-05,207.153254,-22.4562196,-21.5755619,-0.02,44.03,-207.15,,,
4.44E-02,-2.57E-05,216.934732,-23.5165709,-22.5943275,-0.03,46.11,-216.93,,,
4.64E-02,-2.80E-05,226.71621,-24.5769224,-23.613093,-0.03,48.19,-226.72,,,
4.84E-02,-3.04E-05,236.497688,-25.637274,-24.6318582,-0.03,50.27,-236.50,,,
5.04E-02,-3.29E-05,246.279165,-26.6976259,-25.6506233,-0.03,52.35,-246.28,,,
5.24E-02,-3.55E-05,256.060644,-27.7579779,-26.6693881,-0.04,54.43,-256.06,,,
5.44E-02,-3.82E-05,265.842122,-28.8183302,-27.6881528,-0.04,56.51,-265.84,,,
5.64E-02,-4.10E-05,275.6236,-29.8786827,-28.7069172,-0.04,58.59,-275.62,,,
5.84E-02,-4.39E-05,285.405078,-30.9390354,-29.7256814,-0.04,60.66,-285.41,,,
6.04E-02,-4.70E-05,295.186556,-31.9993883,-30.7444453,-0.05,62.74,-295.19,,,
6.24E-02,-5.02E-05,304.968034,-33.0597415,-31.763209,-0.05,64.82,-304.97,,,
6.44E-02,-5.35E-05,314.749513,-34.120095,-32.7819724,-0.05,66.90,-314.75,,,
6.64E-02,-5.70E-05,324.530991,-35.1804488,-33.8007355,-0.06,68.98,-324.53,,,
6.84E-02,-6.05E-05,334.31247,-36.2408028,-34.8194983,-0.06,71.06,-334.31,,,
7.04E-02,-6.42E-05,344.093948,-37.3011572,-35.8382609,-0.06,73.14,-344.09,,,
7.24E-02,-6.81E-05,353.875427,-38.3615118,-36.8570231,-0.07,75.22,-353.88,,,
7.44E-02,-7.21E-05,363.656905,-39.4218668,-37.875785,-0.07,77.30,-363.66,,,
7.64E-02,-7.62E-05,373.438384,-40.4822221,-38.8945465,-0.08,79.38,-373.44,,,
7.84E-02,-8.04E-05,383.219863,-41.5425778,-39.9133077,-0.08,81.46,-383.22,,,
8.04E-02,-8.48E-05,393.001342,-42.6029338,-40.9320685,-0.08,83.54,-393.00,,,
8.24E-02,-8.94E-05,402.78282,-43.6632903,-41.950829,-0.09,85.61,-402.78,,,
8.44E-02,-9.41E-05,412.564299,-44.7236471,-42.969589,-0.09,87.69,-412.56,,,
8.64E-02,-9.89E-05,422.345778,-45.7840043,-43.9883486,-0.10,89.77,-422.35,,,
8.84E-02,-1.04E-04,432.127258,-46.844362,-45.0071078,-0.10,91.85,-432.13,,,
9.04E-02,-1.09E-04,441.908737,-47.90472,-46.0258665,-0.11,93.93,-441.91,,,
9.24E-02,-1.14E-04,451.690216,-48.9650786,-47.0446248,-0.11,96.01,-451.69,,,
9.44E-02,-1.20E-04,461.471695,-50.0254376,-48.0633827,-0.12,98.09,-461.47,,,
9.64E-02,-1.25E-04,471.253175,-51.0857971,-49.08214,-0.13,100.17,-471.25,,,
9.84E-02,-1.31E-04,481.034654,-52.1461571,-50.1008968,-0.13,102.25,-481.03,,,
0.10035625,-1.37E-04,490.816134,-53.2065176,-51.1196531,-0.14,104.33,-490.82,,,
0.10235625,-1.43E-04,500.597613,-54.2668786,-52.1384089,-0.14,106.41,-500.60,,,
0.10435625,-1.50E-04,510.379093,-55.3272402,-53.1571641,-0.15,108.48,-510.38,,,
0.10635625,-1.56E-04,520.160573,-56.3876024,-54.1759187,-0.16,110.56,-520.16,,,
0.10835625,-1.63E-04,529.942053,-57.4479652,-55.1946727,-0.16,112.64,-529.94,,,
0.11035625,-1.70E-04,539.723533,-58.5083285,-56.2134261,-0.17,114.72,-539.72,,,
0.11235625,-1.77E-04,549.505013,-59.5686925,-57.2321789,-0.18,116.80,-549.51,,,
0.11435625,-1.84E-04,559.286493,-60.6290571,-58.250931,-0.18,118.88,-559.29,,,
0.11635625,-1.92E-04,569.067973,-61.6894224,-59.2696824,-0.19,120.96,-569.07,,,
0.11835625,-1.99E-04,578.849453,-62.7497884,-60.2884332,-0.20,123.04,-578.85,,,
0.12035625,-2.07E-04,588.630934,-63.8101551,-61.3071832,-0.21,125.12,-588.63,,,
0.12235625,-2.15E-04,598.412414,-64.8705225,-62.3259325,-0.22,127.20,-598.41,,,
0.12435625,-2.23E-04,608.193895,-65.9308906,-63.3446811,-0.22,129.28,-608.19,,,
0.12635625,-2.32E-04,617.975375,-66.9912595,-64.3634289,-0.23,131.35,-617.98,,,
0.12835625,-2.41E-04,627.756856,-68.0516292,-65.3821759,-0.24,133.43,-627.76,,,
0.13035625,-2.50E-04,637.538337,-69.1119998,-66.4009221,-0.25,135.51,-637.54,,,
0.13235625,-2.59E-04,647.319818,-70.1723711,-67.4196673,-0.26,137.59,-647.32,,,
0.13435625,-2.68E-04,657.101299,-71.2327433,-68.4384117,-0.27,139.67,-657.10,,,
0.13635625,-2.78E-04,666.88278,-72.2931164,-69.4571552,-0.28,141.75,-666.88,,,
0.13835625,-2.88E-04,676.664262,-73.3534904,-70.4758979,-0.29,143.83,-676.66,,,
0.14035625,-2.98E-04,686.445743,-74.4138654,-71.4946395,-0.30,145.91,-686.45,,,
0.14235625,-3.08E-04,696.227225,-75.4742413,-72.5133802,-0.31,147.99,-696.23,,,
0.14435625,-3.19E-04,706.008707,-76.5346182,-73.5321198,-0.32,150.07,-706.01,,,
0.14635625,-3.30E-04,715.790188,-77.5949961,-74.5508585,-0.33,152.15,-715.79,,,
0.14835625,-3.41E-04,725.57167,-78.655375,-75.5695961,-0.34,154.22,-725.57,,,
0.15035625,-3.52E-04,735.353152,-79.715755,-76.5883326,-0.35,156.30,-735.35,,,
0.15235625,-3.64E-04,745.134635,-80.7761361,-77.6070679,-0.36,158.38,-745.13,,,
0.15435625,-3.76E-04,754.916117,-81.8365183,-78.6258023,-0.38,160.46,-754.92,,,
0.15635625,-3.88E-04,764.697599,-82.8969017,-79.6445352,-0.39,162.54,-764.70,,,
0.15835625,-4.00E-04,774.479082,-83.9572863,-80.6632671,-0.40,164.62,-774.48,,,
0.16035625,-4.13E-04,784.260565,-85.0176721,-81.6819977,-0.41,166.70,-784.26,,,
0.16235625,-4.26E-04,794.042047,-86.0780592,-82.700727,-0.43,168.78,-794.04,,,
0.16435625,-4.40E-04,803.82353,-87.1384475,-83.7194551,-0.44,170.86,-803.82,,,
0.16635625,-4.53E-04,813.605014,-88.1988371,-84.7381817,-0.45,172.94,-813.61,,,
0.16835625,-4.67E-04,823.386497,-89.2592281,-85.756907,-0.47,175.02,-823.39,,,
0.17035625,-4.82E-04,833.16798,-90.3196205,-86.7756309,-0.48,177.10,-833.17,,,
0.17235625,-4.96E-04,842.949464,-91.3800143,-87.7943534,-0.50,179.17,-842.95,,,
0.17435625,-5.11E-04,852.730948,-92.4404096,-88.8130743,-0.51,181.25,-852.73,,,
0.17635625,-5.27E-04,862.512432,-93.5008064,-89.8317937,-0.53,183.33,-862.51,,,
0.17835625,-5.42E-04,872.293916,-94.5612047,-90.8505116,-0.54,185.41,-872.29,,,
0.18035625,-5.59E-04,882.0754,-95.6216045,-91.8692278,-0.56,187.49,-882.08,,,
0.18235625,-5.75E-04,891.856884,-96.682006,-92.8879424,-0.57,189.57,-891.86,,,
0.18435625,-5.92E-04,901.638369,-97.7424092,-93.9066553,-0.59,191.65,-901.64,,,
0.18635625,-6.09E-04,911.419854,-98.802814,-94.9253664,-0.61,193.73,-911.42,,,
0.18835625,-6.26E-04,921.201339,-99.8632206,-95.9440758,-0.63,195.81,-921.20,,,
0.19035625,-6.44E-04,930.982824,-100.923629,-96.9627835,-0.64,197.89,-930.98,,,
0.19235625,-6.62E-04,940.764309,-101.984039,-97.9814891,-0.66,199.97,-940.76,,,
0.19435625,-6.81E-04,950.545795,-103.044451,-99.0001929,-0.68,202.04,-950.55,,,
0.19635625,-7.00E-04,960.32728,-104.104865,-100.018895,-0.70,204.12,-960.33,,,
0.19835625,-7.20E-04,970.108766,-105.165281,-101.037595,-0.72,206.20,-970.11,,,
0.20035625,-7.40E-04,979.890252,-106.225699,-102.056292,-0.74,208.28,-979.89,,,
0.20235625,-7.60E-04,989.671739,-107.286119,-103.074988,-0.76,210.36,-989.67,,,
0.20435625,-7.81E-04,999.453225,-108.346541,-104.093681,-0.78,212.44,-999.45,,,
0.20635625,-8.02E-04,1009.23471,-109.406966,-105.112373,-0.80,214.52,-1009.23,,,
0.20835625,-8.24E-04,1019.0162,-110.467392,-106.131061,-0.82,216.60,-1019.02,,,
0.21035625,-8.46E-04,1028.79769,-111.527821,-107.149748,-0.85,218.68,-1028.80,,,
0.21235625,-8.69E-04,1038.57917,-112.588252,-108.168432,-0.87,220.76,-1038.58,,,
0.21435625,-8.92E-04,1048.36066,-113.648686,-109.187114,-0.89,222.84,-1048.36,,,
0.21635625,-9.15E-04,1058.14215,-114.709122,-110.205793,-0.92,224.91,-1058.14,,,
0.21835625,-9.40E-04,1067.92364,-115.76956,-111.22447,-0.94,226.99,-1067.92,,,
0.22035625,-9.64E-04,1077.70512,-116.830001,-112.243144,-0.96,229.07,-1077.71,,,
0.22235625,-9.89E-04,1087.48661,-117.890445,-113.261815,-0.99,231.15,-1087.49,,,
0.22435625,-1.02E-03,1097.2681,-118.950891,-114.280484,-1.02,233.23,-1097.27,,,
0.22635625,-1.04E-03,1107.04959,-120.011341,-115.299149,-1.04,235.31,-1107.05,,,
0.22835625,-1.07E-03,1116.83108,-121.071793,-116.317812,-1.07,237.39,-1116.83,,,
0.23035625,-1.10E-03,1126.61257,-122.132248,-117.336472,-1.10,239.47,-1126.61,,,
0.23235625,-1.12E-03,1136.39406,-123.192705,-118.355128,-1.12,241.55,-1136.39,,,
0.23435625,-1.15E-03,1146.17555,-124.253166,-119.373782,-1.15,243.63,-1146.18,,,
0.23635625,-1.18E-03,1155.95704,-125.31363,-120.392432,-1.18,245.71,-1155.96,,,
0.23835625,-1.21E-03,1165.73853,-126.374098,-121.411079,-1.21,247.79,-1165.74,,,
0.24035625,-1.24E-03,1175.52002,-127.434568,-122.429723,-1.24,249.86,-1175.52,,,
0.24235625,-1.27E-03,1185.30151,-128.495042,-123.448363,-1.27,251.94,-1185.30,,,
0.24435625,-1.30E-03,1195.083,-129.555519,-124.467,-1.30,254.02,-1195.08,,,
0.24635625,-1.34E-03,1204.86449,-130.616,-125.485633,-1.34,256.10,-1204.86,,,
0.24835625,-1.37E-03,1214.64599,-131.676485,-126.504262,-1.37,258.18,-1214.65,,,
0.25035625,-1.40E-03,1224.42748,-132.736973,-127.522888,-1.40,260.26,-1224.43,,,
0.25235625,-1.44E-03,1234.20897,-133.797465,-128.541509,-1.44,262.34,-1234.21,,,
0.25435625,-1.47E-03,1243.99046,-134.857961,-129.560127,-1.47,264.42,-1243.99,,,
0.25635625,-1.51E-03,1253.77196,-135.91846,-130.57874,-1.51,266.50,-1253.77,,,
0.25835625,-1.55E-03,1263.55345,-136.978964,-131.597349,-1.55,268.58,-1263.55,,,
0.26035625,-1.58E-03,1273.33494,-138.039472,-132.615954,-1.58,270.66,-1273.33,,,
0.26235625,-1.62E-03,1283.11644,-139.099984,-133.634555,-1.62,272.73,-1283.12,,,
0.26435625,-1.66E-03,1292.89793,-140.160501,-134.65315,-1.66,274.81,-1292.90,,,
0.26635625,-1.70E-03,1302.67943,-141.221022,-135.671742,-1.70,276.89,-1302.68,,,
0.26835625,-1.74E-03,1312.46092,-142.281548,-136.690328,-1.74,278.97,-1312.46,,,
0.27035625,-1.78E-03,1322.24242,-143.342078,-137.70891,-1.78,281.05,-1322.24,,,
0.27235625,-1.82E-03,1332.02391,-144.402613,-138.727487,-1.82,283.13,-1332.02,,,
0.27435625,-1.87E-03,1341.80541,-145.463153,-139.746058,-1.87,285.21,-1341.81,,,
0.27635625,-1.91E-03,1351.58691,-146.523698,-140.764624,-1.91,287.29,-1351.59,,,
0.27835625,-1.96E-03,1361.3684,-147.584249,-141.783185,-1.96,289.37,-1361.37,,,
0.28035625,-2.00E-03,1371.1499,-148.644804,-142.801741,-2.00,291.45,-1371.15,,,
0.28235625,-2.05E-03,1380.9314,-149.705365,-143.82029,-2.05,293.53,-1380.93,,,
0.28435625,-2.10E-03,1390.71289,-150.765932,-144.838834,-2.10,295.60,-1390.71,,,
0.28635625,-2.15E-03,1400.49439,-151.826504,-145.857372,-2.15,297.68,-1400.49,,,
0.28835625,-2.20E-03,1410.27589,-152.887082,-146.875904,-2.20,299.76,-1410.28,,,
0.29035625,-2.25E-03,1420.05739,-153.947666,-147.894429,-2.25,301.84,-1420.06,,,
0.29235625,-2.30E-03,1429.83889,-155.008257,-148.912948,-2.30,303.92,-1429.84,,,
0.29435625,-2.35E-03,1439.62039,-156.068853,-149.931461,-2.35,306.00,-1439.62,,,
0.29635625,-2.41E-03,1449.40189,-157.129456,-150.949967,-2.41,308.08,-1449.40,,,
0.29835625,-2.46E-03,1459.18339,-158.190066,-151.968466,-2.46,310.16,-1459.18,,,
0.30035625,-2.52E-03,1468.96489,-159.250682,-152.986958,-2.52,312.24,-1468.96,,,
0.30235625,-2.58E-03,1478.74639,-160.311305,-154.005442,-2.58,314.32,-1478.75,,,
0.30435625,-2.64E-03,1488.52789,-161.371935,-155.023919,-2.64,316.40,-1488.53,,,
0.30635625,-2.70E-03,1498.30939,-162.432573,-156.042389,-2.70,318.47,-1498.31,,,
0.30835625,-2.76E-03,1508.09089,-163.493218,-157.06085,-2.76,320.55,-1508.09,,,
0.31035625,-2.82E-03,1517.8724,-164.553871,-158.079304,-2.82,322.63,-1517.87,,,
0.31235625,-2.88E-03,1527.6539,-165.614531,-159.097749,-2.88,324.71,-1527.65,,,
0.31435625,-2.95E-03,1537.4354,-166.6752,-160.116186,-2.95,326.79,-1537.44,,,
0.31635625,-3.02E-03,1547.2169,-167.735876,-161.134614,-3.02,328.87,-1547.22,,,
0.31835625,-3.09E-03,1556.99841,-168.796562,-162.153034,-3.09,330.95,-1557.00,,,
0.32035625,-3.16E-03,1566.77991,-169.857255,-163.171444,-3.16,333.03,-1566.78,,,
0.32235625,-3.23E-03,1576.56142,-170.917958,-164.189844,-3.23,335.11,-1576.56,,,
0.32435625,-3.30E-03,1586.34292,-171.97867,-165.208236,-3.30,337.19,-1586.34,,,
0.32635625,-3.37E-03,1596.12443,-173.039391,-166.226617,-3.37,339.27,-1596.12,,,
0.32835625,-3.45E-03,1605.90593,-174.100121,-167.244988,-3.45,341.35,-1605.91,,,
0.33035625,-3.53E-03,1615.68744,-175.160862,-168.263349,-3.53,343.42,-1615.69,,,
0.33235625,-3.61E-03,1625.46894,-176.221612,-169.281699,-3.61,345.50,-1625.47,,,
0.33435625,-3.69E-03,1635.25045,-177.282373,-170.300038,-3.69,347.58,-1635.25,,,
0.33635625,-3.77E-03,1645.03195,-178.343144,-171.318366,-3.77,349.66,-1645.03,,,
0.33835625,-3.85E-03,1654.81346,-179.403926,-172.336683,-3.85,351.74,-1654.81,,,
0.34035625,-3.94E-03,1664.59497,-180.464719,-173.354988,-3.94,353.82,-1664.59,,,
0.34235625,-4.03E-03,1674.37648,-181.525524,-174.37328,-4.03,355.90,-1674.38,,,
0.34435625,-4.12E-03,1684.15798,-182.58634,-175.39156,-4.12,357.98,-1684.16,,,
0.34635625,-4.21E-03,1693.93949,-183.647168,-176.409827,-4.21,360.06,-1693.94,,,
0.34835625,-4.31E-03,1703.721,-184.708008,-177.428082,-4.31,362.14,-1703.72,,,
0.35035625,-4.40E-03,1713.50251,-185.768861,-178.446322,-4.40,364.22,-1713.50,,,
0.35235625,-4.50E-03,1723.28402,-186.829727,-179.464549,-4.50,366.29,-1723.28,,,
0.35435625,-4.60E-03,1733.06552,-187.890607,-180.482762,-4.60,368.37,-1733.07,,,
0.35635625,-4.70E-03,1742.84703,-188.9515,-181.50096,-4.70,370.45,-1742.85,,,
0.35835625,-4.81E-03,1752.62854,-190.012406,-182.519142,-4.81,372.53,-1752.63,,,
0.36035625,-4.91E-03,1762.41005,-191.073327,-183.53731,-4.91,374.61,-1762.41,,,
0.36235625,-5.02E-03,1772.19156,-192.134263,-184.555462,-5.02,376.69,-1772.19,,,
0.36435625,-5.14E-03,1781.97307,-193.195214,-185.573597,-5.14,378.77,-1781.97,,,
0.36635625,-5.25E-03,1791.75458,-194.25618,-186.591716,-5.25,380.85,-1791.75,,,
0.36835625,-5.37E-03,1801.53608,-195.317163,-187.609817,-5.37,382.93,-1801.54,,,
0.37035625,-5.49E-03,1811.31759,-196.378161,-188.627902,-5.49,385.01,-1811.32,,,
0.37235625,-5.61E-03,1821.0991,-197.439176,-189.645968,-5.61,387.09,-1821.10,,,
0.37435625,-5.73E-03,1830.88061,-198.500209,-190.664015,-5.73,389.16,-1830.88,,,
0.37635625,-5.86E-03,1840.66212,-199.561259,-191.682043,-5.86,391.24,-1840.66,,,
0.37835625,-5.99E-03,1850.44363,-200.622327,-192.700051,-5.99,393.32,-1850.44,,,
0.38035625,-6.13E-03,1860.22514,-201.683414,-193.71804,-6.13,395.40,-1860.23,,,
0.38235625,-6.26E-03,1870.00664,-202.74452,-194.736007,-6.26,397.48,-1870.01,,,
0.38435625,-6.40E-03,1879.78815,-203.805645,-195.753953,-6.40,399.56,-1879.79,,,
0.38635625,-6.54E-03,1889.56966,-204.86679,-196.771877,-6.54,401.64,-1889.57,,,
0.38835625,-6.69E-03,1899.35116,-205.927957,-197.789779,-6.69,403.72,-1899.35,,,
0.39035625,-6.84E-03,1909.13267,-206.989144,-198.807657,-6.84,405.80,-1909.13,,,
0.39235625,-6.99E-03,1918.91418,-208.050353,-199.825511,-6.99,407.88,-1918.91,,,
0.39435625,-7.15E-03,1928.69568,-209.111585,-200.843341,-7.15,409.95,-1928.70,,,
0.39635625,-7.31E-03,1938.47719,-210.172839,-201.861146,-7.31,412.03,-1938.48,,,
0.39835625,-7.47E-03,1948.25869,-211.234117,-202.878925,-7.47,414.11,-1948.26,,,
0.40035625,-7.64E-03,1958.04019,-212.29542,-203.896677,-7.64,416.19,-1958.04,,,
0.40235625,-7.81E-03,1967.8217,-213.356747,-204.914401,-7.81,418.27,-1967.82,,,
0.40435625,-7.99E-03,1977.6032,-214.4181,-205.932097,-7.99,420.35,-1977.60,,,
0.40635625,-8.16E-03,1987.3847,-215.479479,-206.949764,-8.16,422.43,-1987.38,,,
0.40835625,-8.35E-03,1997.1662,-216.540885,-207.967401,-8.35,424.51,-1997.17,,,
0.41035625,-8.53E-03,2006.9477,-217.602319,-208.985007,-8.53,426.59,-2006.95,,,
0.41235625,-8.73E-03,2016.7292,-218.663782,-210.002581,-8.73,428.67,-2016.73,,,
0.41435625,-8.92E-03,2026.5107,-219.725274,-211.020123,-8.92,430.75,-2026.51,,,
0.41635625,-9.12E-03,2036.29219,-220.786796,-212.037632,-9.12,432.82,-2036.29,,,
0.41835625,-9.33E-03,2046.07369,-221.848348,-213.055105,-9.33,434.90,-2046.07,,,
0.42035625,-9.54E-03,2055.85518,-222.909933,-214.072543,-9.54,436.98,-2055.86,,,
0.42235625,-9.76E-03,2065.63667,-223.971551,-215.089944,-9.76,439.06,-2065.64,,,
0.42435625,-9.98E-03,2075.41816,-225.033202,-216.107308,-9.98,441.14,-2075.42,,,
0.42635625,-1.02E-02,2085.19965,-226.094887,-217.124632,-10.20,443.22,-2085.20,,-2076.459301,441.3617996
0.42835625,-1.04E-02,2094.98114,-227.156608,-218.141917,-10.43,445.30,-2094.98,,,
0.43035625,-1.07E-02,2104.76263,-228.218366,-219.15916,-10.67,447.38,-2104.76,,,
0.43235625,-1.09E-02,2114.54412,-229.280161,-220.17636,-10.91,449.46,-2114.54,,,
0.43435625,-1.12E-02,2124.3256,-230.341995,-221.193517,-11.16,451.54,-2124.33,,,
0.43635625,-1.14E-02,2134.10708,-231.403869,-222.210629,-11.41,453.61,-2134.11,,,
0.43835625,-1.17E-02,2143.88857,-232.465783,-223.227693,-11.67,455.69,-2143.89,,,
0.44035625,-1.19E-02,2153.67005,-233.527739,-224.244711,-11.94,457.77,-2153.67,,,
0.44235625,-1.22E-02,2163.45152,-234.589738,-225.261679,-12.21,459.85,-2163.45,,,
0.44435625,-1.25E-02,2173.233,-235.651782,-226.278595,-12.49,461.93,-2173.23,,,
0.44635625,-1.28E-02,2183.01448,-236.713872,-227.29546,-12.78,464.01,-2183.01,,,
0.44835625,-1.31E-02,2192.79595,-237.776008,-228.31227,-13.07,466.09,-2192.80,,,
0.45035625,-1.34E-02,2202.57743,-238.838192,-229.329024,-13.37,468.17,-2202.58,,,
0.45235625,-1.37E-02,2212.3589,-239.900427,-230.345721,-13.68,470.25,-2212.36,,,
0.45435625,-1.40E-02,2222.14037,-240.962712,-231.362359,-14.00,472.33,-2222.14,,,
0.45635625,-1.43E-02,2231.92185,-242.025049,-232.378936,-14.32,474.40,-2231.92,,,
0.45835625,-1.47E-02,2241.70332,-243.087441,-233.395449,-14.65,476.48,-2241.70,,,
0.46035625,-1.50E-02,2251.48479,-244.149888,-234.411897,-14.99,478.56,-2251.48,,,
0.46235625,-1.53E-02,2261.26626,-245.212392,-235.428279,-15.34,480.64,-2261.27,,,
0.46435625,-1.57E-02,2271.04773,-246.274954,-236.444591,-15.69,482.72,-2271.05,,,
0.46635625,-1.61E-02,2280.82921,-247.337577,-237.460832,-16.06,484.80,-2280.83,,,
0.46835625,-1.64E-02,2290.61068,-248.400263,-238.476999,-16.43,486.88,-2290.61,,,
0.47035625,-1.68E-02,2300.39216,-249.463011,-239.49309,-16.82,488.96,-2300.39,,,
0.47235625,-1.72E-02,2310.17363,-250.525826,-240.509103,-17.21,491.03,-2310.17,,,
0.47435625,-1.76E-02,2319.95511,-251.588708,-241.525036,-17.61,493.11,-2319.96,,,
0.47635625,-1.80E-02,2329.7366,-252.651659,-242.540884,-18.02,495.19,-2329.74,,,
0.47835625,-1.84E-02,2339.51809,-253.714682,-243.556647,-18.45,497.27,-2339.52,,,
0.48035625,-1.89E-02,2349.29958,-254.777778,-244.572321,-18.88,499.35,-2349.30,,,
0.48235625,-1.93E-02,2359.08108,-255.840949,-245.587903,-19.32,501.43,-2359.08,,,
0.48435625,-1.98E-02,2368.86259,-256.904198,-246.603391,-19.78,503.51,-2368.86,,,
0.48635625,-2.02E-02,2378.6441,-257.967527,-247.618781,-20.25,505.59,-2378.64,,,
0.48835625,-2.07E-02,2388.42563,-259.030937,-248.634071,-20.73,507.67,-2388.43,,,
0.49035625,-2.12E-02,2398.20716,-260.094432,-249.649257,-21.22,509.74,-2398.21,,,
0.49235625,-2.17E-02,2407.98871,-261.158014,-250.664335,-21.72,511.82,-2407.99,,,
0.49435625,-2.22E-02,2417.77027,-262.221684,-251.679303,-22.24,513.90,-2417.77,,,
0.49635625,-2.28E-02,2427.55185,-263.285447,-252.694157,-22.77,515.98,-2427.55,,,
0.49835625,-2.33E-02,2437.33344,-264.349303,-253.708893,-23.31,518.06,-2437.33,,,
0.50035625,-2.39E-02,2447.11505,-265.413256,-254.723507,-23.86,520.14,-2447.12,,,
0.50235625,-2.44E-02,2456.89668,-266.477308,-255.737996,-24.44,522.22,-2456.90,,,
0.50435625,-2.50E-02,2466.67833,-267.541463,-256.752356,-25.02,524.29,-2466.68,,,
0.50635625,-2.56E-02,2476.46001,-268.605723,-257.766583,-25.62,526.37,-2476.46,,,
0.50835625,-2.62E-02,2486.24172,-269.670091,-258.780672,-26.23,528.45,-2486.24,,,
0.51035625,-2.69E-02,2496.02346,-270.73457,-259.794619,-26.86,530.53,-2496.02,,,
0.51235625,-2.75E-02,2505.80523,-271.799163,-260.80842,-27.51,532.61,-2505.81,,,
0.51435625,-2.82E-02,2515.58704,-272.863874,-261.822071,-28.17,534.69,-2515.59,,,
0.51635625,-2.89E-02,2525.36889,-273.928705,-262.835566,-28.85,536.76,-2525.37,,,
0.51835625,-2.95E-02,2535.15078,-274.99366,-263.848901,-29.55,538.84,-2535.15,,,
0.52035625,-3.03E-02,2544.93271,-276.058743,-264.862071,-30.26,540.92,-2544.93,,,
0.52235625,-3.10E-02,2554.7147,-277.123957,-265.875071,-30.99,543.00,-2554.71,,,
0.52435625,-3.17E-02,2564.49673,-278.189306,-266.887897,-31.74,545.08,-2564.50,,,
0.52635625,-3.25E-02,2574.27883,-279.254794,-267.900544,-32.51,547.16,-2574.28,,,
0.52835625,-3.33E-02,2584.06099,-280.320424,-268.913004,-33.30,549.23,-2584.06,,,
0.53035625,-3.41E-02,2593.84321,-281.386202,-269.925275,-34.11,551.31,-2593.84,,,
0.53235625,-3.49E-02,2603.6255,-282.45213,-270.93735,-34.93,553.39,-2603.63,,,
0.53435625,-3.58E-02,2613.40787,-283.518214,-271.949225,-35.78,555.47,-2613.41,,,
0.53635625,-3.66E-02,2623.19031,-284.584458,-272.960894,-36.65,557.55,-2623.19,,,
0.53835625,-3.75E-02,2632.97284,-285.650867,-273.972351,-37.54,559.62,-2632.97,,,
0.54035625,-3.85E-02,2642.75545,-286.717446,-274.98359,-38.45,561.70,-2642.76,,,
0.54235625,-3.94E-02,2652.53815,-287.784199,-275.994608,-39.38,563.78,-2652.54,,,
0.54435625,-4.03E-02,2662.32095,-288.851133,-277.005398,-40.34,565.86,-2662.32,,,
0.54635625,-4.13E-02,2672.10385,-289.918253,-278.015954,-41.32,567.93,-2672.10,,,
0.54835625,-4.23E-02,2681.88685,-290.985565,-279.026271,-42.32,570.01,-2681.89,,,
0.55035625,-4.34E-02,2691.66996,-292.053074,-280.036345,-43.35,572.09,-2691.67,,,
0.55235625,-4.44E-02,2701.45318,-293.120788,-281.04617,-44.40,574.17,-2701.45,,,
0.55435625,-4.55E-02,2711.23652,-294.188711,-282.05574,-45.48,576.24,-2711.24,,,
0.55635625,-4.66E-02,2721.01997,-295.256853,-283.065051,-46.58,578.32,-2721.02,,,
0.55835625,-4.77E-02,2730.80354,-296.325219,-284.074098,-47.71,580.40,-2730.80,,,
0.56035625,-4.89E-02,2740.58724,-297.393816,-285.082876,-48.86,582.48,-2740.59,,,
0.56235625,-5.00E-02,2750.37106,-298.462654,-286.091381,-50.04,584.55,-2750.37,,,
0.56435625,-5.12E-02,2760.15501,-299.531739,-287.099609,-51.25,586.63,-2760.16,,,
0.56635625,-5.25E-02,2769.93908,-300.60108,-288.107554,-52.48,588.71,-2769.94,,,
0.56835625,-5.37E-02,2779.72328,-301.670686,-289.115213,-53.75,590.79,-2779.72,,,
0.57035625,-5.50E-02,2789.50761,-302.740566,-290.122584,-55.04,592.86,-2789.51,,,
0.57235625,-5.64E-02,2799.29207,-303.810728,-291.129661,-56.35,594.94,-2799.29,,,
0.57435625,-5.77E-02,2809.07665,-304.881184,-292.136442,-57.70,597.02,-2809.08,,,
0.57635625,-5.91E-02,2818.86135,-305.951941,-293.142923,-59.08,599.09,-2818.86,,,
0.57835625,-6.05E-02,2828.64618,-307.023012,-294.149103,-60.48,601.17,-2828.65,,,
0.58035625,-6.19E-02,2838.43112,-308.094406,-295.154978,-61.92,603.25,-2838.43,,,
0.58235625,-6.34E-02,2848.21617,-309.166133,-296.160546,-63.38,605.33,-2848.22,,,
0.58435625,-6.49E-02,2858.00132,-310.238206,-297.165805,-64.88,607.40,-2858.00,,,
0.58635625,-6.64E-02,2867.78658,-311.310634,-298.170753,-66.40,609.48,-2867.79,,,
0.58835625,-6.80E-02,2877.56988,-312.384601,-299.176556,-67.96,611.56,-2877.57,,,
0.59035625,-6.95E-02,2887.34849,-313.461757,-300.184839,-69.55,613.65,-2887.35,,,
0.59235625,-7.12E-02,2897.12708,-314.539475,-301.192978,-71.16,615.73,-2897.13,,,
0.59435625,-7.28E-02,2906.90566,-315.617755,-302.200962,-72.81,617.82,-2906.91,,,
0.59635625,-7.45E-02,2916.68427,-316.696596,-303.208775,-74.49,619.91,-2916.68,,,
0.59835625,-7.62E-02,2926.46291,-317.775994,-304.216403,-76.20,621.99,-2926.46,,,
0.60035625,-7.79E-02,2936.24162,-318.855943,-305.223827,-77.95,624.08,-2936.24,,,
0.60235625,-7.97E-02,2946.0204,-319.936438,-306.231028,-79.72,626.17,-2946.02,,,
0.60435625,-8.15E-02,2955.7993,-321.017468,-307.237986,-81.53,628.26,-2955.80,,,
0.60635625,-8.34E-02,2965.57831,-322.099025,-308.244678,-83.36,630.34,-2965.58,,,
0.60835625,-8.52E-02,2975.35748,-323.181097,-309.251085,-85.23,632.43,-2975.36,,,
0.61035625,-8.71E-02,2985.1368,-324.263672,-310.257178,-87.13,634.52,-2985.14,,,
0.61235625,-8.91E-02,2994.91632,-325.346737,-311.262936,-89.06,636.61,-2994.92,,,
0.61435625,-9.10E-02,3004.69603,-326.430278,-312.268335,-91.02,638.70,-3004.70,,,
0.61635625,-9.30E-02,3014.47595,-327.51428,-313.273346,-93.01,640.79,-3014.48,,,
0.61835625,-9.50E-02,3024.25611,-328.598729,-314.277947,-95.04,642.88,-3024.26,,,
0.62035625,-9.71E-02,3034.03651,-329.683609,-315.282109,-97.09,644.97,-3034.04,,,
0.62235625,-9.92E-02,3043.81716,-330.768903,-316.285808,-99.17,647.05,-3043.82,,,
0.62435625,-0.101288266,3053.59807,-331.854598,-317.28902,-101.29,649.14,-3053.60,,,
0.62635625,-0.103431645,3063.37925,-332.940677,-318.291717,-103.43,651.23,-3063.38,,,
0.62835625,-0.105604401,3073.1607,-334.027125,-319.293877,-105.60,653.32,-3073.16,,,
0.63035625,-0.107806199,3082.94242,-335.113929,-320.295475,-107.81,655.41,-3082.94,,,
0.63235625,-0.110036679,3092.72442,-336.201074,-321.29649,-110.04,657.50,-3092.72,,,
0.63435625,-0.11229546,3102.50668,-337.288547,-322.2969,-112.30,659.59,-3102.51,,,
0.63635625,-0.11458214,3112.28921,-338.376338,-323.296684,-114.58,661.67,-3112.29,,,
0.63835625,-0.116896295,3122.072,-339.464435,-324.295826,-116.90,663.76,-3122.07,,,
0.64035625,-0.119237484,3131.85505,-340.552829,-325.294304,-119.24,665.85,-3131.86,,,
0.64235625,-0.121605245,3141.63834,-341.641512,-326.292108,-121.61,667.93,-3141.64,,,
0.64435625,-0.123999101,3151.42186,-342.730477,-327.289219,-124.00,670.02,-3151.42,,,
0.64635625,-0.126418557,3161.2056,-343.819717,-328.285626,-126.42,672.11,-3161.21,,,
0.64835625,-0.128863104,3170.98955,-344.90923,-329.281318,-128.86,674.19,-3170.99,,,
0.65035625,-0.13133222,3180.77369,-345.999013,-330.276286,-131.33,676.28,-3180.77,,,
0.65235625,-0.133825368,3190.55801,-347.089064,-331.270522,-133.83,678.36,-3190.56,,,
0.65435625,-0.136342001,3200.34249,-348.179383,-332.264018,-136.34,680.44,-3200.34,,,
0.65635625,-0.138881563,3210.12712,-349.269971,-333.256771,-138.88,682.53,-3210.13,,,
0.65835625,-0.141443487,3219.91187,-350.360831,-334.248778,-141.44,684.61,-3219.91,,,
0.66035625,-0.144027198,3229.69674,-351.451966,-335.240035,-144.03,686.69,-3229.70,,,
0.66235625,-0.146632115,3239.4817,-352.543383,-336.230544,-146.63,688.77,-3239.48,,,
0.66435625,-0.149257651,3249.26673,-353.635085,-337.220304,-149.26,690.86,-3249.27,,,
0.66635625,-0.151903214,3259.05183,-354.727081,-338.209316,-151.90,692.94,-3259.05,,,
0.66835625,-0.154568208,3268.83697,-355.819377,-339.197582,-154.57,695.02,-3268.84,,,
0.67035625,-0.157252036,3278.62214,-356.911983,-340.185109,-157.25,697.10,-3278.62,,,
0.67235625,-0.159954097,3288.40732,-358.004907,-341.171898,-159.95,699.18,-3288.41,,,
0.67435625,-0.16267379,3298.1925,-359.09816,-342.157956,-162.67,701.26,-3298.19,,,
0.67635625,-0.165410516,3307.97766,-360.191751,-343.143288,-165.41,703.34,-3307.98,,,
0.67835625,-0.168163675,3317.7628,-361.28569,-344.127899,-168.16,705.41,-3317.76,,,
0.68035625,-0.170932669,3327.54789,-362.37999,-345.111797,-170.93,707.49,-3327.55,,,
0.68235625,-0.173716904,3337.33294,-363.474661,-346.09499,-173.72,709.57,-3337.33,,,
0.68435625,-0.176515787,3347.11792,-364.569714,-347.077483,-176.52,711.65,-3347.12,,,
0.68635625,-0.179328731,3356.90283,-365.665161,-348.059283,-179.33,713.72,-3356.90,,,
0.68835625,-0.182155152,3366.68765,-366.761014,-349.0404,-182.16,715.80,-3366.69,,,
0.69035625,-0.184994474,3376.47239,-367.857283,-350.020839,-184.99,717.88,-3376.47,,,
0.69235625,-0.187846124,3386.25703,-368.953981,-351.00061,-187.85,719.95,-3386.26,,,
0.69435625,-0.190709536,3396.04157,-370.051118,-351.979716,-190.71,722.03,-3396.04,,,
0.69635625,-0.193584152,3405.82601,-371.148705,-352.958168,-193.58,724.11,-3405.83,,,
0.69835625,-0.196469419,3415.61032,-372.246754,-353.935973,-196.47,726.18,-3415.61,,,
0.70035625,-0.199364794,3425.39453,-373.345276,-354.913135,-199.36,728.26,-3425.39,,,
0.70235625,-0.202269741,3435.17861,-374.444279,-355.889663,-202.27,730.33,-3435.18,,,
0.70435625,-0.205183731,3444.96258,-375.543775,-356.865562,-205.18,732.41,-3444.96,,,
0.70635625,-0.208106246,3454.74641,-376.643773,-357.84084,-208.11,734.48,-3454.75,,,
0.70835625,-0.211036775,3464.53013,-377.744283,-358.815499,-211.04,736.56,-3464.53,,,
0.71035625,-0.213974816,3474.31372,-378.845313,-359.789546,-213.97,738.63,-3474.31,,,
0.71235625,-0.216919878,3484.09718,-379.946873,-360.762986,-216.92,740.71,-3484.10,,,
0.71435625,-0.219871478,3493.88052,-381.048971,-361.735824,-219.87,742.78,-3493.88,,,
0.71635625,-0.222829142,3503.66374,-382.151615,-362.708063,-222.83,744.86,-3503.66,,,
0.71835625,-0.225792407,3513.44683,-383.254813,-363.679709,-225.79,746.93,-3513.45,,,
0.72035625,-0.228760819,3523.2298,-384.358572,-364.650762,-228.76,749.01,-3523.23,,,
0.72235625,-0.231733933,3533.01265,-385.4629,-365.621227,-231.73,751.08,-3533.01,,,
0.72435625,-0.234711316,3542.79538,-386.567803,-366.591107,-234.71,753.16,-3542.80,,,
0.72635625,-0.237692543,3552.578,-387.673287,-367.560403,-237.69,755.23,-3552.58,,,
0.72835625,-0.2406772,3562.36051,-388.779359,-368.529118,-240.68,757.31,-3562.36,,,
0.73035625,-0.24366488,3572.1429,-389.886026,-369.497253,-243.66,759.38,-3572.14,,,
0.73235625,-0.24665519,3581.92519,-390.993291,-370.46481,-246.66,761.46,-3581.93,,,
0.73435625,-0.249647744,3591.70738,-392.101162,-371.431789,-249.65,763.53,-3591.71,,,
0.73635625,-0.252642166,3601.48946,-393.209642,-372.398191,-252.64,765.61,-3601.49,,,
0.73835625,-0.255638091,3611.27145,-394.318737,-373.364017,-255.64,767.68,-3611.27,,,
0.74035625,-0.258635161,3621.05334,-395.428452,-374.329266,-258.64,769.76,-3621.05,,,
0.74235625,-0.26163303,3630.83514,-396.538791,-375.293939,-261.63,771.83,-3630.84,,,
0.74435625,-0.264631359,3640.61686,-397.649759,-376.258035,-264.63,773.91,-3640.62,,,
0.74635625,-0.267629821,3650.39849,-398.761359,-377.221552,-267.63,775.98,-3650.40,,,
0.74835625,-0.270628095,3660.18004,-399.873595,-378.184491,-270.63,778.06,-3660.18,,,
0.75035625,-0.273625872,3669.96152,-400.986472,-379.14685,-273.63,780.13,-3669.96,,,
0.75235625,-0.276622848,3679.74292,-402.099994,-380.108627,-276.62,782.21,-3679.74,,,
0.75435625,-0.279618732,3689.52425,-403.214163,-381.069822,-279.62,784.28,-3689.52,,,
0.75635625,-0.282613239,3699.30551,-404.328983,-382.030431,-282.61,786.36,-3699.31,,,
0.75835625,-0.285606092,3709.08671,-405.444458,-382.990454,-285.61,788.43,-3709.09,,,
0.76035625,-0.288597023,3718.86784,-406.560591,-383.949887,-288.60,790.51,-3718.87,,,
0.76235625,-0.291585774,3728.64892,-407.677385,-384.908729,-291.59,792.59,-3728.65,,,
0.76435625,-0.294572092,3738.42995,-408.794844,-385.866976,-294.57,794.66,-3738.43,,,
0.76635625,-0.297555733,3748.21092,-409.91297,-386.824628,-297.56,796.74,-3748.21,,,
0.76835625,-0.300536461,3757.99184,-411.031766,-387.78168,-300.54,798.81,-3757.99,,,
0.77035625,-0.303514046,3767.77272,-412.151236,-388.738129,-303.51,800.89,-3767.77,,,
0.77235625,-0.306488267,3777.55308,-413.272393,-389.694982,-306.49,802.97,-3777.55,,,
0.77435625,-0.309458911,3787.33316,-414.394815,-390.651813,-309.46,805.05,-3787.33,,,
0.77635625,-0.312425768,3797.11323,-415.517874,-391.607986,-312.43,807.13,-3797.11,,,
0.77835625,-0.315388639,3806.89332,-416.641573,-392.563498,-315.39,809.21,-3806.89,,,
0.78035625,-0.318347329,3816.67341,-417.765916,-393.518347,-318.35,811.28,-3816.67,,,
0.78235625,-0.321301652,3826.4535,-418.890907,-394.472531,-321.30,813.36,-3826.45,,,
0.78435625,-0.324251425,3836.2336,-420.01655,-395.426047,-324.25,815.44,-3836.23,,,
0.78635625,-0.327196475,3846.01371,-421.142849,-396.378891,-327.20,817.52,-3846.01,,,
0.78835625,-0.330136633,3855.79383,-422.269807,-397.331062,-330.14,819.60,-3855.79,,,
0.79035625,-0.333071736,3865.57395,-423.39743,-398.282557,-333.07,821.68,-3865.57,,,
0.79235625,-0.336001626,3875.35408,-424.52572,-399.233371,-336.00,823.76,-3875.35,,,
0.79435625,-0.338926152,3885.13423,-425.654683,-400.183502,-338.93,825.84,-3885.13,,,
0.79635625,-0.341845169,3894.91438,-426.784322,-401.132948,-341.85,827.92,-3894.91,,,
0.79835625,-0.344758536,3904.69454,-427.914641,-402.081704,-344.76,830.00,-3904.69,,,
0.80035625,-0.347666117,3914.47471,-429.045644,-403.029768,-347.67,832.08,-3914.47,,,
0.80235625,-0.350567783,3924.25489,-430.177336,-403.977136,-350.57,834.15,-3924.25,,,
0.80435625,-0.353463407,3934.03508,-431.30972,-404.923804,-353.46,836.23,-3934.04,,,
0.80635625,-0.356352869,3943.81528,-432.442801,-405.869769,-356.35,838.31,-3943.82,,,
0.80835625,-0.359236053,3953.59549,-433.576583,-406.815028,-359.24,840.39,-3953.60,,,
0.81035625,-0.362112849,3963.37572,-434.711071,-407.759576,-362.11,842.47,-3963.38,,,
0.81235625,-0.364983148,3973.15595,-435.846269,-408.70341,-364.98,844.55,-3973.16,,,
0.81435625,-0.367846848,3982.9362,-436.98218,-409.646526,-367.85,846.63,-3982.94,,,
0.81635625,-0.370703852,3992.71646,-438.11881,-410.58892,-370.70,848.71,-3992.72,,,
0.81835625,-0.373554063,4002.49672,-439.256162,-411.530588,-373.55,850.79,-4002.50,,,
0.82035625,-0.376397393,4012.277,-440.394242,-412.471527,-376.40,852.87,-4012.28,,,
0.82235625,-0.379233754,4022.0573,-441.533054,-413.411731,-379.23,854.94,-4022.06,,,
0.82435625,-0.382063064,4031.8376,-442.672602,-414.351196,-382.06,857.02,-4031.84,,,
0.82635625,-0.384885242,4041.61792,-443.81289,-415.28992,-384.89,859.10,-4041.62,,,
0.82835625,-0.387700214,4051.39825,-444.953925,-416.227896,-387.70,861.18,-4051.40,,,
0.83035625,-0.390507908,4061.17859,-446.095709,-417.165121,-390.51,863.26,-4061.18,,,
0.83235625,-0.393308253,4070.95894,-447.238248,-418.101591,-393.31,865.34,-4070.96,,,
0.83435625,-0.396101185,4080.7393,-448.381546,-419.0373,-396.10,867.42,-4080.74,,,
0.83635625,-0.39888664,4090.51968,-449.525609,-419.972244,-398.89,869.50,-4090.52,,,
0.83835625,-0.40166456,4100.30007,-450.670441,-420.906419,-401.66,871.58,-4100.30,,,
0.84035625,-0.404434886,4110.08047,-451.816047,-421.83982,-404.43,873.66,-4110.08,,,
0.84235625,-0.407197567,4119.86088,-452.962432,-422.772441,-407.20,875.73,-4119.86,,,
0.84435625,-0.40995255,4129.64131,-454.109601,-423.704279,-409.95,877.81,-4129.64,,,
0.84635625,-0.412699787,4139.42174,-455.257558,-424.635328,-412.70,879.89,-4139.42,,,
0.84835625,-0.415439233,4149.20219,-456.40631,-425.565583,-415.44,881.97,-4149.20,,,
0.85035625,-0.418170844,4158.98265,-457.55586,-426.495039,-418.17,884.05,-4158.98,,,
0.85235625,-0.420894579,4168.76313,-458.706215,-427.423692,-420.89,886.13,-4168.76,,,
0.85435625,-0.4236104,4178.54361,-459.85738,-428.351535,-423.61,888.21,-4178.54,,,
0.85635625,-0.426318272,4188.3241,-461.009359,-429.278564,-426.32,890.29,-4188.32,,,
0.85835625,-0.42901816,4198.10461,-462.162158,-430.204774,-429.02,892.37,-4198.10,,,
0.86035625,-0.431710032,4207.88513,-463.315782,-431.130159,-431.71,894.45,-4207.89,,,
0.86235625,-0.43439386,4217.66566,-464.470238,-432.054714,-434.39,896.52,-4217.67,,,
0.86435625,-0.437069615,4227.4462,-465.62553,-432.978433,-437.07,898.60,-4227.45,,,
0.86635625,-0.439737272,4237.22676,-466.781664,-433.901311,-439.74,900.68,-4237.23,,,
0.86835625,-0.442396808,4247.00732,-467.938645,-434.823341,-442.40,902.76,-4247.01,,,
0.87035625,-0.445048201,4256.7879,-469.096479,-435.744519,-445.05,904.84,-4256.79,,,
0.87235625,-0.44769143,4266.56848,-470.255173,-436.664839,-447.69,906.92,-4266.57,,,
0.87435625,-0.450326477,4276.34908,-471.414731,-437.584295,-450.33,909.00,-4276.35,,,
0.87635625,-0.452953327,4286.12969,-472.575159,-438.502882,-452.95,911.08,-4286.13,,,
0.87835625,-0.455571964,4295.91031,-473.736464,-439.420592,-455.57,913.16,-4295.91,,,
0.88035625,-0.458182375,4305.69094,-474.898651,-440.337421,-458.18,915.24,-4305.69,,,
0.88235625,-0.460784547,4315.47158,-476.061727,-441.253362,-460.78,917.32,-4315.47,,,
0.88435625,-0.463378472,4325.25223,-477.225697,-442.168409,-463.38,919.39,-4325.25,,,
0.88635625,-0.465964139,4335.03289,-478.390567,-443.082556,-465.96,921.47,-4335.03,,,
0.88835625,-0.468541541,4344.81356,-479.556345,-443.995797,-468.54,923.55,-4344.81,,,
0.89035625,-0.471110673,4354.59424,-480.723035,-444.908126,-471.11,925.63,-4354.59,,,
0.89235625,-0.473671529,4364.37493,-481.890645,-445.819536,-473.67,927.71,-4364.37,,,
0.89435625,-0.476224106,4374.15563,-483.05918,-446.73002,-476.22,929.79,-4374.16,,,
0.89635625,-0.478768402,4383.93634,-484.228648,-447.639573,-478.77,931.87,-4383.94,,,
0.89835625,-0.481304415,4393.71706,-485.399054,-448.548187,-481.30,933.95,-4393.72,,,
0.90035625,-0.483832145,4403.49779,-486.570405,-449.455857,-483.83,936.03,-4403.50,,,
0.90235625,-0.486351593,4413.27852,-487.742708,-450.362575,-486.35,938.11,-4413.28,,,
0.90435625,-0.488862762,4423.05927,-488.91597,-451.268335,-488.86,940.18,-4423.06,,,
0.90635625,-0.491365654,4432.84003,-490.090198,-452.17313,-491.37,942.26,-4432.84,,,
0.90835625,-0.493860275,4442.6208,-491.265397,-453.076953,-493.86,944.34,-4442.62,,,
0.91035625,-0.496346628,4452.40157,-492.441576,-453.979797,-496.35,946.42,-4452.40,,,
0.91235625,-0.49882472,4462.18235,-493.61874,-454.881654,-498.82,948.50,-4462.18,,,
0.91435625,-0.501294557,4471.96315,-494.796898,-455.782519,-501.29,950.58,-4471.96,,,
0.91635625,-0.503756149,4481.74395,-495.976057,-456.682384,-503.76,952.66,-4481.74,,,
0.91835625,-0.506209503,4491.52475,-497.156222,-457.581242,-506.21,954.74,-4491.52,,,
0.92035625,-0.508654628,4501.30557,-498.337403,-458.479084,-508.65,956.82,-4501.31,,,
0.92235625,-0.511091536,4511.0864,-499.519605,-459.375905,-511.09,958.90,-4511.09,,,
0.92435625,-0.513520236,4520.86723,-500.702837,-460.271697,-513.52,960.97,-4520.87,,,
0.92635625,-0.515940741,4530.64807,-501.887106,-461.166451,-515.94,963.05,-4530.65,,,
0.92835625,-0.518353063,4540.42892,-503.072419,-462.060161,-518.35,965.13,-4540.43,,,
0.93035625,-0.520757215,4550.20978,-504.258785,-462.952819,-520.76,967.21,-4550.21,,,
0.93235625,-0.523153211,4559.99064,-505.44621,-463.844416,-523.15,969.29,-4559.99,,,
0.93435625,-0.525541066,4569.77152,-506.634703,-464.734946,-525.54,971.37,-4569.77,,,
0.93635625,-0.527920793,4579.5524,-507.824271,-465.624401,-527.92,973.45,-4579.55,,,
0.93835625,-0.53029241,4589.33328,-509.014923,-466.512772,-530.29,975.53,-4589.33,,,
0.94035625,-0.532655931,4599.11418,-510.206666,-467.400051,-532.66,977.61,-4599.11,,,
0.94235625,-0.535011374,4608.89508,-511.399509,-468.286231,-535.01,979.69,-4608.90,,,
0.94435625,-0.537358755,4618.67599,-512.593459,-469.171303,-537.36,981.76,-4618.68,,,
0.94635625,-0.539698093,4628.4569,-513.788525,-470.055259,-539.70,983.84,-4628.46,,,
0.94835625,-0.542029406,4638.23783,-514.984715,-470.938091,-542.03,985.92,-4638.24,,,
0.95035625,-0.544352711,4648.01875,-516.182038,-471.819789,-544.35,988.00,-4648.02,,,
0.95235625,-0.546668029,4657.79969,-517.380501,-472.700347,-546.67,990.08,-4657.80,,,
0.95435625,-0.548975379,4667.58063,-518.580115,-473.579754,-548.98,992.16,-4667.58,,,
0.95635625,-0.551274781,4677.36158,-519.780886,-474.458003,-551.27,994.24,-4677.36,,,
0.95835625,-0.553566254,4687.14253,-520.982825,-475.335084,-553.57,996.32,-4687.14,,,
0.96035625,-0.55584982,4696.9235,-522.185939,-476.21099,-555.85,998.40,-4696.92,,,
0.96235625,-0.5581255,4706.70446,-523.390238,-477.08571,-558.13,1000.48,-4706.70,,,
0.96435625,-0.560393315,4716.48544,-524.59573,-477.959237,-560.39,1002.55,-4716.49,,,
0.96635625,-0.562653287,4726.26641,-525.802426,-478.83156,-562.65,1004.63,-4726.27,,,
0.96835625,-0.564905438,4736.0474,-527.010333,-479.702671,-564.91,1006.71,-4736.05,,,
0.97035625,-0.567149791,4745.82839,-528.219461,-480.572561,-567.15,1008.79,-4745.83,,,
0.97235625,-0.569386367,4755.60939,-529.42982,-481.441219,-569.39,1010.87,-4755.61,,,
0.97435625,-0.57161519,4765.39039,-530.641418,-482.308638,-571.62,1012.95,-4765.39,,,
0.97635625,-0.573836283,4775.1714,-531.854266,-483.174806,-573.84,1015.03,-4775.17,,,
0.97835625,-0.57604967,4784.95241,-533.068373,-484.039715,-576.05,1017.11,-4784.95,,,
0.98035625,-0.578255375,4794.73343,-534.283748,-484.903356,-578.26,1019.19,-4794.73,,,
0.98235625,-0.58045342,4804.51445,-535.500402,-485.765717,-580.45,1021.27,-4804.51,,,
0.98435625,-0.582643831,4814.29548,-536.718344,-486.626789,-582.64,1023.35,-4814.30,,,
0.98635625,-0.584826632,4824.07651,-537.937585,-487.486563,-584.83,1025.42,-4824.08,,,
0.98835625,-0.587001848,4833.85755,-539.158134,-488.345027,-587.00,1027.50,-4833.86,,,
0.99035625,-0.589169502,4843.63859,-540.380001,-489.202173,-589.17,1029.58,-4843.64,,,
0.99235625,-0.591329621,4853.41964,-541.603198,-490.05799,-591.33,1031.66,-4853.42,,,
0.99435625,-0.593482229,4863.2007,-542.827733,-490.912467,-593.48,1033.74,-4863.20,,,
0.99635625,-0.595627351,4872.98175,-544.053618,-491.765593,-595.63,1035.82,-4872.98,,,
0.99835625,-0.597765014,4882.76282,-545.280863,-492.61736,-597.77,1037.90,-4882.76,,,
1,-0.599515186,4890.78518,-546.284017,-493.310264,-599.52,1039.59,-4890.79,,,
