TIME, UX_5, FX_2, FY_3, FY_4,Displacement,Reaction,Load,,,
2.00E-04,-1.83E-08,0.499999998,-0.441672953,-0.424352445,0.00,-0.50,0.87,,,
4.00E-04,-4.93E-08,0.999999986,-0.883345902,-0.848704884,0.00,-1.00,1.73,,,
7.00E-04,-1.20E-07,1.74999995,-1.54585531,-1.48523352,0.00,-1.75,3.03,,,
1.15E-03,-2.80E-07,2.87499957,-2.53961921,-2.44002625,0.00,-2.87,4.98,,,
1.83E-03,-6.41E-07,4.56249695,-4.03026387,-3.87221411,0.00,-4.56,7.90,,,
2.84E-03,-1.46E-06,7.0937313,-6.26622414,-6.02048905,0.00,-7.09,12.29,,,
4.36E-03,-3.30E-06,10.8905187,-9.6201284,-9.24286504,0.00,-10.89,18.86,,,
6.36E-03,-6.88E-06,15.8902504,-14.0367072,-13.4862372,-0.01,-15.89,27.52,,,
8.36E-03,-1.18E-05,20.8901378,-18.4533774,-17.7296965,-0.01,-20.89,36.18,,,
1.04E-02,-1.80E-05,25.8901598,-22.8701215,-21.9732249,-0.02,-25.89,44.84,,,
1.24E-02,-2.55E-05,30.8901858,-27.2868694,-26.2167525,-0.03,-30.89,53.50,,,
1.44E-02,-3.44E-05,35.8902074,-31.7036186,-30.4602756,-0.03,-35.89,62.16,,,
1.64E-02,-4.46E-05,40.8902288,-36.120371,-34.7037954,-0.04,-40.89,70.82,,,
1.84E-02,-5.62E-05,45.8902506,-40.5371273,-38.9473116,-0.06,-45.89,79.48,,,
2.04E-02,-6.92E-05,50.8902726,-44.9538879,-43.1908236,-0.07,-50.89,88.14,,,
2.24E-02,-8.36E-05,55.8902949,-49.3706534,-47.434331,-0.08,-55.89,96.80,,,
2.44E-02,-9.94E-05,60.8903174,-53.7874243,-51.6778331,-0.10,-60.89,105.47,,,
2.64E-02,-1.17E-04,65.8903402,-58.2042009,-55.9213297,-0.12,-65.89,114.13,,,
2.84E-02,-1.35E-04,70.8903632,-62.6209839,-60.1648201,-0.14,-70.89,122.79,,,
3.04E-02,-1.55E-04,75.8903865,-67.0377737,-64.4083038,-0.16,-75.89,131.45,,,
3.24E-02,-1.77E-04,80.89041,-71.4545709,-68.6517804,-0.18,-80.89,140.11,,,
3.44E-02,-2.00E-04,85.8904338,-75.871376,-72.8952492,-0.20,-85.89,148.77,,,
3.64E-02,-2.24E-04,90.8904578,-80.2881894,-77.1387099,-0.22,-90.89,157.43,,,
3.84E-02,-2.50E-04,95.8904821,-84.7050118,-81.3821619,-0.25,-95.89,166.09,,,
4.04E-02,-2.78E-04,100.890507,-89.1218437,-85.6256045,-0.28,-100.89,174.75,,,
4.24E-02,-3.06E-04,105.890531,-93.5386856,-89.8690373,-0.31,-105.89,183.41,,,
4.44E-02,-3.37E-04,110.890557,-97.955538,-94.1124597,-0.34,-110.89,192.07,,,
4.64E-02,-3.69E-04,115.890582,-102.372402,-98.3558712,-0.37,-115.89,200.73,,,
4.84E-02,-4.02E-04,120.890607,-106.789277,-102.599271,-0.40,-120.89,209.39,,,
5.04E-02,-4.38E-04,125.890633,-111.206164,-106.842659,-0.44,-125.89,218.05,,,
5.24E-02,-4.74E-04,130.890659,-115.623064,-111.086035,-0.47,-130.89,226.71,,,
5.44E-02,-5.13E-04,135.890686,-120.039978,-115.329397,-0.51,-135.89,235.37,,,
5.64E-02,-5.52E-04,140.890712,-124.456906,-119.572745,-0.55,-140.89,244.03,,,
5.84E-02,-5.94E-04,145.890739,-128.873848,-123.816079,-0.59,-145.89,252.69,,,
6.04E-02,-6.37E-04,150.890767,-133.290805,-128.059398,-0.64,-150.89,261.35,,,
6.24E-02,-6.82E-04,155.890794,-137.707778,-132.302702,-0.68,-155.89,270.01,,,
6.44E-02,-7.28E-04,160.890822,-142.124767,-136.54599,-0.73,-160.89,278.67,,,
6.64E-02,-7.76E-04,165.89085,-146.541774,-140.78926,-0.78,-165.89,287.33,,,
6.84E-02,-8.26E-04,170.890878,-150.958798,-145.032514,-0.83,-170.89,295.99,,,
7.04E-02,-8.78E-04,175.890907,-155.37584,-149.275749,-0.88,-175.89,304.65,,,
7.24E-02,-9.31E-04,180.890935,-159.792901,-153.518966,-0.93,-180.89,313.31,,,
7.44E-02,-9.86E-04,185.890965,-164.209981,-157.762164,-0.99,-185.89,321.97,,,
7.64E-02,-1.04E-03,190.890994,-168.627081,-162.005341,-1.04,-190.89,330.63,,,
7.84E-02,-1.10E-03,195.891024,-173.044202,-166.248498,-1.10,-195.89,339.29,,,
8.04E-02,-1.16E-03,200.891054,-177.461345,-170.491634,-1.16,-200.89,347.95,,,
8.24E-02,-1.22E-03,205.891084,-181.87851,-174.734748,-1.22,-205.89,356.61,,,
8.44E-02,-1.29E-03,210.891114,-186.295697,-178.97784,-1.29,-210.89,365.27,,,
8.64E-02,-1.35E-03,215.891145,-190.712908,-183.220908,-1.35,-215.89,373.93,,,
8.84E-02,-1.42E-03,220.891176,-195.130143,-187.463953,-1.42,-220.89,382.59,,,
9.04E-02,-1.49E-03,225.891208,-199.547402,-191.706973,-1.49,-225.89,391.25,,,
9.24E-02,-1.56E-03,230.891206,-203.96469,-195.94997,-1.56,-230.89,399.91,,,
9.44E-02,-1.63E-03,235.8912,-208.382004,-200.192942,-1.63,-235.89,408.57,,,
9.64E-02,-1.71E-03,240.891193,-212.799345,-204.435888,-1.71,-240.89,417.24,,,
9.84E-02,-1.78E-03,245.891186,-217.216714,-208.678806,-1.78,-245.89,425.90,,,
0.10035625,-1.86E-03,250.89118,-221.634112,-212.921696,-1.86,-250.89,434.56,,,
0.10235625,-1.94E-03,255.891173,-226.051538,-217.164558,-1.94,-255.89,443.22,,,
0.10435625,-2.02E-03,260.891166,-230.468995,-221.40739,-2.02,-260.89,451.88,,,
0.10635625,-2.11E-03,265.89116,-234.886482,-225.650192,-2.11,-265.89,460.54,,,
0.10835625,-2.19E-03,270.891153,-239.304,-229.892964,-2.19,-270.89,469.20,,,
0.11035625,-2.28E-03,275.891146,-243.721551,-234.135703,-2.28,-275.89,477.86,,,
0.11235625,-2.37E-03,280.891139,-248.139135,-238.378411,-2.37,-280.89,486.52,,,
0.11435625,-2.47E-03,285.891132,-252.556752,-242.621085,-2.47,-285.89,495.18,,,
0.11635625,-2.56E-03,290.891125,-256.974404,-246.863726,-2.56,-290.89,503.84,,,
0.11835625,-2.66E-03,295.891119,-261.392091,-251.106332,-2.66,-295.89,512.50,,,
0.12035625,-2.75E-03,300.891112,-265.809814,-255.348903,-2.75,-300.89,521.16,,,
0.12235625,-2.85E-03,305.891105,-270.227574,-259.591437,-2.85,-305.89,529.82,,,
0.12435625,-2.96E-03,310.891098,-274.645372,-263.833934,-2.96,-310.89,538.48,,,
0.12635625,-3.06E-03,315.891091,-279.063208,-268.076393,-3.06,-315.89,547.14,,,
0.12835625,-3.17E-03,320.891084,-283.481083,-272.318814,-3.17,-320.89,555.80,,,
0.13035625,-3.28E-03,325.891077,-287.898999,-276.561196,-3.28,-325.89,564.46,,,
0.13235625,-3.39E-03,330.89107,-292.316955,-280.803537,-3.39,-330.89,573.12,,,
0.13435625,-3.50E-03,335.891063,-296.734953,-285.045837,-3.50,-335.89,581.78,,,
0.13635625,-3.62E-03,340.891056,-301.152994,-289.288095,-3.62,-340.89,590.44,,,
0.13835625,-3.73E-03,345.891049,-305.571078,-293.53031,-3.73,-345.89,599.10,,,
0.14035625,-3.85E-03,350.891042,-309.989207,-297.772482,-3.85,-350.89,607.76,,,
0.14235625,-3.97E-03,355.891035,-314.407381,-302.014608,-3.97,-355.89,616.42,,,
0.14435625,-4.10E-03,360.891028,-318.825601,-306.25669,-4.10,-360.89,625.08,,,
0.14635625,-4.22E-03,365.891021,-323.243868,-310.498725,-4.22,-365.89,633.74,,,
0.14835625,-4.35E-03,370.891014,-327.662183,-314.740713,-4.35,-370.89,642.40,,,
0.15035625,-4.48E-03,375.891007,-332.080546,-318.982654,-4.48,-375.89,651.06,,,
0.15235625,-4.62E-03,380.891,-336.49896,-323.224545,-4.62,-380.89,659.72,,,
0.15435625,-4.75E-03,385.890993,-340.917424,-327.466386,-4.75,-385.89,668.38,,,
0.15635625,-4.89E-03,390.890986,-345.335939,-331.708176,-4.89,-390.89,677.04,,,
0.15835625,-5.03E-03,395.890979,-349.754507,-335.949915,-5.03,-395.89,685.70,,,
0.16035625,-5.17E-03,400.890972,-354.173129,-340.1916,-5.17,-400.89,694.36,,,
0.16235625,-5.32E-03,405.890965,-358.591804,-344.433233,-5.32,-405.89,703.03,,,
0.16435625,-5.46E-03,410.890959,-363.010536,-348.67481,-5.46,-410.89,711.69,,,
0.16635625,-5.61E-03,415.890952,-367.429323,-352.916333,-5.61,-415.89,720.35,,,
0.16835625,-5.76E-03,420.890945,-371.848168,-357.157798,-5.76,-420.89,729.01,,,
0.17035625,-5.92E-03,425.890938,-376.267071,-361.399206,-5.92,-425.89,737.67,,,
0.17235625,-6.08E-03,430.890932,-380.686033,-365.640556,-6.08,-430.89,746.33,,,
0.17435625,-6.23E-03,435.890925,-385.105055,-369.881846,-6.23,-435.89,754.99,,,
0.17635625,-6.40E-03,440.890919,-389.524139,-374.123076,-6.40,-440.89,763.65,,,
0.17835625,-6.56E-03,445.890912,-393.943285,-378.364244,-6.56,-445.89,772.31,,,
0.18035625,-6.73E-03,450.890906,-398.362495,-382.60535,-6.73,-450.89,780.97,,,
0.18235625,-6.90E-03,455.890899,-402.781768,-386.846392,-6.90,-455.89,789.63,,,
0.18435625,-7.07E-03,460.890893,-407.201107,-391.08737,-7.07,-460.89,798.29,,,
0.18635625,-7.24E-03,465.890887,-411.620513,-395.328282,-7.24,-465.89,806.95,,,
0.18835625,-7.42E-03,470.890881,-416.039985,-399.569127,-7.42,-470.89,815.61,,,
0.19035625,-7.60E-03,475.890874,-420.459527,-403.809905,-7.60,-475.89,824.27,,,
0.19235625,-7.78E-03,480.890868,-424.879138,-408.050614,-7.78,-480.89,832.93,,,
0.19435625,-7.97E-03,485.890862,-429.29882,-412.291252,-7.97,-485.89,841.59,,,
0.19635625,-8.15E-03,490.890857,-433.718573,-416.53182,-8.15,-490.89,850.25,,,
0.19835625,-8.34E-03,495.890851,-438.1384,-420.772316,-8.34,-495.89,858.91,,,
0.20035625,-8.54E-03,500.890845,-442.5583,-425.012739,-8.54,-500.89,867.57,,,
0.20235625,-8.73E-03,505.89084,-446.978276,-429.253088,-8.73,-505.89,876.23,,,
0.20435625,-8.93E-03,510.890834,-451.398328,-433.493361,-8.93,-510.89,884.89,,,
0.20635625,-9.13E-03,515.890829,-455.818457,-437.733557,-9.13,-515.89,893.55,,,
0.20835625,-9.33E-03,520.890824,-460.238665,-441.973676,-9.33,-520.89,902.21,,,
0.21035625,-9.54E-03,525.890818,-464.658952,-446.213716,-9.54,-525.89,910.87,,,
0.21235625,-9.75E-03,530.890814,-469.07932,-450.453676,-9.75,-530.89,919.53,,,
0.21435625,-9.96E-03,535.890809,-473.499771,-454.693556,-9.96,-535.89,928.19,,,
0.21635625,-1.02E-02,540.890804,-477.920304,-458.933352,-10.17,-540.89,936.85,,-536.8485703,929.8522342
0.21835625,-1.04E-02,545.890799,-482.340922,-463.173065,-10.39,-545.89,945.51,,,
0.22035625,-1.06E-02,550.890795,-486.761626,-467.412693,-10.61,-550.89,954.17,,,
0.22235625,-1.08E-02,555.890791,-491.182416,-471.652236,-10.83,-555.89,962.83,,,
0.22435625,-1.11E-02,560.890786,-495.603294,-475.891691,-11.06,-560.89,971.49,,,
0.22635625,-1.13E-02,565.890782,-500.024261,-480.131058,-11.29,-565.89,980.16,,,
0.22835625,-1.15E-02,570.890779,-504.445319,-484.370336,-11.52,-570.89,988.82,,,
0.23035625,-1.18E-02,575.890775,-508.866469,-488.609523,-11.75,-575.89,997.48,,,
0.23235625,-1.20E-02,580.890772,-513.287711,-492.848617,-11.99,-580.89,1006.14,,,
0.23435625,-1.22E-02,585.890768,-517.709048,-497.087619,-12.23,-585.89,1014.80,,,
0.23635625,-1.25E-02,590.890765,-522.13048,-501.326525,-12.47,-590.89,1023.46,,,
0.23835625,-1.27E-02,595.890762,-526.552009,-505.565336,-12.72,-595.89,1032.12,,,
0.24035625,-1.30E-02,600.89076,-530.973636,-509.80405,-12.97,-600.89,1040.78,,,
0.24235625,-1.32E-02,605.890757,-535.395362,-514.042665,-13.22,-605.89,1049.44,,,
0.24435625,-1.35E-02,610.890755,-539.817189,-518.281181,-13.48,-610.89,1058.10,,,
0.24635625,-1.37E-02,615.890753,-544.239118,-522.519595,-13.74,-615.89,1066.76,,,
0.24835625,-1.40E-02,620.890751,-548.661151,-526.757907,-14.00,-620.89,1075.42,,,
0.25035625,-1.43E-02,625.890749,-553.083287,-530.996116,-14.26,-625.89,1084.08,,,
0.25235625,-1.45E-02,630.890748,-557.50553,-535.234219,-14.53,-630.89,1092.74,,,
0.25435625,-1.48E-02,635.890747,-561.92788,-539.472216,-14.80,-635.89,1101.40,,,
0.25635625,-1.51E-02,640.890746,-566.350339,-543.710105,-15.07,-640.89,1110.06,,,
0.25835625,-1.53E-02,645.890745,-570.772907,-547.947886,-15.35,-645.89,1118.72,,,
0.26035625,-1.56E-02,650.890745,-575.195587,-552.185555,-15.63,-650.89,1127.38,,,
0.26235625,-1.59E-02,655.890745,-579.61838,-556.423113,-15.91,-655.89,1136.04,,,
0.26435625,-1.62E-02,660.890745,-584.041287,-560.660558,-16.20,-660.89,1144.70,,,
0.26635625,-1.65E-02,665.890745,-588.46431,-564.897887,-16.49,-665.89,1153.36,,,
0.26835625,-1.68E-02,670.890746,-592.887449,-569.1351,-16.78,-670.89,1162.02,,,
0.27035625,-1.71E-02,675.890747,-597.310707,-573.372197,-17.07,-675.89,1170.68,,,
0.27235625,-1.74E-02,680.890748,-601.734085,-577.609174,-17.37,-680.89,1179.34,,,
0.27435625,-1.77E-02,685.89075,-606.157584,-581.846031,-17.67,-685.89,1188.00,,,
0.27635625,-1.80E-02,690.890752,-610.581206,-586.082766,-17.98,-690.89,1196.66,,,
0.27835625,-1.83E-02,695.890754,-615.004952,-590.319377,-18.29,-695.89,1205.32,,,
0.28035625,-1.86E-02,700.890756,-619.428824,-594.555863,-18.60,-700.89,1213.98,,,
0.28235625,-1.89E-02,705.890759,-623.852822,-598.792224,-18.92,-705.89,1222.65,,,
0.28435625,-1.92E-02,710.890763,-628.27695,-603.028457,-19.23,-710.89,1231.31,,,
0.28635625,-1.96E-02,715.890766,-632.701207,-607.26456,-19.56,-715.89,1239.97,,,
0.28835625,-1.99E-02,720.89077,-637.125596,-611.500533,-19.88,-720.89,1248.63,,,
0.29035625,-2.02E-02,725.890775,-641.550119,-615.736373,-20.21,-725.89,1257.29,,,
0.29235625,-2.05E-02,730.890779,-645.974775,-619.97208,-20.54,-730.89,1265.95,,,
0.29435625,-2.09E-02,735.890784,-650.399569,-624.207651,-20.88,-735.89,1274.61,,,
0.29635625,-2.12E-02,740.89079,-654.824499,-628.443085,-21.21,-740.89,1283.27,,,
0.29835625,-2.16E-02,745.890796,-659.249569,-632.678381,-21.56,-745.89,1291.93,,,
0.30035625,-2.19E-02,750.890802,-663.67478,-636.913537,-21.90,-750.89,1300.59,,,
0.30235625,-2.22E-02,755.890809,-668.100133,-641.148552,-22.25,-755.89,1309.25,,,
0.30435625,-2.26E-02,760.890816,-672.525631,-645.383422,-22.60,-760.89,1317.91,,,
0.30635625,-2.30E-02,765.890823,-676.951273,-649.618149,-22.96,-765.89,1326.57,,,
0.30835625,-2.33E-02,770.890831,-681.377063,-653.852729,-23.32,-770.89,1335.23,,,
0.31035625,-2.37E-02,775.890839,-685.803002,-658.08716,-23.68,-775.89,1343.89,,,
0.31235625,-2.40E-02,780.890848,-690.229091,-662.321443,-24.04,-780.89,1352.55,,,
0.31435625,-2.44E-02,785.890858,-694.655331,-666.555574,-24.41,-785.89,1361.21,,,
0.31635625,-2.48E-02,790.890867,-699.081726,-670.789553,-24.79,-790.89,1369.87,,,
0.31835625,-2.52E-02,795.890878,-703.508275,-675.023376,-25.16,-795.89,1378.53,,,
0.32035625,-2.55E-02,800.890888,-707.934982,-679.257045,-25.54,-800.89,1387.19,,,
0.32235625,-2.59E-02,805.890899,-712.361847,-683.490554,-25.93,-805.89,1395.85,,,
0.32435625,-2.63E-02,810.890911,-716.788872,-687.723905,-26.31,-810.89,1404.51,,,
0.32635625,-2.67E-02,815.890923,-721.216059,-691.957093,-26.70,-815.89,1413.17,,,
0.32835625,-2.71E-02,820.890936,-725.643409,-696.19012,-27.10,-820.89,1421.83,,,
0.33035625,-2.75E-02,825.890949,-730.070925,-700.422982,-27.49,-825.89,1430.49,,,
0.33235625,-2.79E-02,830.890963,-734.498608,-704.655677,-27.90,-830.89,1439.15,,,
0.33435625,-2.83E-02,835.890977,-738.926459,-708.888205,-28.30,-835.89,1447.81,,,
0.33635625,-2.87E-02,840.890992,-743.35448,-713.120563,-28.71,-840.89,1456.48,,,
0.33835625,-2.91E-02,845.891007,-747.782674,-717.35275,-29.12,-845.89,1465.14,,,
0.34035625,-2.95E-02,850.891023,-752.211041,-721.584763,-29.54,-850.89,1473.80,,,
0.34235625,-3.00E-02,855.891039,-756.639584,-725.816602,-29.96,-855.89,1482.46,,,
0.34435625,-3.04E-02,860.891056,-761.068304,-730.048263,-30.38,-860.89,1491.12,,,
0.34635625,-3.08E-02,865.891074,-765.497202,-734.279746,-30.81,-865.89,1499.78,,,
0.34835625,-3.12E-02,870.891092,-769.926282,-738.511049,-31.24,-870.89,1508.44,,,
0.35035625,-3.17E-02,875.89111,-774.355544,-742.74217,-31.67,-875.89,1517.10,,,
0.35235625,-3.21E-02,880.89113,-778.78499,-746.973108,-32.11,-880.89,1525.76,,,
0.35435625,-3.25E-02,885.89115,-783.214623,-751.203859,-32.55,-885.89,1534.42,,,
0.35635625,-3.30E-02,890.89117,-787.644443,-755.434424,-32.99,-890.89,1543.08,,,
0.35835625,-3.34E-02,895.891191,-792.074453,-759.664798,-33.44,-895.89,1551.74,,,
0.36035625,-3.39E-02,900.891213,-796.504654,-763.894982,-33.90,-900.89,1560.40,,,
0.36235625,-3.44E-02,905.891235,-800.935049,-768.124974,-34.35,-905.89,1569.06,,,
0.36435625,-3.48E-02,910.891258,-805.365638,-772.35477,-34.81,-910.89,1577.72,,,
0.36635625,-3.53E-02,915.891281,-809.796425,-776.58437,-35.28,-915.89,1586.38,,,
0.36835625,-3.57E-02,920.891306,-814.22741,-780.813771,-35.74,-920.89,1595.04,,,
0.37035625,-3.62E-02,925.89133,-818.658596,-785.042973,-36.21,-925.89,1603.70,,,
0.37235625,-3.67E-02,930.891356,-823.089984,-789.271972,-36.69,-930.89,1612.36,,,
0.37435625,-3.72E-02,935.891382,-827.521577,-793.500767,-37.17,-935.89,1621.02,,,
0.37635625,-3.77E-02,940.891409,-831.953375,-797.729356,-37.65,-940.89,1629.68,,,
0.37835625,-3.81E-02,945.891436,-836.385382,-801.957737,-38.14,-945.89,1638.34,,,
0.38035625,-3.86E-02,950.891464,-840.817599,-806.185908,-38.63,-950.89,1647.00,,,
0.38235625,-3.91E-02,955.891493,-845.250027,-810.413869,-39.12,-955.89,1655.66,,,
0.38435625,-3.96E-02,960.891523,-849.682669,-814.641616,-39.62,-960.89,1664.32,,,
0.38635625,-4.01E-02,965.891553,-854.115526,-818.869147,-40.12,-965.89,1672.98,,,
0.38835625,-4.06E-02,970.891584,-858.548601,-823.096461,-40.63,-970.89,1681.65,,,
0.39035625,-4.11E-02,975.891615,-862.981896,-827.323556,-41.13,-975.89,1690.31,,,
0.39235625,-4.16E-02,980.891647,-867.415411,-831.550429,-41.65,-980.89,1698.97,,,
0.39435625,-4.22E-02,985.89168,-871.84915,-835.777079,-42.16,-985.89,1707.63,,,
0.39635625,-4.27E-02,990.891714,-876.283114,-840.003504,-42.69,-990.89,1716.29,,,
0.39835625,-4.32E-02,995.891749,-880.717305,-844.229702,-43.21,-995.89,1724.95,,,
0.40035625,-4.37E-02,1000.89178,-885.151725,-848.455671,-43.74,-1000.89,1733.61,,,
0.40235625,-4.43E-02,1005.89182,-889.586376,-852.681409,-44.27,-1005.89,1742.27,,,
0.40435625,-4.48E-02,1010.89186,-894.02126,-856.906913,-44.81,-1010.89,1750.93,,,
0.40635625,-4.53E-02,1015.89189,-898.456379,-861.132184,-45.35,-1015.89,1759.59,,,
0.40835625,-4.59E-02,1020.89193,-902.891735,-865.357216,-45.89,-1020.89,1768.25,,,
0.41035625,-4.64E-02,1025.89197,-907.32733,-869.58201,-46.44,-1025.89,1776.91,,,
0.41235625,-4.70E-02,1030.89201,-911.763165,-873.806563,-46.99,-1030.89,1785.57,,,
0.41435625,-4.75E-02,1035.89205,-916.199243,-878.030873,-47.54,-1035.89,1794.23,,,
0.41635625,-4.81E-02,1040.89209,-920.635566,-882.254938,-48.10,-1040.89,1802.89,,,
0.41835625,-4.87E-02,1045.89213,-925.072135,-886.478756,-48.66,-1045.89,1811.55,,,
0.42035625,-4.92E-02,1050.89217,-929.508954,-890.702324,-49.23,-1050.89,1820.21,,,
0.42235625,-4.98E-02,1055.89222,-933.946023,-894.925642,-49.80,-1055.89,1828.87,,,
0.42435625,-5.04E-02,1060.89226,-938.383345,-899.148706,-50.38,-1060.89,1837.53,,,
0.42635625,-5.10E-02,1065.89231,-942.820922,-903.371516,-50.95,-1065.89,1846.19,,,
0.42835625,-5.15E-02,1070.89235,-947.258755,-907.594068,-51.54,-1070.89,1854.85,,,
0.43035625,-5.21E-02,1075.8924,-951.696848,-911.81636,-52.12,-1075.89,1863.51,,,
0.43235625,-5.27E-02,1080.89244,-956.135201,-916.038392,-52.71,-1080.89,1872.17,,,
0.43435625,-5.33E-02,1085.89249,-960.573817,-920.260161,-53.31,-1085.89,1880.83,,,
0.43635625,-5.39E-02,1090.89254,-965.012698,-924.481663,-53.90,-1090.89,1889.49,,,
0.43835625,-5.45E-02,1095.89259,-969.451846,-928.702898,-54.50,-1095.89,1898.15,,,
0.44035625,-5.51E-02,1100.89264,-973.891264,-932.923864,-55.11,-1100.89,1906.82,,,
0.44235625,-5.57E-02,1105.89269,-978.330952,-937.144557,-55.72,-1105.89,1915.48,,,
0.44435625,-5.63E-02,1110.89274,-982.770913,-941.364977,-56.33,-1110.89,1924.14,,,
0.44635625,-5.69E-02,1115.89279,-987.21115,-945.585121,-56.95,-1115.89,1932.80,,,
0.44835625,-5.76E-02,1120.89284,-991.651664,-949.804988,-57.57,-1120.89,1941.46,,,
0.45035625,-5.82E-02,1125.8929,-996.092457,-954.024573,-58.19,-1125.89,1950.12,,,
0.45235625,-5.88E-02,1130.89295,-1000.53353,-958.243877,-58.82,-1130.89,1958.78,,,
0.45435625,-5.95E-02,1135.89301,-1004.97489,-962.462897,-59.45,-1135.89,1967.44,,,
0.45635625,-6.01E-02,1140.89306,-1009.41653,-966.68163,-60.09,-1140.89,1976.10,,,
0.45835625,-6.07E-02,1145.89312,-1013.85846,-970.900076,-60.73,-1145.89,1984.76,,,
0.46035625,-6.14E-02,1150.89317,-1018.30069,-975.11823,-61.37,-1150.89,1993.42,,,
0.46235625,-6.20E-02,1155.89323,-1022.7432,-979.336091,-62.02,-1155.89,2002.08,,,
0.46435625,-6.27E-02,1160.89329,-1027.18601,-983.553658,-62.67,-1160.89,2010.74,,,
0.46635625,-6.33E-02,1165.89335,-1031.62911,-987.770928,-63.33,-1165.89,2019.40,,,
0.46835625,-6.40E-02,1170.89341,-1036.07251,-991.987899,-63.99,-1170.89,2028.06,,,
0.47035625,-6.46E-02,1175.89347,-1040.51621,-996.204568,-64.65,-1175.89,2036.72,,,
0.47235625,-6.53E-02,1180.89353,-1044.96021,-1000.42093,-65.31,-1180.89,2045.38,,,
0.47435625,-6.60E-02,1185.89359,-1049.40452,-1004.637,-65.98,-1185.89,2054.04,,,
0.47635625,-6.67E-02,1190.89365,-1053.84914,-1008.85275,-66.66,-1190.89,2062.70,,,
0.47835625,-6.73E-02,1195.89372,-1058.29406,-1013.06819,-67.34,-1195.89,2071.36,,,
0.48035625,-6.80E-02,1200.89378,-1062.73929,-1017.28332,-68.02,-1200.89,2080.02,,,
0.48235625,-6.87E-02,1205.89384,-1067.18484,-1021.49814,-68.70,-1205.89,2088.68,,,
0.48435625,-6.94E-02,1210.89391,-1071.6307,-1025.71264,-69.39,-1210.89,2097.34,,,
0.48635625,-7.01E-02,1215.89397,-1076.07688,-1029.92682,-70.08,-1215.89,2106.00,,,
0.48835625,-7.08E-02,1220.89404,-1080.52338,-1034.14068,-70.78,-1220.89,2114.66,,,
0.49035625,-7.15E-02,1225.89411,-1084.9702,-1038.35422,-71.48,-1225.89,2123.32,,,
0.49235625,-7.22E-02,1230.89418,-1089.41735,-1042.56744,-72.18,-1230.89,2131.98,,,
0.49435625,-7.29E-02,1235.89424,-1093.86481,-1046.78033,-72.89,-1235.89,2140.65,,,
0.49635625,-7.36E-02,1240.89431,-1098.31261,-1050.99288,-73.60,-1240.89,2149.31,,,
0.49835625,-7.43E-02,1245.89438,-1102.76074,-1055.20511,-74.32,-1245.89,2157.97,,,
0.50035625,-7.50E-02,1250.89445,-1107.2092,-1059.417,-75.04,-1250.89,2166.63,,,
0.50235625,-7.58E-02,1255.89452,-1111.65799,-1063.62856,-75.76,-1255.89,2175.29,,,
0.50435625,-7.65E-02,1260.89459,-1116.10712,-1067.83978,-76.48,-1260.89,2183.95,,,
0.50635625,-7.72E-02,1265.89466,-1120.55659,-1072.05066,-77.21,-1265.89,2192.61,,,
0.50835625,-7.79E-02,1270.89473,-1125.0064,-1076.2612,-77.95,-1270.89,2201.27,,,
0.51035625,-7.87E-02,1275.89481,-1129.45655,-1080.47139,-78.68,-1275.89,2209.93,,,
0.51235625,-7.94E-02,1280.89488,-1133.90705,-1084.68124,-79.42,-1280.89,2218.59,,,
0.51435625,-8.02E-02,1285.89495,-1138.35789,-1088.89074,-80.17,-1285.89,2227.25,,,
0.51635625,-8.09E-02,1290.89503,-1142.80908,-1093.09989,-80.92,-1290.90,2235.91,,,
0.51835625,-8.17E-02,1295.8951,-1147.26063,-1097.30868,-81.67,-1295.90,2244.57,,,
0.52035625,-8.24E-02,1300.89518,-1151.71253,-1101.51712,-82.42,-1300.90,2253.23,,,
0.52235625,-8.32E-02,1305.89525,-1156.16478,-1105.7252,-83.18,-1305.90,2261.89,,,
0.52435625,-8.39E-02,1310.89533,-1160.61739,-1109.93293,-83.94,-1310.90,2270.55,,,
0.52635625,-8.47E-02,1315.8954,-1165.07036,-1114.14029,-84.71,-1315.90,2279.21,,,
0.52835625,-8.55E-02,1320.89548,-1169.5237,-1118.34728,-85.48,-1320.90,2287.87,,,
0.53035625,-8.62E-02,1325.89556,-1173.9774,-1122.55392,-86.25,-1325.90,2296.53,,,
0.53235625,-8.70E-02,1330.89563,-1178.43146,-1126.76018,-87.02,-1330.90,2305.19,,,
0.53435625,-8.78E-02,1335.89571,-1182.8859,-1130.96607,-87.80,-1335.90,2313.85,,,
0.53635625,-8.86E-02,1340.89579,-1187.3407,-1135.17159,-88.59,-1340.90,2322.51,,,
0.53835625,-8.94E-02,1345.89587,-1191.79588,-1139.37674,-89.37,-1345.90,2331.17,,,
0.54035625,-9.02E-02,1350.89595,-1196.25143,-1143.58151,-90.16,-1350.90,2339.83,,,
0.54235625,-9.10E-02,1355.89603,-1200.70736,-1147.7859,-90.96,-1355.90,2348.49,,,
0.54435625,-9.18E-02,1360.89611,-1205.16367,-1151.9899,-91.75,-1360.90,2357.15,,,
0.54635625,-9.26E-02,1365.89619,-1209.62036,-1156.19353,-92.55,-1365.90,2365.81,,,
0.54835625,-9.34E-02,1370.89627,-1214.07743,-1160.39677,-93.35,-1370.90,2374.47,,,
0.55035625,-9.42E-02,1375.89635,-1218.53489,-1164.59962,-94.16,-1375.90,2383.13,,,
0.55235625,-9.50E-02,1380.89643,-1222.99274,-1168.80208,-94.97,-1380.90,2391.79,,,
0.55435625,-9.58E-02,1385.89651,-1227.45098,-1173.00415,-95.78,-1385.90,2400.46,,,
0.55635625,-9.66E-02,1390.89659,-1231.90961,-1177.20583,-96.60,-1390.90,2409.12,,,
0.55835625,-9.74E-02,1395.89667,-1236.36863,-1181.40711,-97.42,-1395.90,2417.78,,,
0.56035625,-9.82E-02,1400.89675,-1240.82806,-1185.60799,-98.24,-1400.90,2426.44,,,
0.56235625,-9.91E-02,1405.89683,-1245.28788,-1189.80847,-99.07,-1405.90,2435.10,,,
0.56435625,-9.99E-02,1410.89692,-1249.7481,-1194.00855,-99.90,-1410.90,2443.76,,,
0.56635625,-0.100731837,1415.897,-1254.20872,-1198.20822,-100.73,-1415.90,2452.42,,,
0.56835625,-0.101567779,1420.89708,-1258.66975,-1202.40749,-101.57,-1420.90,2461.08,,,
0.57035625,-0.102406905,1425.89716,-1263.13119,-1206.60634,-102.41,-1425.90,2469.74,,,
0.57235625,-0.103249197,1430.89724,-1267.59303,-1210.80479,-103.25,-1430.90,2478.40,,,
0.57435625,-0.104094638,1435.89733,-1272.05529,-1215.00282,-104.09,-1435.90,2487.06,,,
0.57635625,-0.104943208,1440.89741,-1276.51796,-1219.20044,-104.94,-1440.90,2495.72,,,
0.57835625,-0.10579489,1445.89749,-1280.98105,-1223.39763,-105.79,-1445.90,2504.38,,,
0.58035625,-0.106649665,1450.89758,-1285.44456,-1227.59441,-106.65,-1450.90,2513.04,,,
0.58235625,-0.107507515,1455.89766,-1289.90848,-1231.79077,-107.51,-1455.90,2521.70,,,
0.58435625,-0.10836842,1460.89774,-1294.37283,-1235.9867,-108.37,-1460.90,2530.36,,,
0.58635625,-0.109232362,1465.89782,-1298.8376,-1240.1822,-109.23,-1465.90,2539.02,,,
0.58835625,-0.110099321,1470.89791,-1303.3028,-1244.37728,-110.10,-1470.90,2547.68,,,
0.59035625,-0.110969278,1475.89799,-1307.76843,-1248.57193,-110.97,-1475.90,2556.34,,,
0.59235625,-0.111842214,1480.89807,-1312.23449,-1252.76614,-111.84,-1480.90,2565.00,,,
0.59435625,-0.112718109,1485.89815,-1316.70098,-1256.95992,-112.72,-1485.90,2573.66,,,
0.59635625,-0.113596944,1490.89824,-1321.1679,-1261.15326,-113.60,-1490.90,2582.32,,,
0.59835625,-0.114478697,1495.89832,-1325.63527,-1265.34616,-114.48,-1495.90,2590.98,,,
0.60035625,-0.11536335,1500.8984,-1330.10307,-1269.53863,-115.36,-1500.90,2599.64,,,
0.60235625,-0.116250882,1505.89849,-1334.57131,-1273.73065,-116.25,-1505.90,2608.30,,,
0.60435625,-0.117141273,1510.89857,-1339.04,-1277.92222,-117.14,-1510.90,2616.96,,,
0.60635625,-0.118034503,1515.89865,-1343.50913,-1282.11334,-118.03,-1515.90,2625.62,,,
0.60835625,-0.11893055,1520.89873,-1347.97871,-1286.30402,-118.93,-1520.90,2634.28,,,
0.61035625,-0.119829394,1525.89881,-1352.44874,-1290.49424,-119.83,-1525.90,2642.94,,,
0.61235625,-0.120731014,1530.8989,-1356.91922,-1294.68401,-120.73,-1530.90,2651.60,,,
0.61435625,-0.121635389,1535.89898,-1361.39016,-1298.87333,-121.64,-1535.90,2660.26,,,
0.61635625,-0.122542499,1540.89906,-1365.86155,-1303.06218,-122.54,-1540.90,2668.92,,,
0.61835625,-0.123452322,1545.89914,-1370.3334,-1307.25058,-123.45,-1545.90,2677.58,,,
0.62035625,-0.124364837,1550.89922,-1374.80571,-1311.43851,-124.36,-1550.90,2686.24,,,
0.62235625,-0.125280022,1555.8993,-1379.27849,-1315.62598,-125.28,-1555.90,2694.90,,,
0.62435625,-0.126197855,1560.89938,-1383.75172,-1319.81299,-126.20,-1560.90,2703.56,,,
0.62635625,-0.127118316,1565.89946,-1388.22543,-1323.99952,-127.12,-1565.90,2712.22,,,
0.62835625,-0.128041383,1570.89954,-1392.6996,-1328.18559,-128.04,-1570.90,2720.89,,,
0.63035625,-0.128967034,1575.89962,-1397.17424,-1332.37118,-128.97,-1575.90,2729.55,,,
0.63235625,-0.129895246,1580.8997,-1401.64936,-1336.5563,-129.90,-1580.90,2738.21,,,
0.63435625,-0.130825999,1585.89978,-1406.12495,-1340.74094,-130.83,-1585.90,2746.87,,,
0.63635625,-0.131759269,1590.89986,-1410.60102,-1344.9251,-131.76,-1590.90,2755.53,,,
0.63835625,-0.132695035,1595.89994,-1415.07756,-1349.10878,-132.70,-1595.90,2764.19,,,
0.64035625,-0.133633275,1600.90001,-1419.55459,-1353.29198,-133.63,-1600.90,2772.85,,,
0.64235625,-0.134573967,1605.90009,-1424.0321,-1357.4747,-134.57,-1605.90,2781.51,,,
0.64435625,-0.135517087,1610.90017,-1428.5101,-1361.65692,-135.52,-1610.90,2790.17,,,
0.64635625,-0.136462615,1615.90024,-1432.98858,-1365.83866,-136.46,-1615.90,2798.83,,,
0.64835625,-0.137410526,1620.90032,-1437.46755,-1370.01991,-137.41,-1620.90,2807.49,,,
0.65035625,-0.138360799,1625.9004,-1441.94701,-1374.20066,-138.36,-1625.90,2816.15,,,
0.65235625,-0.139313411,1630.90047,-1446.42697,-1378.38092,-139.31,-1630.90,2824.81,,,
0.65435625,-0.14026834,1635.90055,-1450.90742,-1382.56068,-140.27,-1635.90,2833.47,,,
0.65635625,-0.141225563,1640.90062,-1455.38837,-1386.73995,-141.23,-1640.90,2842.13,,,
0.65835625,-0.142185056,1645.9007,-1459.86982,-1390.91871,-142.19,-1645.90,2850.79,,,
0.66035625,-0.143146798,1650.90077,-1464.35177,-1395.09697,-143.15,-1650.90,2859.45,,,
0.66235625,-0.144110765,1655.90084,-1468.83422,-1399.27472,-144.11,-1655.90,2868.11,,,
0.66435625,-0.145076935,1660.90092,-1473.31718,-1403.45197,-145.08,-1660.90,2876.77,,,
0.66635625,-0.146045285,1665.90099,-1477.80065,-1407.62871,-146.05,-1665.90,2885.43,,,
0.66835625,-0.147015792,1670.90106,-1482.28462,-1411.80493,-147.02,-1670.90,2894.09,,,
0.67035625,-0.147988432,1675.90113,-1486.76911,-1415.98065,-147.99,-1675.90,2902.75,,,
0.67235625,-0.148963183,1680.9012,-1491.25411,-1420.15585,-148.96,-1680.90,2911.41,,,
0.67435625,-0.149940022,1685.90127,-1495.73962,-1424.33053,-149.94,-1685.90,2920.07,,,
0.67635625,-0.150918926,1690.90134,-1500.22566,-1428.50469,-150.92,-1690.90,2928.73,,,
0.67835625,-0.151899871,1695.90141,-1504.71221,-1432.67833,-151.90,-1695.90,2937.39,,,
0.68035625,-0.152882836,1700.90148,-1509.19928,-1436.85145,-152.88,-1700.90,2946.05,,,
0.68235625,-0.153867796,1705.90155,-1513.68688,-1441.02405,-153.87,-1705.90,2954.71,,,
0.68435625,-0.154854728,1710.90161,-1518.175,-1445.19611,-154.85,-1710.90,2963.37,,,
0.68635625,-0.15584361,1715.90168,-1522.66365,-1449.36765,-155.84,-1715.90,2972.03,,,
0.68835625,-0.156834418,1720.90174,-1527.15283,-1453.53866,-156.83,-1720.90,2980.69,,,
0.69035625,-0.15782713,1725.90181,-1531.64254,-1457.70914,-157.83,-1725.90,2989.35,,,
0.69235625,-0.158821722,1730.90187,-1536.13279,-1461.87908,-158.82,-1730.90,2998.01,,,
0.69435625,-0.15981817,1735.90194,-1540.62357,-1466.04848,-159.82,-1735.90,3006.67,,,
0.69635625,-0.160816453,1740.902,-1545.11488,-1470.21734,-160.82,-1740.90,3015.33,,,
0.69835625,-0.161816547,1745.90207,-1549.60674,-1474.38567,-161.82,-1745.90,3023.99,,,
0.70035625,-0.162818429,1750.90213,-1554.09913,-1478.55345,-162.82,-1750.90,3032.65,,,
0.70235625,-0.163822075,1755.90219,-1558.59207,-1482.72069,-163.82,-1755.90,3041.31,,,
0.70435625,-0.164827463,1760.90218,-1563.08563,-1486.88745,-164.83,-1760.90,3049.97,,,
0.70635625,-0.16583457,1765.90217,-1567.57974,-1491.05367,-165.83,-1765.90,3058.63,,,
0.70835625,-0.166843373,1770.90216,-1572.0744,-1495.21934,-166.84,-1770.90,3067.29,,,
0.71035625,-0.167853848,1775.90214,-1576.56961,-1499.38446,-167.85,-1775.90,3075.95,,,
0.71235625,-0.168865974,1780.90213,-1581.06537,-1503.54902,-168.87,-1780.90,3084.61,,,
0.71435625,-0.169879726,1785.90211,-1585.56169,-1507.71303,-169.88,-1785.90,3093.27,,,
0.71635625,-0.170895083,1790.9021,-1590.05856,-1511.87648,-170.90,-1790.90,3101.94,,,
0.71835625,-0.171912021,1795.90209,-1594.55599,-1516.03937,-171.91,-1795.90,3110.60,,,
0.72035625,-0.172930517,1800.90207,-1599.05399,-1520.20171,-172.93,-1800.90,3119.26,,,
0.72235625,-0.173950549,1805.90206,-1603.55254,-1524.36347,-173.95,-1805.90,3127.92,,,
0.72435625,-0.174972094,1810.90204,-1608.05166,-1528.52468,-174.97,-1810.90,3136.58,,,
0.72635625,-0.175995129,1815.90202,-1612.55135,-1532.68531,-176.00,-1815.90,3145.24,,,
0.72835625,-0.177019632,1820.90201,-1617.05161,-1536.84538,-177.02,-1820.90,3153.90,,,
0.73035625,-0.17804558,1825.90199,-1621.55243,-1541.00488,-178.05,-1825.90,3162.56,,,
0.73235625,-0.17907295,1830.90198,-1626.05383,-1545.1638,-179.07,-1830.90,3171.22,,,
0.73435625,-0.180101721,1835.90196,-1630.5558,-1549.32215,-180.10,-1835.90,3179.88,,,
0.73635625,-0.181131869,1840.90194,-1635.05835,-1553.47992,-181.13,-1840.90,3188.54,,,
0.73835625,-0.182163372,1845.90193,-1639.56147,-1557.63712,-182.16,-1845.90,3197.20,,,
0.74035625,-0.183196209,1850.90191,-1644.06518,-1561.79374,-183.20,-1850.90,3205.86,,,
0.74235625,-0.184230356,1855.90189,-1648.56946,-1565.94977,-184.23,-1855.90,3214.52,,,
0.74435625,-0.185265791,1860.90187,-1653.07433,-1570.10522,-185.27,-1860.90,3223.18,,,
0.74635625,-0.186302492,1865.90186,-1657.57978,-1574.26008,-186.30,-1865.90,3231.84,,,
0.74835625,-0.187340438,1870.90184,-1662.08582,-1578.41436,-187.34,-1870.90,3240.50,,,
0.75035625,-0.188379606,1875.90182,-1666.59245,-1582.56805,-188.38,-1875.90,3249.16,,,
0.75235625,-0.189419975,1880.9018,-1671.09967,-1586.72115,-189.42,-1880.90,3257.82,,,
0.75435625,-0.190461522,1885.90178,-1675.60748,-1590.87365,-190.46,-1885.90,3266.48,,,
0.75635625,-0.191504225,1890.90176,-1680.11589,-1595.02556,-191.50,-1890.90,3275.14,,,
0.75835625,-0.192548063,1895.90175,-1684.62489,-1599.17687,-192.55,-1895.90,3283.80,,,
0.76035625,-0.193593015,1900.90173,-1689.13449,-1603.32759,-193.59,-1900.90,3292.46,,,
0.76235625,-0.194639058,1905.90171,-1693.64469,-1607.4777,-194.64,-1905.90,3301.12,,,
0.76435625,-0.195686172,1910.90169,-1698.15549,-1611.62721,-195.69,-1910.90,3309.78,,,
0.76635625,-0.196734334,1915.90167,-1702.66689,-1615.77612,-196.73,-1915.90,3318.44,,,
0.76835625,-0.197783524,1920.90165,-1707.1789,-1619.92442,-197.78,-1920.90,3327.10,,,
0.77035625,-0.19883372,1925.90163,-1711.69152,-1624.07212,-198.83,-1925.90,3335.76,,,
0.77235625,-0.199884902,1930.90161,-1716.20474,-1628.21921,-199.88,-1930.90,3344.42,,,
0.77435625,-0.200937047,1935.90159,-1720.71857,-1632.36568,-200.94,-1935.90,3353.08,,,
0.77635625,-0.201990135,1940.90157,-1725.23302,-1636.51154,-201.99,-1940.90,3361.74,,,
0.77835625,-0.203044145,1945.90155,-1729.74808,-1640.65679,-203.04,-1945.90,3370.40,,,
0.78035625,-0.204099057,1950.90153,-1734.26376,-1644.80142,-204.10,-1950.90,3379.07,,,
0.78235625,-0.205154849,1955.90151,-1738.78005,-1648.94544,-205.15,-1955.90,3387.73,,,
0.78435625,-0.206211502,1960.90149,-1743.29697,-1653.08883,-206.21,-1960.90,3396.39,,,
0.78635625,-0.207268993,1965.90147,-1747.8145,-1657.2316,-207.27,-1965.90,3405.05,,,
0.78835625,-0.208327304,1970.90145,-1752.33266,-1661.37375,-208.33,-1970.90,3413.71,,,
0.79035625,-0.209386413,1975.90143,-1756.85144,-1665.51527,-209.39,-1975.90,3422.37,,,
0.79235625,-0.210446301,1980.90141,-1761.37085,-1669.65617,-210.45,-1980.90,3431.03,,,
0.79435625,-0.211506947,1985.90138,-1765.89088,-1673.79644,-211.51,-1985.90,3439.69,,,
0.79635625,-0.212568332,1990.90136,-1770.41155,-1677.93607,-212.57,-1990.90,3448.35,,,
0.79835625,-0.213630434,1995.90134,-1774.93285,-1682.07508,-213.63,-1995.90,3457.01,,,
0.80035625,-0.214693235,2000.90132,-1779.45478,-1686.21345,-214.69,-2000.90,3465.67,,,
0.80235625,-0.215756715,2005.9013,-1783.97734,-1690.35119,-215.76,-2005.90,3474.33,,,
0.80435625,-0.216820854,2010.90128,-1788.50054,-1694.48828,-216.82,-2010.90,3482.99,,,
0.80635625,-0.217885633,2015.90126,-1793.02439,-1698.62474,-217.89,-2015.90,3491.65,,,
0.80835625,-0.218951031,2020.90124,-1797.54887,-1702.76056,-218.95,-2020.90,3500.31,,,
0.81035625,-0.220017031,2025.90121,-1802.07399,-1706.89574,-220.02,-2025.90,3508.97,,,
0.81235625,-0.221083612,2030.90119,-1806.59976,-1711.03027,-221.08,-2030.90,3517.63,,,
0.81435625,-0.222150755,2035.90117,-1811.12617,-1715.16415,-222.15,-2035.90,3526.29,,,
0.81635625,-0.223218442,2040.90115,-1815.65323,-1719.29739,-223.22,-2040.90,3534.95,,,
0.81835625,-0.224286653,2045.90113,-1820.18094,-1723.42998,-224.29,-2045.90,3543.61,,,
0.82035625,-0.225355371,2050.9011,-1824.7093,-1727.56191,-225.36,-2050.90,3552.27,,,
0.82235625,-0.226424575,2055.90108,-1829.23831,-1731.6932,-226.42,-2055.90,3560.93,,,
0.82435625,-0.227494248,2060.90106,-1833.76797,-1735.82383,-227.49,-2060.90,3569.59,,,
0.82635625,-0.228564371,2065.90104,-1838.29829,-1739.9538,-228.56,-2065.90,3578.25,,,
0.82835625,-0.229634926,2070.90102,-1842.82927,-1744.08311,-229.63,-2070.90,3586.91,,,
0.83035625,-0.230705894,2075.90099,-1847.36091,-1748.21177,-230.71,-2075.90,3595.57,,,
0.83235625,-0.231777258,2080.90097,-1851.89321,-1752.33976,-231.78,-2080.90,3604.23,,,
0.83435625,-0.232848999,2085.90095,-1856.42617,-1756.4671,-232.85,-2085.90,3612.89,,,
0.83635625,-0.2339211,2090.90093,-1860.95979,-1760.59376,-233.92,-2090.90,3621.55,,,
0.83835625,-0.234993542,2095.9009,-1865.49408,-1764.71976,-234.99,-2095.90,3630.21,,,
0.84035625,-0.236066309,2100.90088,-1870.02904,-1768.84509,-236.07,-2100.90,3638.87,,,
0.84235625,-0.237139382,2105.90086,-1874.56467,-1772.96976,-237.14,-2105.90,3647.53,,,
0.84435625,-0.238212744,2110.90084,-1879.10096,-1777.09375,-238.21,-2110.90,3656.19,,,
0.84635625,-0.239286378,2115.90081,-1883.63793,-1781.21707,-239.29,-2115.90,3664.86,,,
0.84835625,-0.240360267,2120.90079,-1888.17558,-1785.33971,-240.36,-2120.90,3673.52,,,
0.85035625,-0.241434394,2125.90077,-1892.7139,-1789.46168,-241.43,-2125.90,3682.18,,,
0.85235625,-0.242508741,2130.90075,-1897.25289,-1793.58297,-242.51,-2130.90,3690.84,,,
0.85435625,-0.243583291,2135.90072,-1901.79257,-1797.70358,-243.58,-2135.90,3699.50,,,
0.85635625,-0.244658029,2140.9007,-1906.33292,-1801.82351,-244.66,-2140.90,3708.16,,,
0.85835625,-0.245732937,2145.90068,-1910.87396,-1805.94275,-245.73,-2145.90,3716.82,,,
0.86035625,-0.246807999,2150.90066,-1915.41568,-1810.06131,-246.81,-2150.90,3725.48,,,
0.86235625,-0.247883199,2155.90063,-1919.95809,-1814.17919,-247.88,-2155.90,3734.14,,,
0.86435625,-0.24895852,2160.90061,-1924.50119,-1818.29638,-248.96,-2160.90,3742.80,,,
0.86635625,-0.250033946,2165.90059,-1929.04497,-1822.41288,-250.03,-2165.90,3751.46,,,
0.86835625,-0.251109462,2170.90057,-1933.58944,-1826.52868,-251.11,-2170.90,3760.12,,,
0.87035625,-0.25218505,2175.90054,-1938.13461,-1830.6438,-252.19,-2175.90,3768.78,,,
0.87235625,-0.253260697,2180.90052,-1942.68047,-1834.75822,-253.26,-2180.90,3777.44,,,
0.87435625,-0.254336385,2185.9005,-1947.22702,-1838.87195,-254.34,-2185.90,3786.10,,,
0.87635625,-0.255412099,2190.90048,-1951.77428,-1842.98497,-255.41,-2190.90,3794.76,,,
0.87835625,-0.256487824,2195.90046,-1956.32223,-1847.0973,-256.49,-2195.90,3803.42,,,
0.88035625,-0.257563545,2200.90043,-1960.87088,-1851.20893,-257.56,-2200.90,3812.08,,,
0.88235625,-0.258639246,2205.90041,-1965.42023,-1855.31986,-258.64,-2205.90,3820.74,,,
0.88435625,-0.259714913,2210.90039,-1969.97028,-1859.43008,-259.71,-2210.90,3829.40,,,
0.88635625,-0.26079053,2215.90037,-1974.52104,-1863.53959,-260.79,-2215.90,3838.06,,,
0.88835625,-0.261866083,2220.90034,-1979.07251,-1867.6484,-261.87,-2220.90,3846.72,,,
0.89035625,-0.262941556,2225.90032,-1983.62468,-1871.75651,-262.94,-2225.90,3855.38,,,
0.89235625,-0.264016936,2230.9003,-1988.17756,-1875.8639,-264.02,-2230.90,3864.04,,,
0.89435625,-0.265092207,2235.90028,-1992.73116,-1879.97058,-265.09,-2235.90,3872.70,,,
0.89635625,-0.266167356,2240.90025,-1997.28546,-1884.07654,-266.17,-2240.90,3881.36,,,
0.89835625,-0.267242369,2245.90023,-2001.84049,-1888.1818,-267.24,-2245.90,3890.02,,,
0.90035625,-0.26831723,2250.90021,-2006.39622,-1892.28633,-268.32,-2250.90,3898.68,,,
0.90235625,-0.269391926,2255.90019,-2010.95268,-1896.39015,-269.39,-2255.90,3907.34,,,
0.90435625,-0.270466444,2260.90016,-2015.50985,-1900.49325,-270.47,-2260.90,3916.00,,,
0.90635625,-0.271540769,2265.90014,-2020.06774,-1904.59562,-271.54,-2265.90,3924.66,,,
0.90835625,-0.272614888,2270.90012,-2024.62636,-1908.69728,-272.61,-2270.90,3933.32,,,
0.91035625,-0.273688788,2275.9001,-2029.1857,-1912.79821,-273.69,-2275.90,3941.98,,,
0.91235625,-0.274762454,2280.90008,-2033.74576,-1916.89841,-274.76,-2280.90,3950.64,,,
0.91435625,-0.275835874,2285.90005,-2038.30655,-1920.99789,-275.84,-2285.90,3959.30,,,
0.91635625,-0.276909034,2290.90003,-2042.86807,-1925.09664,-276.91,-2290.90,3967.96,,,
0.91835625,-0.277981922,2295.90001,-2047.43032,-1929.19466,-277.98,-2295.90,3976.62,,,
0.92035625,-0.279054524,2300.89999,-2051.9933,-1933.29195,-279.05,-2300.90,3985.29,,,
0.92235625,-0.280126828,2305.89997,-2056.55702,-1937.3885,-280.13,-2305.90,3993.95,,,
0.92435625,-0.281198821,2310.89995,-2061.12146,-1941.48432,-281.20,-2310.90,4002.61,,,
0.92635625,-0.28227049,2315.89992,-2065.68665,-1945.5794,-282.27,-2315.90,4011.27,,,
0.92835625,-0.283341823,2320.8999,-2070.25257,-1949.67375,-283.34,-2320.90,4019.93,,,
0.93035625,-0.284412807,2325.89988,-2074.81923,-1953.76735,-284.41,-2325.90,4028.59,,,
0.93235625,-0.28548343,2330.89986,-2079.38662,-1957.86022,-285.48,-2330.90,4037.25,,,
0.93435625,-0.286553681,2335.89984,-2083.95477,-1961.95234,-286.55,-2335.90,4045.91,,,
0.93635625,-0.287623547,2340.89982,-2088.52365,-1966.04372,-287.62,-2340.90,4054.57,,,
0.93835625,-0.288693015,2345.89979,-2093.09328,-1970.13435,-288.69,-2345.90,4063.23,,,
0.94035625,-0.289762075,2350.89977,-2097.66366,-1974.22424,-289.76,-2350.90,4071.89,,,
0.94235625,-0.290830715,2355.89975,-2102.23478,-1978.31337,-290.83,-2355.90,4080.55,,,
0.94435625,-0.291898923,2360.89973,-2106.80665,-1982.40176,-291.90,-2360.90,4089.21,,,
0.94635625,-0.292966687,2365.89971,-2111.37928,-1986.4894,-292.97,-2365.90,4097.87,,,
0.94835625,-0.294033997,2370.89969,-2115.95265,-1990.57628,-294.03,-2370.90,4106.53,,,
0.95035625,-0.295100841,2375.89967,-2120.52678,-1994.66241,-295.10,-2375.90,4115.19,,,
0.95235625,-0.296167207,2380.89965,-2125.10167,-1998.74779,-296.17,-2380.90,4123.85,,,
0.95435625,-0.297233085,2385.89962,-2129.67731,-2002.8324,-297.23,-2385.90,4132.51,,,
0.95635625,-0.298298465,2390.8996,-2134.25371,-2006.91626,-298.30,-2390.90,4141.17,,,
0.95835625,-0.299363334,2395.89958,-2138.83087,-2010.99936,-299.36,-2395.90,4149.83,,,
0.96035625,-0.300427683,2400.89956,-2143.40879,-2015.0817,-300.43,-2400.90,4158.49,,,
0.96235625,-0.301491501,2405.89954,-2147.98747,-2019.16327,-301.49,-2405.90,4167.15,,,
0.96435625,-0.302554777,2410.89952,-2152.56692,-2023.24408,-302.55,-2410.90,4175.81,,,
0.96635625,-0.303617501,2415.8995,-2157.14713,-2027.32413,-303.62,-2415.90,4184.47,,,
0.96835625,-0.304679662,2420.89948,-2161.72811,-2031.4034,-304.68,-2420.90,4193.13,,,
0.97035625,-0.305741251,2425.89946,-2166.30985,-2035.48191,-305.74,-2425.90,4201.79,,,
0.97235625,-0.306802258,2430.89944,-2170.89237,-2039.55965,-306.80,-2430.90,4210.45,,,
0.97435625,-0.307862672,2435.89942,-2175.47566,-2043.63661,-307.86,-2435.90,4219.11,,,
0.97635625,-0.308922484,2440.8994,-2180.05972,-2047.71281,-308.92,-2440.90,4227.77,,,
0.97835625,-0.309981684,2445.89938,-2184.64456,-2051.78822,-309.98,-2445.90,4236.43,,,
0.98035625,-0.311040262,2450.89936,-2189.23017,-2055.86287,-311.04,-2450.90,4245.09,,,
0.98235625,-0.312098209,2455.89934,-2193.81655,-2059.93673,-312.10,-2455.90,4253.75,,,
0.98435625,-0.313155515,2460.89932,-2198.40372,-2064.00982,-313.16,-2460.90,4262.41,,,
0.98635625,-0.314212171,2465.89929,-2202.99166,-2068.08212,-314.21,-2465.90,4271.07,,,
0.98835625,-0.315268168,2470.89927,-2207.58039,-2072.15365,-315.27,-2470.90,4279.73,,,
0.99035625,-0.316323497,2475.89925,-2212.1699,-2076.22439,-316.32,-2475.90,4288.39,,,
0.99235625,-0.317378148,2480.89923,-2216.76019,-2080.29435,-317.38,-2480.90,4297.05,,,
0.99435625,-0.318432112,2485.89922,-2221.35127,-2084.36352,-318.43,-2485.90,4305.71,,,
0.99635625,-0.319485382,2490.8992,-2225.94314,-2088.4319,-319.49,-2490.90,4314.38,,,
0.99835625,-0.320537947,2495.89918,-2230.53579,-2092.4995,-320.54,-2495.90,4323.04,,,
1,-0.321402329,2500.00637,-2234.30743,-2095.83879,-321.40,-2500.01,4330.15,,,
