TIME, UX_2, UY_3,Displacement,Deflection, FY_5, FY_6,Load
2.00E-04,-2.46E-05,3.49E-03,-0.02,3.49,-31.5197463,-30.2836297,61.803376
4.00E-04,-9.63E-05,6.63E-03,-0.10,6.63,-63.0396567,-60.5671664,123.6068231
7.00E-04,-2.64E-04,1.08E-02,-0.26,10.81,-110.320001,-105.992095,216.312096
1.15E-03,-5.93E-04,1.61E-02,-0.59,16.11,-181.244444,-174.13082,355.375264
1.83E-03,-1.15E-03,2.24E-02,-1.15,22.43,-287.687011,-276.386923,564.073934
2.83E-03,-1.98E-03,2.94E-02,-1.98,29.41,-445.735371,-428.206225,873.941596
3.83E-03,-2.72E-03,3.45E-02,-2.72,34.55,-602.913094,-579.170091,1182.083185
4.83E-03,-3.36E-03,3.85E-02,-3.36,38.50,-760.497304,-730.515366,1491.01267
5.83E-03,-3.92E-03,4.17E-02,-3.92,41.66,-919.745767,-883.38733,1803.133097
6.83E-03,-4.39E-03,4.42E-02,-4.39,44.23,-1076.13318,-1033.60869,2109.74187
7.83E-03,-4.82E-03,4.64E-02,-4.82,46.43,-1238.06064,-1188.97396,2427.0346
8.83E-03,-5.17E-03,4.82E-02,-5.17,48.24,-1395.96531,-1340.51899,2736.4843
9.83E-03,-5.48E-03,4.98E-02,-5.48,49.79,-1550.79325,-1489.2921,3040.08535
1.08E-02,-5.76E-03,5.11E-02,-5.76,51.15,-1707.36793,-1639.68127,3347.0492
1.18E-02,-6.00E-03,5.24E-02,-6.00,52.35,-1864.70562,-1790.7605,3655.46612
1.28E-02,-6.22E-03,5.34E-02,-6.22,53.42,-2022.13856,-1941.92574,3964.0643
1.38E-02,-6.42E-03,5.44E-02,-6.42,54.38,-2179.63241,-2093.14561,4272.77802
1.48E-02,-6.59E-03,5.52E-02,-6.59,55.25,-2337.18382,-2244.41576,4581.59958
1.58E-02,-6.75E-03,5.60E-02,-6.75,56.04,-2494.77187,-2395.71707,4890.48894
1.68E-02,-6.90E-03,5.68E-02,-6.90,56.76,-2652.38298,-2547.03733,5199.42031
1.78E-02,-7.03E-03,5.74E-02,-7.03,57.42,-2810.00926,-2698.36954,5508.3788
1.88E-02,-7.15E-03,5.80E-02,-7.15,58.03,-2967.64579,-2849.70938,5817.35517
1.98E-02,-7.26E-03,5.86E-02,-7.26,58.59,-3125.28939,-3001.05414,6126.34353
2.08E-02,-7.36E-03,5.91E-02,-7.36,59.11,-3282.93797,-3152.40207,6435.34004
2.18E-02,-7.45E-03,5.96E-02,-7.45,59.60,-3440.59015,-3303.75204,6744.34219
2.28E-02,-7.54E-03,6.01E-02,-7.54,60.05,-3598.24499,-3455.1033,7053.34829
2.38E-02,-7.62E-03,6.05E-02,-7.62,60.48,-3755.90184,-3606.45537,7362.35721
2.48E-02,-7.69E-03,6.09E-02,-7.69,60.88,-3913.56024,-3757.80792,7671.36816
2.58E-02,-7.76E-03,6.13E-02,-7.76,61.26,-4071.21986,-3909.16071,7980.38057
2.68E-02,-7.82E-03,6.16E-02,-7.82,61.62,-4228.88046,-4060.51361,8289.39407
2.78E-02,-7.88E-03,6.20E-02,-7.88,61.96,-4386.54186,-4211.86651,8598.40837
2.88E-02,-7.93E-03,6.23E-02,-7.93,62.28,-4544.20395,-4363.21933,8907.42328
2.98E-02,-7.98E-03,6.26E-02,-7.98,62.58,-4701.8666,-4514.57203,9216.43863
3.08E-02,-8.03E-03,6.29E-02,-8.03,62.87,-4859.52975,-4665.92459,9525.45434
3.18E-02,-8.07E-03,6.32E-02,-8.07,63.15,-5017.19333,-4817.27698,9834.47031
3.28E-02,-8.11E-03,6.34E-02,-8.11,63.41,-5174.8573,-4968.62919,10143.48649
3.38E-02,-8.15E-03,6.37E-02,-8.15,63.67,-5332.52162,-5119.98122,10452.50284
3.48E-02,-8.19E-03,6.39E-02,-8.19,63.91,-5490.18625,-5271.33306,10761.51931
3.58E-02,-8.22E-03,6.41E-02,-8.22,64.14,-5647.85116,-5422.68471,11070.53587
3.68E-02,-8.25E-03,6.44E-02,-8.25,64.36,-5805.51634,-5574.03618,11379.55252
3.78E-02,-8.28E-03,6.46E-02,-8.28,64.57,-5963.18176,-5725.38746,11688.56922
3.88E-02,-8.31E-03,6.48E-02,-8.31,64.78,-6120.84742,-5876.73857,11997.58599
3.98E-02,-8.33E-03,6.50E-02,-8.33,64.98,-6278.51329,-6028.0895,12306.60279
4.08E-02,-8.35E-03,6.52E-02,-8.35,65.17,-6436.17936,-6179.44027,12615.61963
4.18E-02,-8.37E-03,6.54E-02,-8.37,65.35,-6593.84562,-6330.79087,12924.63649
4.28E-02,-8.39E-03,6.55E-02,-8.39,65.53,-6751.51206,-6482.14131,13233.65337
4.38E-02,-8.41E-03,6.57E-02,-8.41,65.70,-6909.17867,-6633.49159,13542.67026
4.48E-02,-8.43E-03,6.59E-02,-8.43,65.86,-7066.84545,-6784.84173,13851.68718
4.58E-02,-8.45E-03,6.60E-02,-8.45,66.02,-7224.51239,-6936.19172,14160.70411
4.68E-02,-8.46E-03,6.62E-02,-8.46,66.18,-7382.17948,-7087.54157,14469.72105
4.78E-02,-8.47E-03,6.63E-02,-8.47,66.33,-7539.84671,-7238.89128,14778.73799
4.88E-02,-8.48E-03,6.65E-02,-8.48,66.47,-7697.51408,-7390.24087,15087.75495
4.98E-02,-8.50E-03,6.66E-02,-8.50,66.61,-7855.18158,-7541.59032,15396.7719
5.08E-02,-8.51E-03,6.68E-02,-8.51,66.75,-8012.84921,-7692.93965,15705.78886
5.18E-02,-8.51E-03,6.69E-02,-8.51,66.88,-8170.51697,-7844.28886,16014.80583
5.28E-02,-8.52E-03,6.70E-02,-8.52,67.01,-8328.18485,-7995.63796,16323.82281
5.38E-02,-8.53E-03,6.71E-02,-8.53,67.14,-8485.85284,-8146.98694,16632.83978
5.48E-02,-8.54E-03,6.73E-02,-8.54,67.26,-8643.52095,-8298.33581,16941.85676
5.58E-02,-8.54E-03,6.74E-02,-8.54,67.38,-8801.18916,-8449.68457,17250.87373
5.68E-02,-8.55E-03,6.75E-02,-8.55,67.50,-8958.85748,-8601.03323,17559.89071
5.78E-02,-8.55E-03,6.76E-02,-8.55,67.61,-9116.52591,-8752.38179,17868.9077
5.88E-02,-8.56E-03,6.77E-02,-8.56,67.72,-9274.19443,-8903.73025,18177.92468
5.98E-02,-8.56E-03,6.78E-02,-8.56,67.83,-9431.86305,-9055.07862,18486.94167
6.08E-02,-8.56E-03,6.79E-02,-8.56,67.93,-9589.53176,-9206.42689,18795.95865
6.18E-02,-8.56E-03,6.80E-02,-8.56,68.03,-9747.20057,-9357.77507,19104.97564
6.28E-02,-8.56E-03,6.81E-02,-8.56,68.13,-9904.86946,-9509.12317,19413.99263
6.38E-02,-8.56E-03,6.82E-02,-8.56,68.23,-10062.5384,-9660.47117,19723.00957
6.48E-02,-8.56E-03,6.83E-02,-8.56,68.33,-10220.2075,-9811.8191,20032.0266
6.58E-02,-8.56E-03,6.84E-02,-8.56,68.42,-10377.8767,-9963.16694,20341.04364
6.68E-02,-8.56E-03,6.85E-02,-8.56,68.51,-10535.5459,-10114.5147,20650.0606
6.78E-02,-8.56E-03,6.86E-02,-8.56,68.60,-10693.2152,-10265.8624,20959.0776
6.88E-02,-8.56E-03,6.87E-02,-8.56,68.69,-10850.8846,-10417.21,21268.0946
6.98E-02,-8.56E-03,6.88E-02,-8.56,68.77,-11008.554,-10568.5575,21577.1115
7.08E-02,-8.55E-03,6.89E-02,-8.55,68.86,-11166.2236,-10719.905,21886.1286
7.18E-02,-8.55E-03,6.89E-02,-8.55,68.94,-11323.8932,-10871.2524,22195.1456
7.28E-02,-8.55E-03,6.90E-02,-8.55,69.02,-11481.5628,-11022.5997,22504.1625
7.38E-02,-8.54E-03,6.91E-02,-8.54,69.10,-11639.2326,-11173.9469,22813.1795
7.48E-02,-8.54E-03,6.92E-02,-8.54,69.18,-11796.9024,-11325.2941,23122.1965
7.58E-02,-8.53E-03,6.93E-02,-8.53,69.25,-11954.5723,-11476.6412,23431.2135
7.68E-02,-8.53E-03,6.93E-02,-8.53,69.33,-12112.2422,-11627.9883,23740.2305
7.78E-02,-8.52E-03,6.94E-02,-8.52,69.40,-12269.9122,-11779.3353,24049.2475
7.88E-02,-8.52E-03,6.95E-02,-8.52,69.47,-12427.5823,-11930.6822,24358.2645
7.98E-02,-8.51E-03,6.95E-02,-8.51,69.54,-12585.2524,-12082.0291,24667.2815
8.08E-02,-8.50E-03,6.96E-02,-8.50,69.61,-12742.9226,-12233.3759,24976.2985
8.18E-02,-8.50E-03,6.97E-02,-8.50,69.68,-12900.5928,-12384.7227,25285.3155
8.28E-02,-8.49E-03,6.97E-02,-8.49,69.74,-13058.2631,-12536.0693,25594.3324
8.38E-02,-8.48E-03,6.98E-02,-8.48,69.81,-13215.9335,-12687.416,25903.3495
8.48E-02,-8.47E-03,6.99E-02,-8.47,69.87,-13373.6039,-12838.7626,26212.3665
8.58E-02,-8.47E-03,6.99E-02,-8.47,69.94,-13531.2743,-12990.1091,26521.3834
8.68E-02,-8.46E-03,7.00E-02,-8.46,70.00,-13688.9448,-13141.4556,26830.4004
8.78E-02,-8.45E-03,7.01E-02,-8.45,70.06,-13846.6154,-13292.802,27139.4174
8.88E-02,-8.44E-03,7.01E-02,-8.44,70.12,-14004.286,-13444.1484,27448.4344
8.98E-02,-8.43E-03,7.02E-02,-8.43,70.18,-14161.9567,-13595.4947,27757.4514
9.08E-02,-8.42E-03,7.02E-02,-8.42,70.24,-14319.6274,-13746.841,28066.4684
9.18E-02,-8.41E-03,7.03E-02,-8.41,70.29,-14477.2981,-13898.1873,28375.4854
9.28E-02,-8.40E-03,7.04E-02,-8.40,70.35,-14634.9689,-14049.5334,28684.5023
9.38E-02,-8.39E-03,7.04E-02,-8.39,70.41,-14792.6398,-14200.8796,28993.5194
9.48E-02,-8.38E-03,7.05E-02,-8.38,70.46,-14950.3107,-14352.2257,29302.5364
9.58E-02,-8.37E-03,7.05E-02,-8.37,70.51,-15107.9816,-14503.5717,29611.5533
9.68E-02,-8.36E-03,7.06E-02,-8.36,70.57,-15265.6526,-14654.9177,29920.5703
9.78E-02,-8.35E-03,7.06E-02,-8.35,70.62,-15423.3236,-14806.2637,30229.5873
9.88E-02,-8.34E-03,7.07E-02,-8.34,70.67,-15580.9947,-14957.6096,30538.6043
9.98E-02,-8.33E-03,7.07E-02,-8.33,70.72,-15738.6658,-15108.9555,30847.6213
0.100825,-8.32E-03,7.08E-02,-8.32,70.77,-15896.337,-15260.3013,31156.6383
0.101825,-8.31E-03,7.08E-02,-8.31,70.82,-16054.0082,-15411.6471,31465.6553
0.102825,-8.30E-03,7.09E-02,-8.30,70.87,-16211.6794,-15562.9929,31774.6723
0.103825,-8.29E-03,7.09E-02,-8.29,70.92,-16369.3507,-15714.3386,32083.6893
0.104825,-8.27E-03,7.10E-02,-8.27,70.97,-16527.022,-15865.6843,32392.7063
0.105825,-8.26E-03,7.10E-02,-8.26,71.01,-16684.6933,-16017.03,32701.7233
0.106825,-8.25E-03,7.11E-02,-8.25,71.06,-16842.3647,-16168.3756,33010.7403
0.107825,-8.24E-03,7.11E-02,-8.24,71.10,-17000.0361,-16319.7211,33319.7572
0.108825,-8.23E-03,7.11E-02,-8.23,71.15,-17157.7076,-16471.0667,33628.7743
0.109825,-8.21E-03,7.12E-02,-8.21,71.19,-17315.3791,-16622.4122,33937.7913
0.110825,-8.20E-03,7.12E-02,-8.20,71.24,-17473.0506,-16773.7576,34246.8082
0.111825,-8.19E-03,7.13E-02,-8.19,71.28,-17630.7222,-16925.1031,34555.8253
0.112825,-8.17E-03,7.13E-02,-8.17,71.32,-17788.3938,-17076.4485,34864.8423
0.113825,-8.16E-03,7.14E-02,-8.16,71.36,-17946.0654,-17227.7938,35173.8592
0.114825,-8.15E-03,7.14E-02,-8.15,71.40,-18103.7371,-17379.1391,35482.8762
0.115825,-8.13E-03,7.14E-02,-8.13,71.45,-18261.4088,-17530.4844,35791.8932
0.116825,-8.12E-03,7.15E-02,-8.12,71.49,-18419.0805,-17681.8297,36100.9102
0.117825,-8.11E-03,7.15E-02,-8.11,71.53,-18576.7523,-17833.1749,36409.9272
0.118825,-8.09E-03,7.16E-02,-8.09,71.56,-18734.4241,-17984.5201,36718.9442
0.119825,-8.08E-03,7.16E-02,-8.08,71.60,-18892.0959,-18135.8653,37027.9612
0.120825,-8.07E-03,7.16E-02,-8.07,71.64,-19049.7677,-18287.2105,37336.9782
0.121825,-8.05E-03,7.17E-02,-8.05,71.68,-19207.4396,-18438.5556,37645.9952
0.122825,-8.04E-03,7.17E-02,-8.04,71.72,-19365.1115,-18589.9006,37955.0121
0.123825,-8.02E-03,7.18E-02,-8.02,71.76,-19522.7835,-18741.2457,38264.0292
0.124825,-8.01E-03,7.18E-02,-8.01,71.79,-19680.4554,-18892.5907,38573.0461
0.125825,-7.99E-03,7.18E-02,-7.99,71.83,-19838.1274,-19043.9357,38882.0631
0.126825,-7.98E-03,7.19E-02,-7.98,71.86,-19995.7995,-19195.2807,39191.0802
0.127825,-7.97E-03,7.19E-02,-7.97,71.90,-20153.4715,-19346.6256,39500.0971
0.128825,-7.95E-03,7.19E-02,-7.95,71.93,-20311.1436,-19497.9705,39809.1141
0.129825,-7.94E-03,7.20E-02,-7.94,71.97,-20468.8157,-19649.3154,40118.1311
0.130825,-7.92E-03,7.20E-02,-7.92,72.00,-20626.4878,-19800.6603,40427.1481
0.131825,-7.91E-03,7.20E-02,-7.91,72.04,-20784.16,-19952.0051,40736.1651
0.132825,-7.89E-03,7.21E-02,-7.89,72.07,-20941.8322,-20103.3499,41045.1821
0.133825,-7.87E-03,7.21E-02,-7.87,72.10,-21099.5044,-20254.6947,41354.1991
0.134825,-7.86E-03,7.21E-02,-7.86,72.14,-21257.1766,-20406.0395,41663.2161
0.135825,-7.84E-03,7.22E-02,-7.84,72.17,-21414.8489,-20557.3842,41972.2331
0.136825,-7.83E-03,7.22E-02,-7.83,72.20,-21572.5212,-20708.7289,42281.2501
0.137825,-7.81E-03,7.22E-02,-7.81,72.23,-21730.1935,-20860.0736,42590.2671
0.138825,-7.80E-03,7.23E-02,-7.80,72.27,-21887.8658,-21011.4182,42899.284
0.139825,-7.78E-03,7.23E-02,-7.78,72.30,-22045.5382,-21162.7629,43208.3011
0.140825,-7.77E-03,7.23E-02,-7.77,72.33,-22203.2105,-21314.1075,43517.318
0.141825,-7.75E-03,7.24E-02,-7.75,72.36,-22360.883,-21465.4521,43826.3351
0.142825,-7.73E-03,7.24E-02,-7.73,72.39,-22518.5554,-21616.7967,44135.3521
0.143825,-7.72E-03,7.24E-02,-7.72,72.42,-22676.2278,-21768.1412,44444.369
0.144825,-7.70E-03,7.24E-02,-7.70,72.45,-22833.9003,-21919.4857,44753.386
0.145825,-7.69E-03,7.25E-02,-7.69,72.48,-22991.5728,-22070.8302,45062.403
0.146825,-7.67E-03,7.25E-02,-7.67,72.51,-23149.2453,-22222.1747,45371.42
0.147825,-7.65E-03,7.25E-02,-7.65,72.54,-23306.9178,-22373.5192,45680.437
0.148825,-7.64E-03,7.26E-02,-7.64,72.57,-23464.5904,-22524.8636,45989.454
0.149825,-7.62E-03,7.26E-02,-7.62,72.59,-23622.263,-22676.208,46298.471
0.150825,-7.60E-03,7.26E-02,-7.60,72.62,-23779.9356,-22827.5524,46607.488
0.151825,-7.59E-03,7.27E-02,-7.59,72.65,-23937.6082,-22978.8968,46916.505
0.152825,-7.57E-03,7.27E-02,-7.57,72.68,-24095.2808,-23130.2411,47225.5219
0.153825,-7.55E-03,7.27E-02,-7.55,72.71,-24252.9535,-23281.5855,47534.539
0.154825,-7.54E-03,7.27E-02,-7.54,72.73,-24410.6262,-23432.9298,47843.556
0.155825,-7.52E-03,7.28E-02,-7.52,72.76,-24568.2989,-23584.2741,48152.573
0.156825,-7.50E-03,7.28E-02,-7.50,72.79,-24725.9716,-23735.6183,48461.5899
0.157825,-7.49E-03,7.28E-02,-7.49,72.81,-24883.6443,-23886.9626,48770.6069
0.158825,-7.47E-03,7.28E-02,-7.47,72.84,-25041.3171,-24038.3068,49079.6239
0.159825,-7.45E-03,7.29E-02,-7.45,72.86,-25198.9898,-24189.6511,49388.6409
0.160825,-7.44E-03,7.29E-02,-7.44,72.89,-25356.6626,-24340.9953,49697.6579
0.161825,-7.42E-03,7.29E-02,-7.42,72.92,-25514.3354,-24492.3394,50006.6748
0.162825,-7.40E-03,7.29E-02,-7.40,72.94,-25672.0083,-24643.6836,50315.6919
0.163825,-7.38E-03,7.30E-02,-7.38,72.97,-25829.6811,-24795.0278,50624.7089
0.164825,-7.37E-03,7.30E-02,-7.37,72.99,-25987.354,-24946.3719,50933.7259
0.165825,-7.35E-03,7.30E-02,-7.35,73.02,-26145.0269,-25097.716,51242.7429
0.166825,-7.33E-03,7.30E-02,-7.33,73.04,-26302.6998,-25249.0601,51551.7599
0.167825,-7.31E-03,7.31E-02,-7.31,73.06,-26460.3727,-25400.4042,51860.7769
0.168825,-7.30E-03,7.31E-02,-7.30,73.09,-26618.0456,-25551.7482,52169.7938
0.169825,-7.28E-03,7.31E-02,-7.28,73.11,-26775.7186,-25703.0923,52478.8109
0.170825,-7.26E-03,7.31E-02,-7.26,73.14,-26933.3915,-25854.4363,52787.8278
0.171825,-7.24E-03,7.32E-02,-7.24,73.16,-27091.0645,-26005.7803,53096.8448
0.172825,-7.23E-03,7.32E-02,-7.23,73.18,-27248.7375,-26157.1243,53405.8618
0.173825,-7.21E-03,7.32E-02,-7.21,73.21,-27406.4105,-26308.4683,53714.8788
0.174825,-7.19E-03,7.32E-02,-7.19,73.23,-27564.0836,-26459.8123,54023.8959
0.175825,-7.17E-03,7.33E-02,-7.17,73.25,-27721.7566,-26611.1562,54332.9128
0.176825,-7.15E-03,7.33E-02,-7.15,73.27,-27879.4297,-26762.5001,54641.9298
0.177825,-7.14E-03,7.33E-02,-7.14,73.30,-28037.1027,-26913.844,54950.9467
0.178825,-7.12E-03,7.33E-02,-7.12,73.32,-28194.7758,-27065.188,55259.9638
0.179825,-7.10E-03,7.33E-02,-7.10,73.34,-28352.4489,-27216.5318,55568.9807
0.180825,-7.08E-03,7.34E-02,-7.08,73.36,-28510.1221,-27367.8757,55877.9978
0.181825,-7.06E-03,7.34E-02,-7.06,73.38,-28667.7952,-27519.2196,56187.0148
0.182825,-7.05E-03,7.34E-02,-7.05,73.41,-28825.4683,-27670.5634,56496.0317
0.183825,-7.03E-03,7.34E-02,-7.03,73.43,-28983.1415,-27821.9072,56805.0487
0.184825,-7.01E-03,7.34E-02,-7.01,73.45,-29140.8147,-27973.2511,57114.0658
0.185825,-6.99E-03,7.35E-02,-6.99,73.47,-29298.4879,-28124.5949,57423.0828
0.186825,-6.97E-03,7.35E-02,-6.97,73.49,-29456.1611,-28275.9386,57732.0997
0.187825,-6.95E-03,7.35E-02,-6.95,73.51,-29613.8343,-28427.2824,58041.1167
0.188825,-6.94E-03,7.35E-02,-6.94,73.53,-29771.5075,-28578.6262,58350.1337
0.189825,-6.92E-03,7.36E-02,-6.92,73.55,-29929.1808,-28729.9699,58659.1507
0.190825,-6.90E-03,7.36E-02,-6.90,73.57,-30086.854,-28881.3136,58968.1676
0.191825,-6.88E-03,7.36E-02,-6.88,73.59,-30244.5273,-29032.6574,59277.1847
0.192825,-6.86E-03,7.36E-02,-6.86,73.61,-30402.2006,-29184.0011,59586.2017
0.193825,-6.84E-03,7.36E-02,-6.84,73.63,-30559.8739,-29335.3448,59895.2187
0.194825,-6.83E-03,7.37E-02,-6.83,73.65,-30717.5472,-29486.6884,60204.2356
0.195825,-6.81E-03,7.37E-02,-6.81,73.67,-30875.2205,-29638.0321,60513.2526
0.196825,-6.79E-03,7.37E-02,-6.79,73.69,-31032.8939,-29789.3758,60822.2697
0.197825,-6.77E-03,7.37E-02,-6.77,73.71,-31190.5672,-29940.7194,61131.2866
0.198825,-6.75E-03,7.37E-02,-6.75,73.73,-31348.2406,-30092.063,61440.3036
0.199825,-6.73E-03,7.37E-02,-6.73,73.75,-31505.914,-30243.4067,61749.3207
0.200825,-6.71E-03,7.38E-02,-6.71,73.77,-31663.5874,-30394.7503,62058.3377
0.201825,-6.69E-03,7.38E-02,-6.69,73.79,-31821.2608,-30546.0938,62367.3546
0.202825,-6.67E-03,7.38E-02,-6.67,73.81,-31978.9342,-30697.4374,62676.3716
0.203825,-6.66E-03,7.38E-02,-6.66,73.82,-32136.6076,-30848.781,62985.3886
0.204825,-6.64E-03,7.38E-02,-6.64,73.84,-32294.281,-31000.1246,63294.4056
0.205825,-6.62E-03,7.39E-02,-6.62,73.86,-32451.9545,-31151.4681,63603.4226
0.206825,-6.60E-03,7.39E-02,-6.60,73.88,-32609.6279,-31302.8116,63912.4395
0.207825,-6.58E-03,7.39E-02,-6.58,73.90,-32767.3014,-31454.1552,64221.4566
0.208825,-6.56E-03,7.39E-02,-6.56,73.92,-32924.9749,-31605.4987,64530.4736
0.209825,-6.54E-03,7.39E-02,-6.54,73.93,-33082.6484,-31756.8422,64839.4906
0.210825,-6.52E-03,7.40E-02,-6.52,73.95,-33240.3219,-31908.1857,65148.5076
0.211825,-6.50E-03,7.40E-02,-6.50,73.97,-33397.9954,-32059.5291,65457.5245
0.212825,-6.48E-03,7.40E-02,-6.48,73.99,-33555.6689,-32210.8726,65766.5415
0.213825,-6.47E-03,7.40E-02,-6.47,74.00,-33713.3425,-32362.2161,66075.5586
0.214825,-6.45E-03,7.40E-02,-6.45,74.02,-33871.016,-32513.5595,66384.5755
0.215825,-6.43E-03,7.40E-02,-6.43,74.04,-34028.6896,-32664.903,66693.5926
0.216825,-6.41E-03,7.41E-02,-6.41,74.06,-34186.3631,-32816.2464,67002.6095
0.217825,-6.39E-03,7.41E-02,-6.39,74.07,-34344.0367,-32967.5898,67311.6265
0.218825,-6.37E-03,7.41E-02,-6.37,74.09,-34501.7103,-33118.9332,67620.6435
0.219825,-6.35E-03,7.41E-02,-6.35,74.11,-34659.3839,-33270.2766,67929.6605
0.220825,-6.33E-03,7.41E-02,-6.33,74.12,-34817.0575,-33421.62,68238.6775
0.221825,-6.31E-03,7.41E-02,-6.31,74.14,-34974.7311,-33572.9634,68547.6945
0.222825,-6.29E-03,7.42E-02,-6.29,74.16,-35132.4047,-33724.3067,68856.7114
0.223825,-6.27E-03,7.42E-02,-6.27,74.17,-35290.0784,-33875.6501,69165.7285
0.224825,-6.25E-03,7.42E-02,-6.25,74.19,-35447.752,-34026.9934,69474.7454
0.225825,-6.23E-03,7.42E-02,-6.23,74.20,-35605.4257,-34178.3368,69783.7625
0.226825,-6.21E-03,7.42E-02,-6.21,74.22,-35763.0993,-34329.6801,70092.7794
0.227825,-6.19E-03,7.42E-02,-6.19,74.24,-35920.773,-34481.0234,70401.7964
0.228825,-6.17E-03,7.43E-02,-6.17,74.25,-36078.4467,-34632.3667,70710.8134
0.229825,-6.15E-03,7.43E-02,-6.15,74.27,-36236.1204,-34783.71,71019.8304
0.230825,-6.13E-03,7.43E-02,-6.13,74.28,-36393.7941,-34935.0533,71328.8474
0.231825,-6.11E-03,7.43E-02,-6.11,74.30,-36551.4678,-35086.3966,71637.8644
0.232825,-6.10E-03,7.43E-02,-6.10,74.32,-36709.1415,-35237.7399,71946.8814
0.233825,-6.08E-03,7.43E-02,-6.08,74.33,-36866.8153,-35389.0831,72255.8984
0.234825,-6.06E-03,7.43E-02,-6.06,74.35,-37024.489,-35540.4264,72564.9154
0.235825,-6.04E-03,7.44E-02,-6.04,74.36,-37182.1628,-35691.7696,72873.9324
0.236825,-6.02E-03,7.44E-02,-6.02,74.38,-37339.8365,-35843.1129,73182.9494
0.237825,-6.00E-03,7.44E-02,-6.00,74.39,-37497.5103,-35994.4561,73491.9664
0.238825,-5.98E-03,7.44E-02,-5.98,74.41,-37655.184,-36145.7993,73800.9833
0.239825,-5.96E-03,7.44E-02,-5.96,74.42,-37812.8578,-36297.1425,74110.0003
0.240825,-5.94E-03,7.44E-02,-5.94,74.44,-37970.5316,-36448.4857,74419.0173
0.241825,-5.92E-03,7.45E-02,-5.92,74.45,-38128.2054,-36599.8289,74728.0343
0.242825,-5.90E-03,7.45E-02,-5.90,74.47,-38285.8792,-36751.1721,75037.0513
0.243825,-5.88E-03,7.45E-02,-5.88,74.48,-38443.553,-36902.5153,75346.0683
0.244825,-5.86E-03,7.45E-02,-5.86,74.50,-38601.2269,-37053.8585,75655.0854
0.245825,-5.84E-03,7.45E-02,-5.84,74.51,-38758.9007,-37205.2016,75964.1023
0.246825,-5.82E-03,7.45E-02,-5.82,74.52,-38916.5745,-37356.5448,76273.1193
0.247825,-5.80E-03,7.45E-02,-5.80,74.54,-39074.2484,-37507.8879,76582.1363
0.248825,-5.78E-03,7.46E-02,-5.78,74.55,-39231.9222,-37659.2311,76891.1533
0.249825,-5.76E-03,7.46E-02,-5.76,74.57,-39389.5961,-37810.5742,77200.1703
0.250825,-5.74E-03,7.46E-02,-5.74,74.58,-39547.27,-37961.9173,77509.1873
0.251825,-5.72E-03,7.46E-02,-5.72,74.60,-39704.9438,-38113.2604,77818.2042
0.252825,-5.70E-03,7.46E-02,-5.70,74.61,-39862.6177,-38264.6035,78127.2212
0.253825,-5.68E-03,7.46E-02,-5.68,74.62,-40020.2916,-38415.9466,78436.2382
0.254825,-5.66E-03,7.46E-02,-5.66,74.64,-40177.9655,-38567.2897,78745.2552
0.255825,-5.64E-03,7.47E-02,-5.64,74.65,-40335.6394,-38718.6328,79054.2722
0.256825,-5.62E-03,7.47E-02,-5.62,74.67,-40493.3133,-38869.9759,79363.2892
0.257825,-5.60E-03,7.47E-02,-5.60,74.68,-40650.9872,-39021.319,79672.3062
0.258825,-5.58E-03,7.47E-02,-5.58,74.69,-40808.6612,-39172.662,79981.3232
0.259825,-5.56E-03,7.47E-02,-5.56,74.71,-40966.3351,-39324.0051,80290.3402
0.260825,-5.54E-03,7.47E-02,-5.54,74.72,-41124.009,-39475.3482,80599.3572
0.261825,-5.51E-03,7.47E-02,-5.51,74.73,-41281.683,-39626.6912,80908.3742
0.262825,-5.49E-03,7.47E-02,-5.49,74.75,-41439.3569,-39778.0342,81217.3911
0.263825,-5.47E-03,7.48E-02,-5.47,74.76,-41597.0309,-39929.3773,81526.4082
0.264825,-5.45E-03,7.48E-02,-5.45,74.77,-41754.7049,-40080.7203,81835.4252
0.265825,-5.43E-03,7.48E-02,-5.43,74.79,-41912.3789,-40232.0633,82144.4422
0.266825,-5.41E-03,7.48E-02,-5.41,74.80,-42070.0528,-40383.4063,82453.4591
0.267825,-5.39E-03,7.48E-02,-5.39,74.81,-42227.7268,-40534.7493,82762.4761
0.268825,-5.37E-03,7.48E-02,-5.37,74.82,-42385.4008,-40686.0923,83071.4931
0.269825,-5.35E-03,7.48E-02,-5.35,74.84,-42543.0748,-40837.4353,83380.5101
0.270825,-5.33E-03,7.49E-02,-5.33,74.85,-42700.7488,-40988.7783,83689.5271
0.271825,-5.31E-03,7.49E-02,-5.31,74.86,-42858.4228,-41140.1213,83998.5441
0.272825,-5.29E-03,7.49E-02,-5.29,74.88,-43016.0969,-41291.4643,84307.5612
0.273825,-5.27E-03,7.49E-02,-5.27,74.89,-43173.7709,-41442.8072,84616.5781
0.274825,-5.25E-03,7.49E-02,-5.25,74.90,-43331.4449,-41594.1502,84925.5951
0.275825,-5.23E-03,7.49E-02,-5.23,74.91,-43489.119,-41745.4931,85234.6121
0.276825,-5.21E-03,7.49E-02,-5.21,74.93,-43646.793,-41896.8361,85543.6291
0.277825,-5.19E-03,7.49E-02,-5.19,74.94,-43804.4671,-42048.179,85852.6461
0.278825,-5.17E-03,7.50E-02,-5.17,74.95,-43962.1411,-42199.522,86161.6631
0.279825,-5.15E-03,7.50E-02,-5.15,74.96,-44119.8152,-42350.8649,86470.6801
0.280825,-5.13E-03,7.50E-02,-5.13,74.98,-44277.4892,-42502.2078,86779.697
0.281825,-5.11E-03,7.50E-02,-5.11,74.99,-44435.1633,-42653.5507,87088.714
0.282825,-5.09E-03,7.50E-02,-5.09,75.00,-44592.8374,-42804.8937,87397.7311
0.283825,-5.06E-03,7.50E-02,-5.06,75.01,-44750.5115,-42956.2366,87706.7481
0.284825,-5.04E-03,7.50E-02,-5.04,75.02,-44908.1856,-43107.5795,88015.7651
0.285825,-5.02E-03,7.50E-02,-5.02,75.04,-45065.8597,-43258.9224,88324.7821
0.286825,-5.00E-03,7.50E-02,-5.00,75.05,-45223.5338,-43410.2652,88633.799
0.287825,-4.98E-03,7.51E-02,-4.98,75.06,-45381.2079,-43561.6081,88942.816
0.288825,-4.96E-03,7.51E-02,-4.96,75.07,-45538.882,-43712.951,89251.833
0.289825,-4.94E-03,7.51E-02,-4.94,75.08,-45696.5561,-43864.2939,89560.85
0.290825,-4.92E-03,7.51E-02,-4.92,75.09,-45854.2302,-44015.6368,89869.867
0.291825,-4.90E-03,7.51E-02,-4.90,75.11,-46011.9044,-44166.9796,90178.884
0.292825,-4.88E-03,7.51E-02,-4.88,75.12,-46169.5785,-44318.3225,90487.901
0.293825,-4.86E-03,7.51E-02,-4.86,75.13,-46327.2526,-44469.6653,90796.9179
0.294825,-4.84E-03,7.51E-02,-4.84,75.14,-46484.9268,-44621.0082,91105.935
0.295825,-4.82E-03,7.52E-02,-4.82,75.15,-46642.6009,-44772.351,91414.9519
0.296825,-4.80E-03,7.52E-02,-4.80,75.16,-46800.2751,-44923.6939,91723.969
0.297825,-4.77E-03,7.52E-02,-4.77,75.18,-46957.9492,-45075.0367,92032.9859
0.298825,-4.75E-03,7.52E-02,-4.75,75.19,-47115.6234,-45226.3795,92342.0029
0.299825,-4.73E-03,7.52E-02,-4.73,75.20,-47273.2976,-45377.7223,92651.0199
0.300825,-4.71E-03,7.52E-02,-4.71,75.21,-47430.9717,-45529.0652,92960.0369
0.301825,-4.69E-03,7.52E-02,-4.69,75.22,-47588.6459,-45680.408,93269.0539
0.302825,-4.67E-03,7.52E-02,-4.67,75.23,-47746.3201,-45831.7508,93578.0709
0.303825,-4.65E-03,7.52E-02,-4.65,75.24,-47903.9943,-45983.0936,93887.0879
0.304825,-4.63E-03,7.53E-02,-4.63,75.25,-48061.6685,-46134.4364,94196.1049
0.305825,-4.61E-03,7.53E-02,-4.61,75.26,-48219.3427,-46285.7792,94505.1219
0.306825,-4.59E-03,7.53E-02,-4.59,75.28,-48377.0169,-46437.122,94814.1389
0.307825,-4.57E-03,7.53E-02,-4.57,75.29,-48534.6911,-46588.4648,95123.1559
0.308825,-4.54E-03,7.53E-02,-4.54,75.30,-48692.3653,-46739.8075,95432.1728
0.309825,-4.52E-03,7.53E-02,-4.52,75.31,-48850.0395,-46891.1503,95741.1898
0.310825,-4.50E-03,7.53E-02,-4.50,75.32,-49007.7138,-47042.4931,96050.2069
0.311825,-4.48E-03,7.53E-02,-4.48,75.33,-49165.388,-47193.8359,96359.2239
0.312825,-4.46E-03,7.53E-02,-4.46,75.34,-49323.0622,-47345.1786,96668.2408
0.313825,-4.44E-03,7.54E-02,-4.44,75.35,-49480.7364,-47496.5214,96977.2578
0.314825,-4.42E-03,7.54E-02,-4.42,75.36,-49638.4107,-47647.8641,97286.2748
0.315825,-4.40E-03,7.54E-02,-4.40,75.37,-49796.0849,-47799.2069,97595.2918
0.316825,-4.38E-03,7.54E-02,-4.38,75.38,-49953.7592,-47950.5496,97904.3088
0.317825,-4.36E-03,7.54E-02,-4.36,75.39,-50111.4334,-48101.8924,98213.3258
0.318825,-4.33E-03,7.54E-02,-4.33,75.40,-50269.1077,-48253.2351,98522.3428
0.319825,-4.31E-03,7.54E-02,-4.31,75.41,-50426.7819,-48404.5778,98831.3597
0.320825,-4.29E-03,7.54E-02,-4.29,75.42,-50584.4562,-48555.9206,99140.3768
0.321825,-4.27E-03,7.54E-02,-4.27,75.43,-50742.1305,-48707.2633,99449.3938
0.322825,-4.25E-03,7.54E-02,-4.25,75.45,-50899.8047,-48858.606,99758.4107
0.323825,-4.23E-03,7.55E-02,-4.23,75.46,-51057.479,-49009.9487,100067.4277
0.324825,-4.21E-03,7.55E-02,-4.21,75.47,-51215.1533,-49161.2915,100376.4448
0.325825,-4.19E-03,7.55E-02,-4.19,75.48,-51372.8276,-49312.6342,100685.4618
0.326825,-4.17E-03,7.55E-02,-4.17,75.49,-51530.5019,-49463.9769,100994.4788
0.327825,-4.14E-03,7.55E-02,-4.14,75.50,-51688.1762,-49615.3196,101303.4958
0.328825,-4.12E-03,7.55E-02,-4.12,75.51,-51845.8504,-49766.6623,101612.5127
0.329825,-4.10E-03,7.55E-02,-4.10,75.52,-52003.5247,-49918.005,101921.5297
0.330825,-4.08E-03,7.55E-02,-4.08,75.53,-52161.199,-50069.3477,102230.5467
0.331825,-4.06E-03,7.55E-02,-4.06,75.54,-52318.8734,-50220.6903,102539.5637
0.332825,-4.04E-03,7.55E-02,-4.04,75.55,-52476.5477,-50372.033,102848.5807
0.333825,-4.02E-03,7.56E-02,-4.02,75.56,-52634.222,-50523.3757,103157.5977
0.334825,-4.00E-03,7.56E-02,-4.00,75.57,-52791.8963,-50674.7184,103466.6147
0.335825,-3.97E-03,7.56E-02,-3.97,75.58,-52949.5706,-50826.0611,103775.6317
0.336825,-3.95E-03,7.56E-02,-3.95,75.59,-53107.2449,-50977.4037,104084.6486
0.337825,-3.93E-03,7.56E-02,-3.93,75.60,-53264.9193,-51128.7464,104393.6657
0.338825,-3.91E-03,7.56E-02,-3.91,75.60,-53422.5936,-51280.0891,104702.6827
0.339825,-3.89E-03,7.56E-02,-3.89,75.61,-53580.2679,-51431.4317,105011.6996
0.340825,-3.87E-03,7.56E-02,-3.87,75.62,-53737.9423,-51582.7744,105320.7167
0.341825,-3.85E-03,7.56E-02,-3.85,75.63,-53895.6166,-51734.117,105629.7336
0.342825,-3.83E-03,7.56E-02,-3.83,75.64,-54053.2909,-51885.4597,105938.7506
0.343825,-3.80E-03,7.57E-02,-3.80,75.65,-54210.9653,-52036.8023,106247.7676
0.344825,-3.78E-03,7.57E-02,-3.78,75.66,-54368.6396,-52188.145,106556.7846
0.345825,-3.76E-03,7.57E-02,-3.76,75.67,-54526.314,-52339.4876,106865.8016
0.346825,-3.74E-03,7.57E-02,-3.74,75.68,-54683.9884,-52490.8302,107174.8186
0.347825,-3.72E-03,7.57E-02,-3.72,75.69,-54841.6627,-52642.1729,107483.8356
0.348825,-3.70E-03,7.57E-02,-3.70,75.70,-54999.3371,-52793.5155,107792.8526
0.349825,-3.68E-03,7.57E-02,-3.68,75.71,-55157.0114,-52944.8581,108101.8695
0.350825,-3.65E-03,7.57E-02,-3.65,75.72,-55314.6858,-53096.2008,108410.8866
0.351825,-3.63E-03,7.57E-02,-3.63,75.73,-55472.3602,-53247.5434,108719.9036
0.352825,-3.61E-03,7.57E-02,-3.61,75.74,-55630.0346,-53398.886,109028.9206
0.353825,-3.59E-03,7.57E-02,-3.59,75.75,-55787.7089,-53550.2286,109337.9375
0.354825,-3.57E-03,7.58E-02,-3.57,75.76,-55945.3833,-53701.5712,109646.9545
0.355825,-3.55E-03,7.58E-02,-3.55,75.76,-56103.0577,-53852.9138,109955.9715
0.356825,-3.53E-03,7.58E-02,-3.53,75.77,-56260.7321,-54004.2564,110264.9885
0.357825,-3.50E-03,7.58E-02,-3.50,75.78,-56418.4065,-54155.599,110574.0055
0.358825,-3.48E-03,7.58E-02,-3.48,75.79,-56576.0809,-54306.9416,110883.0225
0.359825,-3.46E-03,7.58E-02,-3.46,75.80,-56733.7553,-54458.2842,111192.0395
0.360825,-3.44E-03,7.58E-02,-3.44,75.81,-56891.4297,-54609.6268,111501.0565
0.361825,-3.42E-03,7.58E-02,-3.42,75.82,-57049.1041,-54760.9694,111810.0735
0.362825,-3.40E-03,7.58E-02,-3.40,75.83,-57206.7785,-54912.312,112119.0905
0.363825,-3.38E-03,7.58E-02,-3.38,75.84,-57364.4529,-55063.6546,112428.1075
0.364825,-3.35E-03,7.58E-02,-3.35,75.85,-57522.1273,-55214.9972,112737.1245
0.365825,-3.33E-03,7.59E-02,-3.33,75.85,-57679.8017,-55366.3398,113046.1415
0.366825,-3.31E-03,7.59E-02,-3.31,75.86,-57837.4761,-55517.6823,113355.1584
0.367825,-3.29E-03,7.59E-02,-3.29,75.87,-57995.1505,-55669.0249,113664.1754
0.368825,-3.27E-03,7.59E-02,-3.27,75.88,-58152.8249,-55820.3675,113973.1924
0.369825,-3.25E-03,7.59E-02,-3.25,75.89,-58310.4994,-55971.7101,114282.2095
0.370825,-3.22E-03,7.59E-02,-3.22,75.90,-58468.1738,-56123.0526,114591.2264
0.371825,-3.20E-03,7.59E-02,-3.20,75.91,-58625.8482,-56274.3952,114900.2434
0.372825,-3.18E-03,7.59E-02,-3.18,75.92,-58783.5227,-56425.7378,115209.2605
0.373825,-3.16E-03,7.59E-02,-3.16,75.92,-58941.1971,-56577.0803,115518.2774
0.374825,-3.14E-03,7.59E-02,-3.14,75.93,-59098.8715,-56728.4229,115827.2944
0.375825,-3.12E-03,7.59E-02,-3.12,75.94,-59256.546,-56879.7654,116136.3114
0.376825,-3.09E-03,7.60E-02,-3.09,75.95,-59414.2204,-57031.108,116445.3284
0.377825,-3.07E-03,7.60E-02,-3.07,75.96,-59571.8948,-57182.4505,116754.3453
0.378825,-3.05E-03,7.60E-02,-3.05,75.97,-59729.5693,-57333.7931,117063.3624
0.379825,-3.03E-03,7.60E-02,-3.03,75.98,-59887.2437,-57485.1356,117372.3793
0.380825,-3.01E-03,7.60E-02,-3.01,75.98,-60044.9182,-57636.4782,117681.3964
0.381825,-2.99E-03,7.60E-02,-2.99,75.99,-60202.5926,-57787.8207,117990.4133
0.382825,-2.96E-03,7.60E-02,-2.96,76.00,-60360.2671,-57939.1633,118299.4304
0.383825,-2.94E-03,7.60E-02,-2.94,76.01,-60517.9415,-58090.5058,118608.4473
0.384825,-2.92E-03,7.60E-02,-2.92,76.02,-60675.616,-58241.8483,118917.4643
0.385825,-2.90E-03,7.60E-02,-2.90,76.03,-60833.2904,-58393.1909,119226.4813
0.386825,-2.88E-03,7.60E-02,-2.88,76.03,-60990.9649,-58544.5334,119535.4983
0.387825,-2.86E-03,7.60E-02,-2.86,76.04,-61148.6394,-58695.8759,119844.5153
0.388825,-2.83E-03,7.61E-02,-2.83,76.05,-61306.3138,-58847.2185,120153.5323
0.389825,-2.81E-03,7.61E-02,-2.81,76.06,-61463.9883,-58998.561,120462.5493
0.390825,-2.79E-03,7.61E-02,-2.79,76.07,-61621.6628,-59149.9035,120771.5663
0.391825,-2.77E-03,7.61E-02,-2.77,76.08,-61779.3372,-59301.246,121080.5832
0.392825,-2.75E-03,7.61E-02,-2.75,76.08,-61937.0117,-59452.5885,121389.6002
0.393825,-2.73E-03,7.61E-02,-2.73,76.09,-62094.6862,-59603.9311,121698.6173
0.394825,-2.70E-03,7.61E-02,-2.70,76.10,-62252.3607,-59755.2736,122007.6343
0.395825,-2.68E-03,7.61E-02,-2.68,76.11,-62410.0352,-59906.6161,122316.6513
0.396825,-2.66E-03,7.61E-02,-2.66,76.12,-62567.7096,-60057.9586,122625.6682
0.397825,-2.64E-03,7.61E-02,-2.64,76.12,-62725.3841,-60209.3011,122934.6852
0.398825,-2.62E-03,7.61E-02,-2.62,76.13,-62883.0586,-60360.6436,123243.7022
0.399825,-2.60E-03,7.61E-02,-2.60,76.14,-63040.7331,-60511.9861,123552.7192
0.400825,-2.57E-03,7.61E-02,-2.57,76.15,-63198.4076,-60663.3286,123861.7362
0.401825,-2.55E-03,7.62E-02,-2.55,76.16,-63356.0821,-60814.6711,124170.7532
0.402825,-2.53E-03,7.62E-02,-2.53,76.16,-63513.7566,-60966.0136,124479.7702
0.403825,-2.51E-03,7.62E-02,-2.51,76.17,-63671.4311,-61117.3561,124788.7872
0.404825,-2.49E-03,7.62E-02,-2.49,76.18,-63829.1055,-61268.6986,125097.8041
0.405825,-2.46E-03,7.62E-02,-2.46,76.19,-63986.78,-61420.0411,125406.8211
0.406825,-2.44E-03,7.62E-02,-2.44,76.20,-64144.4545,-61571.3836,125715.8381
0.407825,-2.42E-03,7.62E-02,-2.42,76.20,-64302.129,-61722.7261,126024.8551
0.408825,-2.40E-03,7.62E-02,-2.40,76.21,-64459.8035,-61874.0686,126333.8721
0.409825,-2.38E-03,7.62E-02,-2.38,76.22,-64617.478,-62025.4111,126642.8891
0.410825,-2.35E-03,7.62E-02,-2.35,76.23,-64775.1526,-62176.7536,126951.9062
0.411825,-2.33E-03,7.62E-02,-2.33,76.24,-64932.8271,-62328.0961,127260.9232
0.412825,-2.31E-03,7.62E-02,-2.31,76.24,-65090.5016,-62479.4386,127569.9402
0.413825,-2.29E-03,7.63E-02,-2.29,76.25,-65248.1761,-62630.781,127878.9571
0.414825,-2.27E-03,7.63E-02,-2.27,76.26,-65405.8506,-62782.1235,128187.9741
0.415825,-2.25E-03,7.63E-02,-2.25,76.27,-65563.5251,-62933.466,128496.9911
0.416825,-2.22E-03,7.63E-02,-2.22,76.27,-65721.1996,-63084.8085,128806.0081
0.417825,-2.20E-03,7.63E-02,-2.20,76.28,-65878.8741,-63236.151,129115.0251
0.418825,-2.18E-03,7.63E-02,-2.18,76.29,-66036.5486,-63387.4934,129424.042
0.419825,-2.16E-03,7.63E-02,-2.16,76.30,-66194.2232,-63538.8359,129733.0591
0.420825,-2.14E-03,7.63E-02,-2.14,76.30,-66351.8977,-63690.1784,130042.0761
0.421825,-2.11E-03,7.63E-02,-2.11,76.31,-66509.5722,-63841.5209,130351.0931
0.422825,-2.09E-03,7.63E-02,-2.09,76.32,-66667.2467,-63992.8633,130660.11
0.423825,-2.07E-03,7.63E-02,-2.07,76.33,-66824.9213,-64144.2058,130969.1271
0.424825,-2.05E-03,7.63E-02,-2.05,76.33,-66982.5958,-64295.5483,131278.1441
0.425825,-2.03E-03,7.63E-02,-2.03,76.34,-67140.2703,-64446.8907,131587.161
0.426825,-2.00E-03,7.63E-02,-2.00,76.35,-67297.9448,-64598.2332,131896.178
0.427825,-1.98E-03,7.64E-02,-1.98,76.36,-67455.6194,-64749.5757,132205.1951
0.428825,-1.96E-03,7.64E-02,-1.96,76.36,-67613.2939,-64900.9181,132514.212
0.429825,-1.94E-03,7.64E-02,-1.94,76.37,-67770.9684,-65052.2606,132823.229
0.430825,-1.92E-03,7.64E-02,-1.92,76.38,-67928.643,-65203.603,133132.246
0.431825,-1.89E-03,7.64E-02,-1.89,76.39,-68086.3175,-65354.9455,133441.263
0.432825,-1.87E-03,7.64E-02,-1.87,76.39,-68243.992,-65506.288,133750.28
0.433825,-1.85E-03,7.64E-02,-1.85,76.40,-68401.6666,-65657.6304,134059.297
0.434825,-1.83E-03,7.64E-02,-1.83,76.41,-68559.3411,-65808.9729,134368.314
0.435825,-1.81E-03,7.64E-02,-1.81,76.42,-68717.0156,-65960.3153,134677.3309
0.436825,-1.78E-03,7.64E-02,-1.78,76.42,-68874.6902,-66111.6578,134986.348
0.437825,-1.76E-03,7.64E-02,-1.76,76.43,-69032.3647,-66263.0002,135295.3649
0.438825,-1.74E-03,7.64E-02,-1.74,76.44,-69190.0393,-66414.3427,135604.382
0.439825,-1.72E-03,7.64E-02,-1.72,76.44,-69347.7138,-66565.6851,135913.3989
0.440825,-1.70E-03,7.65E-02,-1.70,76.45,-69505.3883,-66717.0276,136222.4159
0.441825,-1.67E-03,7.65E-02,-1.67,76.46,-69663.0629,-66868.37,136531.4329
0.442825,-1.65E-03,7.65E-02,-1.65,76.47,-69820.7374,-67019.7125,136840.4499
0.443825,-1.63E-03,7.65E-02,-1.63,76.47,-69978.412,-67171.0549,137149.4669
0.444825,-1.61E-03,7.65E-02,-1.61,76.48,-70136.0865,-67322.3974,137458.4839
0.445825,-1.58E-03,7.65E-02,-1.58,76.49,-70293.7611,-67473.7398,137767.5009
0.446825,-1.56E-03,7.65E-02,-1.56,76.49,-70451.4356,-67625.0823,138076.5179
0.447825,-1.54E-03,7.65E-02,-1.54,76.50,-70609.1102,-67776.4247,138385.5349
0.448825,-1.52E-03,7.65E-02,-1.52,76.51,-70766.7847,-67927.7671,138694.5518
0.449825,-1.50E-03,7.65E-02,-1.50,76.52,-70924.4593,-68079.1096,139003.5689
0.450825,-1.47E-03,7.65E-02,-1.47,76.52,-71082.1338,-68230.452,139312.5858
0.451825,-1.45E-03,7.65E-02,-1.45,76.53,-71239.8084,-68381.7945,139621.6029
0.452825,-1.43E-03,7.65E-02,-1.43,76.54,-71397.4829,-68533.1369,139930.6198
0.453825,-1.41E-03,7.65E-02,-1.41,76.54,-71555.1575,-68684.4793,140239.6368
0.454825,-1.39E-03,7.66E-02,-1.39,76.55,-71712.8321,-68835.8218,140548.6539
0.455825,-1.36E-03,7.66E-02,-1.36,76.56,-71870.5066,-68987.1642,140857.6708
0.456825,-1.34E-03,7.66E-02,-1.34,76.56,-72028.1812,-69138.5067,141166.6879
0.457825,-1.32E-03,7.66E-02,-1.32,76.57,-72185.8557,-69289.8491,141475.7048
0.458825,-1.30E-03,7.66E-02,-1.30,76.58,-72343.5303,-69441.1915,141784.7218
0.459825,-1.27E-03,7.66E-02,-1.27,76.58,-72501.2048,-69592.534,142093.7388
0.460825,-1.25E-03,7.66E-02,-1.25,76.59,-72658.8794,-69743.8764,142402.7558
0.461825,-1.23E-03,7.66E-02,-1.23,76.60,-72816.554,-69895.2188,142711.7728
0.462825,-1.21E-03,7.66E-02,-1.21,76.61,-72974.2285,-70046.5612,143020.7897
0.463825,-1.19E-03,7.66E-02,-1.19,76.61,-73131.9031,-70197.9037,143329.8068
0.464825,-1.16E-03,7.66E-02,-1.16,76.62,-73289.5777,-70349.2461,143638.8238
0.465825,-1.14E-03,7.66E-02,-1.14,76.63,-73447.2522,-70500.5885,143947.8407
0.466825,-1.12E-03,7.66E-02,-1.12,76.63,-73604.9268,-70651.931,144256.8578
0.467825,-1.10E-03,7.66E-02,-1.10,76.64,-73762.6013,-70803.2734,144565.8747
0.468825,-1.07E-03,7.66E-02,-1.07,76.65,-73920.2759,-70954.6158,144874.8917
0.469825,-1.05E-03,7.67E-02,-1.05,76.65,-74077.9505,-71105.9582,145183.9087
0.470825,-1.03E-03,7.67E-02,-1.03,76.66,-74235.625,-71257.3007,145492.9257
0.471825,-1.01E-03,7.67E-02,-1.01,76.67,-74393.2996,-71408.6431,145801.9427
0.472825,-9.86E-04,7.67E-02,-0.99,76.67,-74550.9742,-71559.9855,146110.9597
0.473825,-9.64E-04,7.67E-02,-0.96,76.68,-74708.6487,-71711.328,146419.9767
0.474825,-9.41E-04,7.67E-02,-0.94,76.69,-74866.3233,-71862.6704,146728.9937
0.475825,-9.19E-04,7.67E-02,-0.92,76.69,-75023.9979,-72014.0128,147038.0107
0.476825,-8.97E-04,7.67E-02,-0.90,76.70,-75181.6725,-72165.3552,147347.0277
0.477825,-8.75E-04,7.67E-02,-0.87,76.71,-75339.347,-72316.6976,147656.0446
0.478825,-8.52E-04,7.67E-02,-0.85,76.71,-75497.0216,-72468.0401,147965.0617
0.479825,-8.30E-04,7.67E-02,-0.83,76.72,-75654.6962,-72619.3825,148274.0787
0.480825,-8.08E-04,7.67E-02,-0.81,76.73,-75812.3707,-72770.7249,148583.0956
0.481825,-7.85E-04,7.67E-02,-0.79,76.73,-75970.0453,-72922.0673,148892.1126
0.482825,-7.63E-04,7.67E-02,-0.76,76.74,-76127.7199,-73073.4098,149201.1297
0.483825,-7.41E-04,7.67E-02,-0.74,76.74,-76285.3945,-73224.7522,149510.1467
0.484825,-7.18E-04,7.68E-02,-0.72,76.75,-76443.069,-73376.0946,149819.1636
0.485825,-6.96E-04,7.68E-02,-0.70,76.76,-76600.7436,-73527.437,150128.1806
0.486825,-6.74E-04,7.68E-02,-0.67,76.76,-76758.4182,-73678.7794,150437.1976
0.487825,-6.52E-04,7.68E-02,-0.65,76.77,-76916.0927,-73830.1219,150746.2146
0.488825,-6.29E-04,7.68E-02,-0.63,76.78,-77073.7673,-73981.4643,151055.2316
0.489825,-6.07E-04,7.68E-02,-0.61,76.78,-77231.4419,-74132.8067,151364.2486
0.490825,-5.85E-04,7.68E-02,-0.58,76.79,-77389.1165,-74284.1491,151673.2656
0.491825,-5.62E-04,7.68E-02,-0.56,76.80,-77546.791,-74435.4915,151982.2825
0.492825,-5.40E-04,7.68E-02,-0.54,76.80,-77704.4656,-74586.8339,152291.2995
0.493825,-5.17E-04,7.68E-02,-0.52,76.81,-77862.1402,-74738.1764,152600.3166
0.494825,-4.95E-04,7.68E-02,-0.50,76.82,-78019.8148,-74889.5188,152909.3336
0.495825,-4.73E-04,7.68E-02,-0.47,76.82,-78177.4893,-75040.8612,153218.3505
0.496825,-4.50E-04,7.68E-02,-0.45,76.83,-78335.1639,-75192.2036,153527.3675
0.497825,-4.28E-04,7.68E-02,-0.43,76.83,-78492.8385,-75343.546,153836.3845
0.498825,-4.06E-04,7.68E-02,-0.41,76.84,-78650.5131,-75494.8885,154145.4016
0.499825,-3.83E-04,7.68E-02,-0.38,76.85,-78808.1876,-75646.2309,154454.4185
0.500825,-3.61E-04,7.69E-02,-0.36,76.85,-78965.8622,-75797.5733,154763.4355
0.501825,-3.38E-04,7.69E-02,-0.34,76.86,-79123.5368,-75948.9157,155072.4525
0.502825,-3.16E-04,7.69E-02,-0.32,76.87,-79281.2114,-76100.2581,155381.4695
0.503825,-2.94E-04,7.69E-02,-0.29,76.87,-79438.886,-76251.6005,155690.4865
0.504825,-2.71E-04,7.69E-02,-0.27,76.88,-79596.5605,-76402.9429,155999.5034
0.505825,-2.49E-04,7.69E-02,-0.25,76.88,-79754.2351,-76554.2854,156308.5205
0.506825,-2.26E-04,7.69E-02,-0.23,76.89,-79911.9097,-76705.6278,156617.5375
0.507825,-2.04E-04,7.69E-02,-0.20,76.90,-80069.5843,-76856.9702,156926.5545
0.508825,-1.81E-04,7.69E-02,-0.18,76.90,-80227.2588,-77008.3126,157235.5714
0.509825,-1.59E-04,7.69E-02,-0.16,76.91,-80384.9334,-77159.655,157544.5884
0.510825,-1.37E-04,7.69E-02,-0.14,76.92,-80542.608,-77310.9974,157853.6054
0.511825,-1.14E-04,7.69E-02,-0.11,76.92,-80700.2826,-77462.3399,158162.6225
0.512825,-9.17E-05,7.69E-02,-0.09,76.93,-80857.9571,-77613.6823,158471.6394
0.513825,-6.93E-05,7.69E-02,-0.07,76.93,-81015.6317,-77765.0247,158780.6564
0.514825,-4.68E-05,7.69E-02,-0.05,76.94,-81173.3063,-77916.3671,159089.6734
0.515825,-2.43E-05,7.69E-02,-0.02,76.95,-81330.9809,-78067.7095,159398.6904
0.516825,-1.88E-06,7.70E-02,0.00,76.95,-81488.6555,-78219.0519,159707.7074
0.517825,2.06E-05,7.70E-02,0.02,76.96,-81646.33,-78370.3944,160016.7244
0.518825,4.31E-05,7.70E-02,0.04,76.96,-81804.0046,-78521.7368,160325.7414
0.519825,6.55E-05,7.70E-02,0.07,76.97,-81961.6792,-78673.0792,160634.7584
0.520825,8.80E-05,7.70E-02,0.09,76.98,-82119.3538,-78824.4216,160943.7754
0.521825,1.11E-04,7.70E-02,0.11,76.98,-82277.0283,-78975.764,161252.7923
0.522825,1.33E-04,7.70E-02,0.13,76.99,-82434.7029,-79127.1064,161561.8093
0.523825,1.56E-04,7.70E-02,0.16,76.99,-82592.3775,-79278.4489,161870.8264
0.524825,1.78E-04,7.70E-02,0.18,77.00,-82750.0521,-79429.7913,162179.8434
0.525825,2.01E-04,7.70E-02,0.20,77.01,-82907.7266,-79581.1337,162488.8603
0.526825,2.23E-04,7.70E-02,0.22,77.01,-83065.4012,-79732.4761,162797.8773
0.527825,2.46E-04,7.70E-02,0.25,77.02,-83223.0758,-79883.8185,163106.8943
0.528825,2.68E-04,7.70E-02,0.27,77.02,-83380.7504,-80035.1609,163415.9113
0.529825,2.91E-04,7.70E-02,0.29,77.03,-83538.4249,-80186.5034,163724.9283
0.530825,3.13E-04,7.70E-02,0.31,77.04,-83696.0995,-80337.8458,164033.9453
0.531825,3.36E-04,7.70E-02,0.34,77.04,-83853.7741,-80489.1882,164342.9623
0.532825,3.58E-04,7.70E-02,0.36,77.05,-84011.4487,-80640.5306,164651.9793
0.533825,3.81E-04,7.71E-02,0.38,77.05,-84169.1232,-80791.873,164960.9962
0.534825,4.03E-04,7.71E-02,0.40,77.06,-84326.7978,-80943.2155,165270.0133
0.535825,4.26E-04,7.71E-02,0.43,77.07,-84484.4724,-81094.5579,165579.0303
0.536825,4.48E-04,7.71E-02,0.45,77.07,-84642.147,-81245.9003,165888.0473
0.537825,4.71E-04,7.71E-02,0.47,77.08,-84799.8215,-81397.2427,166197.0642
0.538825,4.94E-04,7.71E-02,0.49,77.08,-84957.4961,-81548.5851,166506.0812
0.539825,5.16E-04,7.71E-02,0.52,77.09,-85115.1707,-81699.9276,166815.0983
0.540825,5.39E-04,7.71E-02,0.54,77.09,-85272.8452,-81851.27,167124.1152
0.541825,5.61E-04,7.71E-02,0.56,77.10,-85430.5198,-82002.6124,167433.1322
0.542825,5.84E-04,7.71E-02,0.58,77.11,-85588.1944,-82153.9548,167742.1492
0.543825,6.06E-04,7.71E-02,0.61,77.11,-85745.869,-82305.2972,168051.1662
0.544825,6.29E-04,7.71E-02,0.63,77.12,-85903.5435,-82456.6397,168360.1832
0.545825,6.52E-04,7.71E-02,0.65,77.12,-86061.2181,-82607.9821,168669.2002
0.546825,6.74E-04,7.71E-02,0.67,77.13,-86218.8927,-82759.3245,168978.2172
0.547825,6.97E-04,7.71E-02,0.70,77.14,-86376.5672,-82910.6669,169287.2341
0.548825,7.19E-04,7.71E-02,0.72,77.14,-86534.2418,-83062.0094,169596.2512
0.549825,7.42E-04,7.71E-02,0.74,77.15,-86691.9164,-83213.3518,169905.2682
0.550825,7.65E-04,7.72E-02,0.76,77.15,-86849.5909,-83364.6942,170214.2851
0.551825,7.87E-04,7.72E-02,0.79,77.16,-87007.2655,-83516.0366,170523.3021
0.552825,8.10E-04,7.72E-02,0.81,77.16,-87164.9401,-83667.3791,170832.3192
0.553825,8.33E-04,7.72E-02,0.83,77.17,-87322.6146,-83818.7215,171141.3361
0.554825,8.55E-04,7.72E-02,0.86,77.18,-87480.2892,-83970.0639,171450.3531
0.555825,8.78E-04,7.72E-02,0.88,77.18,-87637.9638,-84121.4063,171759.3701
0.556825,9.00E-04,7.72E-02,0.90,77.19,-87795.6383,-84272.7488,172068.3871
0.557825,9.23E-04,7.72E-02,0.92,77.19,-87953.3129,-84424.0912,172377.4041
0.558825,9.46E-04,7.72E-02,0.95,77.20,-88110.9875,-84575.4336,172686.4211
0.559825,9.68E-04,7.72E-02,0.97,77.20,-88268.662,-84726.7761,172995.4381
0.560825,9.91E-04,7.72E-02,0.99,77.21,-88426.3366,-84878.1185,173304.4551
0.561825,1.01E-03,7.72E-02,1.01,77.21,-88584.0112,-85029.4609,173613.4721
0.562825,1.04E-03,7.72E-02,1.04,77.22,-88741.6857,-85180.8034,173922.4891
0.563825,1.06E-03,7.72E-02,1.06,77.23,-88899.3603,-85332.1458,174231.5061
0.564825,1.08E-03,7.72E-02,1.08,77.23,-89057.0348,-85483.4882,174540.523
0.565825,1.10E-03,7.72E-02,1.10,77.24,-89214.7094,-85634.8306,174849.54
0.566825,1.13E-03,7.72E-02,1.13,77.24,-89372.384,-85786.1731,175158.5571
0.567825,1.15E-03,7.72E-02,1.15,77.25,-89530.0585,-85937.5155,175467.574
0.568825,1.17E-03,7.73E-02,1.17,77.25,-89687.7331,-86088.8579,175776.591
0.569825,1.20E-03,7.73E-02,1.20,77.26,-89845.4076,-86240.2004,176085.608
0.570825,1.22E-03,7.73E-02,1.22,77.26,-90003.0822,-86391.5428,176394.625
0.571825,1.24E-03,7.73E-02,1.24,77.27,-90160.7567,-86542.8853,176703.642
0.572825,1.26E-03,7.73E-02,1.26,77.28,-90318.4313,-86694.2277,177012.659
0.573825,1.29E-03,7.73E-02,1.29,77.28,-90476.1059,-86845.5701,177321.676
0.574825,1.31E-03,7.73E-02,1.31,77.29,-90633.7804,-86996.9126,177630.693
0.575825,1.33E-03,7.73E-02,1.33,77.29,-90791.455,-87148.255,177939.71
0.576825,1.35E-03,7.73E-02,1.35,77.30,-90949.1295,-87299.5974,178248.7269
0.577825,1.38E-03,7.73E-02,1.38,77.30,-91106.8041,-87450.9399,178557.744
0.578825,1.40E-03,7.73E-02,1.40,77.31,-91264.4786,-87602.2823,178866.7609
0.579825,1.42E-03,7.73E-02,1.42,77.31,-91422.1532,-87753.6248,179175.778
0.580825,1.44E-03,7.73E-02,1.44,77.32,-91579.8277,-87904.9672,179484.7949
0.581825,1.47E-03,7.73E-02,1.47,77.32,-91737.5023,-88056.3097,179793.812
0.582825,1.49E-03,7.73E-02,1.49,77.33,-91895.1768,-88207.6521,180102.8289
0.583825,1.51E-03,7.73E-02,1.51,77.34,-92052.8514,-88358.9945,180411.8459
0.584825,1.54E-03,7.73E-02,1.54,77.34,-92210.5259,-88510.337,180720.8629
0.585825,1.56E-03,7.73E-02,1.56,77.35,-92368.2005,-88661.6794,181029.8799
0.586825,1.58E-03,7.74E-02,1.58,77.35,-92525.875,-88813.0219,181338.8969
0.587825,1.60E-03,7.74E-02,1.60,77.36,-92683.5496,-88964.3643,181647.9139
0.588825,1.63E-03,7.74E-02,1.63,77.36,-92841.2241,-89115.7068,181956.9309
0.589825,1.65E-03,7.74E-02,1.65,77.37,-92998.8986,-89267.0492,182265.9478
0.590825,1.67E-03,7.74E-02,1.67,77.37,-93156.5732,-89418.3917,182574.9649
0.591825,1.70E-03,7.74E-02,1.70,77.38,-93314.2477,-89569.7341,182883.9818
0.592825,1.72E-03,7.74E-02,1.72,77.38,-93471.9223,-89721.0766,183192.9989
0.593825,1.74E-03,7.74E-02,1.74,77.39,-93629.5968,-89872.419,183502.0158
0.594825,1.76E-03,7.74E-02,1.76,77.39,-93787.2713,-90023.7615,183811.0328
0.595825,1.79E-03,7.74E-02,1.79,77.40,-93944.9459,-90175.1039,184120.0498
0.596825,1.81E-03,7.74E-02,1.81,77.40,-94102.6204,-90326.4464,184429.0668
0.597825,1.83E-03,7.74E-02,1.83,77.41,-94260.295,-90477.7889,184738.0839
0.598825,1.85E-03,7.74E-02,1.85,77.42,-94417.9695,-90629.1313,185047.1008
0.599825,1.88E-03,7.74E-02,1.88,77.42,-94575.644,-90780.4738,185356.1178
0.600825,1.90E-03,7.74E-02,1.90,77.43,-94733.3186,-90931.8162,185665.1348
0.601825,1.92E-03,7.74E-02,1.92,77.43,-94890.9931,-91083.1587,185974.1518
0.602825,1.95E-03,7.74E-02,1.95,77.44,-95048.6676,-91234.5012,186283.1688
0.603825,1.97E-03,7.74E-02,1.97,77.44,-95206.3422,-91385.8436,186592.1858
0.604825,1.99E-03,7.74E-02,1.99,77.45,-95364.0167,-91537.1861,186901.2028
0.605825,2.01E-03,7.75E-02,2.01,77.45,-95521.6912,-91688.5285,187210.2197
0.606825,2.04E-03,7.75E-02,2.04,77.46,-95679.3657,-91839.871,187519.2367
0.607825,2.06E-03,7.75E-02,2.06,77.46,-95837.0403,-91991.2135,187828.2538
0.608825,2.08E-03,7.75E-02,2.08,77.47,-95994.7148,-92142.5559,188137.2707
0.609825,2.11E-03,7.75E-02,2.11,77.47,-96152.3893,-92293.8984,188446.2877
0.610825,2.13E-03,7.75E-02,2.13,77.48,-96310.0638,-92445.2409,188755.3047
0.611825,2.15E-03,7.75E-02,2.15,77.48,-96467.7384,-92596.5833,189064.3217
0.612825,2.17E-03,7.75E-02,2.17,77.49,-96625.4129,-92747.9258,189373.3387
0.613825,2.20E-03,7.75E-02,2.20,77.49,-96783.0874,-92899.2683,189682.3557
0.614825,2.22E-03,7.75E-02,2.22,77.50,-96940.7619,-93050.6108,189991.3727
0.615825,2.24E-03,7.75E-02,2.24,77.50,-97098.4365,-93201.9532,190300.3897
0.616825,2.27E-03,7.75E-02,2.27,77.51,-97256.111,-93353.2957,190609.4067
0.617825,2.29E-03,7.75E-02,2.29,77.51,-97413.7855,-93504.6382,190918.4237
0.618825,2.31E-03,7.75E-02,2.31,77.52,-97571.46,-93655.9807,191227.4407
0.619825,2.33E-03,7.75E-02,2.33,77.52,-97729.1345,-93807.3231,191536.4576
0.620825,2.36E-03,7.75E-02,2.36,77.53,-97886.809,-93958.6656,191845.4746
0.621825,2.38E-03,7.75E-02,2.38,77.53,-98044.4836,-94110.0081,192154.4917
0.622825,2.40E-03,7.75E-02,2.40,77.54,-98202.1581,-94261.3506,192463.5087
0.623825,2.43E-03,7.75E-02,2.43,77.54,-98359.8326,-94412.6931,192772.5257
0.624825,2.45E-03,7.75E-02,2.45,77.55,-98517.5071,-94564.0355,193081.5426
0.625825,2.47E-03,7.76E-02,2.47,77.55,-98675.1816,-94715.378,193390.5596
0.626825,2.49E-03,7.76E-02,2.49,77.56,-98832.8561,-94866.7205,193699.5766
0.627825,2.52E-03,7.76E-02,2.52,77.56,-98990.5306,-95018.063,194008.5936
0.628825,2.54E-03,7.76E-02,2.54,77.57,-99148.2051,-95169.4055,194317.6106
0.629825,2.56E-03,7.76E-02,2.56,77.57,-99305.8796,-95320.748,194626.6276
0.630825,2.59E-03,7.76E-02,2.59,77.58,-99463.5541,-95472.0905,194935.6446
0.631825,2.61E-03,7.76E-02,2.61,77.59,-99621.2286,-95623.433,195244.6616
0.632825,2.63E-03,7.76E-02,2.63,77.59,-99778.9031,-95774.7754,195553.6785
0.633825,2.66E-03,7.76E-02,2.66,77.60,-99936.5776,-95926.1179,195862.6955
0.634825,2.68E-03,7.76E-02,2.68,77.60,-100094.252,-96077.4604,196171.7124
0.635825,2.70E-03,7.76E-02,2.70,77.61,-100251.927,-96228.8029,196480.7299
0.636825,2.72E-03,7.76E-02,2.72,77.61,-100409.601,-96380.1454,196789.7464
0.637825,2.75E-03,7.76E-02,2.75,77.62,-100567.276,-96531.4879,197098.7639
0.638825,2.77E-03,7.76E-02,2.77,77.62,-100724.95,-96682.8304,197407.7804
0.639825,2.79E-03,7.76E-02,2.79,77.62,-100882.625,-96834.1729,197716.7979
0.640825,2.82E-03,7.76E-02,2.82,77.63,-101040.299,-96985.5154,198025.8144
0.641825,2.84E-03,7.76E-02,2.84,77.63,-101197.974,-97136.8579,198334.8319
0.642825,2.86E-03,7.76E-02,2.86,77.64,-101355.648,-97288.2004,198643.8484
0.643825,2.88E-03,7.76E-02,2.88,77.64,-101513.323,-97439.5429,198952.8659
0.644825,2.91E-03,7.76E-02,2.91,77.65,-101670.997,-97590.8854,199261.8824
0.645825,2.93E-03,7.77E-02,2.93,77.65,-101828.672,-97742.228,199570.9
0.646825,2.95E-03,7.77E-02,2.95,77.66,-101986.346,-97893.5705,199879.9165
0.647825,2.98E-03,7.77E-02,2.98,77.66,-102144.02,-98044.913,200188.933
0.648825,3.00E-03,7.77E-02,3.00,77.67,-102301.695,-98196.2555,200497.9505
0.649825,3.02E-03,7.77E-02,3.02,77.67,-102459.369,-98347.598,200806.967
0.650825,3.05E-03,7.77E-02,3.05,77.68,-102617.044,-98498.9405,201115.9845
0.651825,3.07E-03,7.77E-02,3.07,77.68,-102774.718,-98650.283,201425.001
0.652825,3.09E-03,7.77E-02,3.09,77.69,-102932.393,-98801.6255,201734.0185
0.653825,3.11E-03,7.77E-02,3.11,77.69,-103090.067,-98952.9681,202043.0351
0.654825,3.14E-03,7.77E-02,3.14,77.70,-103247.742,-99104.3106,202352.0526
0.655825,3.16E-03,7.77E-02,3.16,77.70,-103405.416,-99255.6531,202661.0691
0.656825,3.18E-03,7.77E-02,3.18,77.71,-103563.091,-99406.9956,202970.0866
0.657825,3.21E-03,7.77E-02,3.21,77.71,-103720.765,-99558.3381,203279.1031
0.658825,3.23E-03,7.77E-02,3.23,77.72,-103878.44,-99709.6807,203588.1207
0.659825,3.25E-03,7.77E-02,3.25,77.72,-104036.114,-99861.0232,203897.1372
0.660825,3.28E-03,7.77E-02,3.28,77.73,-104193.789,-100012.366,204206.155
0.661825,3.30E-03,7.77E-02,3.30,77.73,-104351.463,-100163.708,204515.171
0.662825,3.32E-03,7.77E-02,3.32,77.74,-104509.138,-100315.051,204824.189
0.663825,3.34E-03,7.77E-02,3.34,77.74,-104666.812,-100466.393,205133.205
0.664825,3.37E-03,7.77E-02,3.37,77.75,-104824.487,-100617.736,205442.223
0.665825,3.39E-03,7.78E-02,3.39,77.75,-104982.161,-100769.078,205751.239
0.666825,3.41E-03,7.78E-02,3.41,77.76,-105139.835,-100920.421,206060.256
0.667825,3.44E-03,7.78E-02,3.44,77.76,-105297.51,-101071.763,206369.273
0.668825,3.46E-03,7.78E-02,3.46,77.77,-105455.184,-101223.106,206678.29
0.669825,3.48E-03,7.78E-02,3.48,77.77,-105612.859,-101374.449,206987.308
0.670825,3.51E-03,7.78E-02,3.51,77.78,-105770.533,-101525.791,207296.324
0.671825,3.53E-03,7.78E-02,3.53,77.78,-105928.208,-101677.134,207605.342
0.672825,3.55E-03,7.78E-02,3.55,77.79,-106085.882,-101828.476,207914.358
0.673825,3.58E-03,7.78E-02,3.58,77.79,-106243.557,-101979.819,208223.376
0.674825,3.60E-03,7.78E-02,3.60,77.79,-106401.231,-102131.161,208532.392
0.675825,3.62E-03,7.78E-02,3.62,77.80,-106558.905,-102282.504,208841.409
0.676825,3.64E-03,7.78E-02,3.64,77.80,-106716.58,-102433.846,209150.426
0.677825,3.67E-03,7.78E-02,3.67,77.81,-106874.254,-102585.189,209459.443
0.678825,3.69E-03,7.78E-02,3.69,77.81,-107031.929,-102736.531,209768.46
0.679825,3.71E-03,7.78E-02,3.71,77.82,-107189.603,-102887.874,210077.477
0.680825,3.74E-03,7.78E-02,3.74,77.82,-107347.278,-103039.217,210386.495
0.681825,3.76E-03,7.78E-02,3.76,77.83,-107504.952,-103190.559,210695.511
0.682825,3.78E-03,7.78E-02,3.78,77.83,-107662.627,-103341.902,211004.529
0.683825,3.81E-03,7.78E-02,3.81,77.84,-107820.301,-103493.244,211313.545
0.684825,3.83E-03,7.78E-02,3.83,77.84,-107977.975,-103644.587,211622.562
0.685825,3.85E-03,7.78E-02,3.85,77.85,-108135.65,-103795.929,211931.579
0.686825,3.88E-03,7.79E-02,3.88,77.85,-108293.324,-103947.272,212240.596
0.687825,3.90E-03,7.79E-02,3.90,77.86,-108450.999,-104098.614,212549.613
0.688825,3.92E-03,7.79E-02,3.92,77.86,-108608.673,-104249.957,212858.63
0.689825,3.94E-03,7.79E-02,3.94,77.87,-108766.348,-104401.3,213167.648
0.690825,3.97E-03,7.79E-02,3.97,77.87,-108924.022,-104552.642,213476.664
0.691825,3.99E-03,7.79E-02,3.99,77.87,-109081.696,-104703.985,213785.681
0.692825,4.01E-03,7.79E-02,4.01,77.88,-109239.371,-104855.327,214094.698
0.693825,4.04E-03,7.79E-02,4.04,77.88,-109397.045,-105006.67,214403.715
0.694825,4.06E-03,7.79E-02,4.06,77.89,-109554.72,-105158.012,214712.732
0.695825,4.08E-03,7.79E-02,4.08,77.89,-109712.394,-105309.355,215021.749
0.696825,4.11E-03,7.79E-02,4.11,77.90,-109870.068,-105460.698,215330.766
0.697825,4.13E-03,7.79E-02,4.13,77.90,-110027.743,-105612.04,215639.783
0.698825,4.15E-03,7.79E-02,4.15,77.91,-110185.417,-105763.383,215948.8
0.699825,4.18E-03,7.79E-02,4.18,77.91,-110343.092,-105914.725,216257.817
0.700825,4.20E-03,7.79E-02,4.20,77.92,-110500.766,-106066.068,216566.834
0.701825,4.22E-03,7.79E-02,4.22,77.92,-110658.441,-106217.411,216875.852
0.702825,4.25E-03,7.79E-02,4.25,77.92,-110816.115,-106368.753,217184.868
0.703825,4.27E-03,7.79E-02,4.27,77.93,-110973.789,-106520.096,217493.885
0.704825,4.29E-03,7.79E-02,4.29,77.93,-111131.464,-106671.438,217802.902
0.705825,4.31E-03,7.79E-02,4.31,77.94,-111289.138,-106822.781,218111.919
0.706825,4.34E-03,7.79E-02,4.34,77.94,-111446.813,-106974.124,218420.937
0.707825,4.36E-03,7.79E-02,4.36,77.95,-111604.487,-107125.466,218729.953
0.708825,4.38E-03,7.80E-02,4.38,77.95,-111762.161,-107276.809,219038.97
0.709825,4.41E-03,7.80E-02,4.41,77.96,-111919.836,-107428.151,219347.987
0.710825,4.43E-03,7.80E-02,4.43,77.96,-112077.51,-107579.494,219657.004
0.711825,4.45E-03,7.80E-02,4.45,77.97,-112235.184,-107730.837,219966.021
0.712825,4.48E-03,7.80E-02,4.48,77.97,-112392.859,-107882.179,220275.038
0.713825,4.50E-03,7.80E-02,4.50,77.98,-112550.533,-108033.522,220584.055
0.714825,4.52E-03,7.80E-02,4.52,77.98,-112708.208,-108184.864,220893.072
0.715825,4.55E-03,7.80E-02,4.55,77.98,-112865.882,-108336.207,221202.089
0.716825,4.57E-03,7.80E-02,4.57,77.99,-113023.556,-108487.55,221511.106
0.717825,4.59E-03,7.80E-02,4.59,77.99,-113181.231,-108638.892,221820.123
0.718825,4.62E-03,7.80E-02,4.62,78.00,-113338.905,-108790.235,222129.14
0.719825,4.64E-03,7.80E-02,4.64,78.00,-113496.58,-108941.577,222438.157
0.720825,4.66E-03,7.80E-02,4.66,78.01,-113654.254,-109092.92,222747.174
0.721825,4.69E-03,7.80E-02,4.69,78.01,-113811.928,-109244.263,223056.191
0.722825,4.71E-03,7.80E-02,4.71,78.02,-113969.603,-109395.605,223365.208
0.723825,4.73E-03,7.80E-02,4.73,78.02,-114127.277,-109546.948,223674.225
0.724825,4.76E-03,7.80E-02,4.76,78.02,-114284.951,-109698.291,223983.242
0.725825,4.78E-03,7.80E-02,4.78,78.03,-114442.626,-109849.633,224292.259
0.726825,4.80E-03,7.80E-02,4.80,78.03,-114600.3,-110000.976,224601.276
0.727825,4.82E-03,7.80E-02,4.82,78.04,-114757.974,-110152.318,224910.292
0.728825,4.85E-03,7.80E-02,4.85,78.04,-114915.649,-110303.661,225219.31
0.729825,4.87E-03,7.80E-02,4.87,78.05,-115073.323,-110455.004,225528.327
0.730825,4.89E-03,7.81E-02,4.89,78.05,-115230.998,-110606.346,225837.344
0.731825,4.92E-03,7.81E-02,4.92,78.06,-115388.672,-110757.689,226146.361
0.732825,4.94E-03,7.81E-02,4.94,78.06,-115546.346,-110909.032,226455.378
0.733825,4.96E-03,7.81E-02,4.96,78.06,-115704.021,-111060.374,226764.395
0.734825,4.99E-03,7.81E-02,4.99,78.07,-115861.695,-111211.717,227073.412
0.735825,5.01E-03,7.81E-02,5.01,78.07,-116019.369,-111363.06,227382.429
0.736825,5.03E-03,7.81E-02,5.03,78.08,-116177.044,-111514.402,227691.446
0.737825,5.06E-03,7.81E-02,5.06,78.08,-116334.718,-111665.745,228000.463
0.738825,5.08E-03,7.81E-02,5.08,78.09,-116492.392,-111817.087,228309.479
0.739825,5.10E-03,7.81E-02,5.10,78.09,-116650.067,-111968.43,228618.497
0.740825,5.13E-03,7.81E-02,5.13,78.10,-116807.741,-112119.773,228927.514
0.741825,5.15E-03,7.81E-02,5.15,78.10,-116965.415,-112271.115,229236.53
0.742825,5.17E-03,7.81E-02,5.17,78.10,-117123.09,-112422.458,229545.548
0.743825,5.20E-03,7.81E-02,5.20,78.11,-117280.764,-112573.801,229854.565
0.744825,5.22E-03,7.81E-02,5.22,78.11,-117438.438,-112725.143,230163.581
0.745825,5.24E-03,7.81E-02,5.24,78.12,-117596.113,-112876.486,230472.599
0.746825,5.27E-03,7.81E-02,5.27,78.12,-117753.787,-113027.829,230781.616
0.747825,5.29E-03,7.81E-02,5.29,78.13,-117911.461,-113179.171,231090.632
0.748825,5.31E-03,7.81E-02,5.31,78.13,-118069.136,-113330.514,231399.65
0.749825,5.34E-03,7.81E-02,5.34,78.13,-118226.81,-113481.857,231708.667
0.750825,5.36E-03,7.81E-02,5.36,78.14,-118384.484,-113633.199,232017.683
0.751825,5.38E-03,7.81E-02,5.38,78.14,-118542.159,-113784.542,232326.701
0.752825,5.41E-03,7.81E-02,5.41,78.15,-118699.833,-113935.885,232635.718
0.753825,5.43E-03,7.82E-02,5.43,78.15,-118857.507,-114087.227,232944.734
0.754825,5.45E-03,7.82E-02,5.45,78.16,-119015.182,-114238.57,233253.752
0.755825,5.48E-03,7.82E-02,5.48,78.16,-119172.856,-114389.913,233562.769
0.756825,5.50E-03,7.82E-02,5.50,78.16,-119330.53,-114541.256,233871.786
0.757825,5.52E-03,7.82E-02,5.52,78.17,-119488.204,-114692.598,234180.802
0.758825,5.55E-03,7.82E-02,5.55,78.17,-119645.879,-114843.941,234489.82
0.759825,5.57E-03,7.82E-02,5.57,78.18,-119803.553,-114995.284,234798.837
0.760825,5.59E-03,7.82E-02,5.59,78.18,-119961.227,-115146.626,235107.853
0.761825,5.62E-03,7.82E-02,5.62,78.19,-120118.902,-115297.969,235416.871
0.762825,5.64E-03,7.82E-02,5.64,78.19,-120276.576,-115449.312,235725.888
0.763825,5.66E-03,7.82E-02,5.66,78.19,-120434.25,-115600.654,236034.904
0.764825,5.69E-03,7.82E-02,5.69,78.20,-120591.925,-115751.997,236343.922
0.765825,5.71E-03,7.82E-02,5.71,78.20,-120749.599,-115903.34,236652.939
0.766825,5.73E-03,7.82E-02,5.73,78.21,-120907.273,-116054.682,236961.955
0.767825,5.76E-03,7.82E-02,5.76,78.21,-121064.947,-116206.025,237270.972
0.768825,5.78E-03,7.82E-02,5.78,78.22,-121222.622,-116357.368,237579.99
0.769825,5.80E-03,7.82E-02,5.80,78.22,-121380.296,-116508.711,237889.007
0.770825,5.83E-03,7.82E-02,5.83,78.22,-121537.97,-116660.053,238198.023
0.771825,5.85E-03,7.82E-02,5.85,78.23,-121695.645,-116811.396,238507.041
0.772825,5.87E-03,7.82E-02,5.87,78.23,-121853.319,-116962.739,238816.058
0.773825,5.90E-03,7.82E-02,5.90,78.24,-122010.993,-117114.081,239125.074
0.774825,5.92E-03,7.82E-02,5.92,78.24,-122168.667,-117265.424,239434.091
0.775825,5.94E-03,7.82E-02,5.94,78.25,-122326.342,-117416.767,239743.109
0.776825,5.97E-03,7.83E-02,5.97,78.25,-122484.016,-117568.11,240052.126
0.777825,5.99E-03,7.83E-02,5.99,78.25,-122641.69,-117719.452,240361.142
0.778825,6.01E-03,7.83E-02,6.01,78.26,-122799.364,-117870.795,240670.159
0.779825,6.04E-03,7.83E-02,6.04,78.26,-122957.039,-118022.138,240979.177
0.780825,6.06E-03,7.83E-02,6.06,78.27,-123114.713,-118173.481,241288.194
0.781825,6.08E-03,7.83E-02,6.08,78.27,-123272.387,-118324.823,241597.21
0.782825,6.11E-03,7.83E-02,6.11,78.28,-123430.061,-118476.166,241906.227
0.783825,6.13E-03,7.83E-02,6.13,78.28,-123587.736,-118627.509,242215.245
0.784825,6.15E-03,7.83E-02,6.15,78.28,-123745.41,-118778.851,242524.261
0.785825,6.18E-03,7.83E-02,6.18,78.29,-123903.084,-118930.194,242833.278
0.786825,6.20E-03,7.83E-02,6.20,78.29,-124060.759,-119081.537,243142.296
0.787825,6.22E-03,7.83E-02,6.22,78.30,-124218.433,-119232.88,243451.313
0.788825,6.25E-03,7.83E-02,6.25,78.30,-124376.107,-119384.222,243760.329
0.789825,6.27E-03,7.83E-02,6.27,78.30,-124533.781,-119535.565,244069.346
0.790825,6.29E-03,7.83E-02,6.29,78.31,-124691.455,-119686.908,244378.363
0.791825,6.32E-03,7.83E-02,6.32,78.31,-124849.13,-119838.251,244687.381
0.792825,6.34E-03,7.83E-02,6.34,78.32,-125006.804,-119989.593,244996.397
0.793825,6.36E-03,7.83E-02,6.36,78.32,-125164.478,-120140.936,245305.414
0.794825,6.39E-03,7.83E-02,6.39,78.33,-125322.152,-120292.279,245614.431
0.795825,6.41E-03,7.83E-02,6.41,78.33,-125479.827,-120443.622,245923.449
0.796825,6.43E-03,7.83E-02,6.43,78.33,-125637.501,-120594.965,246232.466
0.797825,6.46E-03,7.83E-02,6.46,78.34,-125795.175,-120746.307,246541.482
0.798825,6.48E-03,7.83E-02,6.48,78.34,-125952.849,-120897.65,246850.499
0.799825,6.50E-03,7.83E-02,6.50,78.35,-126110.524,-121048.993,247159.517
0.800825,6.53E-03,7.84E-02,6.53,78.35,-126268.198,-121200.336,247468.534
0.801825,6.55E-03,7.84E-02,6.55,78.35,-126425.872,-121351.678,247777.55
0.802825,6.57E-03,7.84E-02,6.57,78.36,-126583.546,-121503.021,248086.567
0.803825,6.60E-03,7.84E-02,6.60,78.36,-126741.22,-121654.364,248395.584
0.804825,6.62E-03,7.84E-02,6.62,78.37,-126898.895,-121805.707,248704.602
0.805825,6.65E-03,7.84E-02,6.65,78.37,-127056.569,-121957.049,249013.618
0.806825,6.67E-03,7.84E-02,6.67,78.37,-127214.243,-122108.392,249322.635
0.807825,6.69E-03,7.84E-02,6.69,78.38,-127371.917,-122259.735,249631.652
0.808825,6.72E-03,7.84E-02,6.72,78.38,-127529.591,-122411.078,249940.669
0.809825,6.74E-03,7.84E-02,6.74,78.39,-127687.266,-122562.421,250249.687
0.810825,6.76E-03,7.84E-02,6.76,78.39,-127844.94,-122713.763,250558.703
0.811825,6.79E-03,7.84E-02,6.79,78.40,-128002.614,-122865.106,250867.72
0.812825,6.81E-03,7.84E-02,6.81,78.40,-128160.288,-123016.449,251176.737
0.813825,6.83E-03,7.84E-02,6.83,78.40,-128317.962,-123167.792,251485.754
0.814825,6.86E-03,7.84E-02,6.86,78.41,-128475.637,-123319.135,251794.772
0.815825,6.88E-03,7.84E-02,6.88,78.41,-128633.311,-123470.477,252103.788
0.816825,6.90E-03,7.84E-02,6.90,78.42,-128790.985,-123621.82,252412.805
0.817825,6.93E-03,7.84E-02,6.93,78.42,-128948.659,-123773.163,252721.822
0.818825,6.95E-03,7.84E-02,6.95,78.42,-129106.333,-123924.506,253030.839
0.819825,6.97E-03,7.84E-02,6.97,78.43,-129264.008,-124075.849,253339.857
0.820825,7.00E-03,7.84E-02,7.00,78.43,-129421.682,-124227.192,253648.874
0.821825,7.02E-03,7.84E-02,7.02,78.44,-129579.356,-124378.534,253957.89
0.822825,7.04E-03,7.84E-02,7.04,78.44,-129737.03,-124529.877,254266.907
0.823825,7.07E-03,7.84E-02,7.07,78.44,-129894.704,-124681.22,254575.924
0.824825,7.09E-03,7.84E-02,7.09,78.45,-130052.378,-124832.563,254884.941
0.825825,7.11E-03,7.85E-02,7.11,78.45,-130210.053,-124983.906,255193.959
0.826825,7.14E-03,7.85E-02,7.14,78.46,-130367.727,-125135.248,255502.975
0.827825,7.16E-03,7.85E-02,7.16,78.46,-130525.401,-125286.591,255811.992
0.828825,7.19E-03,7.85E-02,7.19,78.46,-130683.075,-125437.934,256121.009
0.829825,7.21E-03,7.85E-02,7.21,78.47,-130840.749,-125589.277,256430.026
0.830825,7.23E-03,7.85E-02,7.23,78.47,-130998.423,-125740.62,256739.043
0.831825,7.26E-03,7.85E-02,7.26,78.48,-131156.098,-125891.963,257048.061
0.832825,7.28E-03,7.85E-02,7.28,78.48,-131313.772,-126043.305,257357.077
0.833825,7.30E-03,7.85E-02,7.30,78.48,-131471.446,-126194.648,257666.094
0.834825,7.33E-03,7.85E-02,7.33,78.49,-131629.12,-126345.991,257975.111
0.835825,7.35E-03,7.85E-02,7.35,78.49,-131786.794,-126497.334,258284.128
0.836825,7.37E-03,7.85E-02,7.37,78.50,-131944.468,-126648.677,258593.145
0.837825,7.40E-03,7.85E-02,7.40,78.50,-132102.142,-126800.02,258902.162
0.838825,7.42E-03,7.85E-02,7.42,78.50,-132259.817,-126951.363,259211.18
0.839825,7.44E-03,7.85E-02,7.44,78.51,-132417.491,-127102.705,259520.196
0.840825,7.47E-03,7.85E-02,7.47,78.51,-132575.165,-127254.048,259829.213
0.841825,7.49E-03,7.85E-02,7.49,78.52,-132732.839,-127405.391,260138.23
0.842825,7.51E-03,7.85E-02,7.51,78.52,-132890.513,-127556.734,260447.247
0.843825,7.54E-03,7.85E-02,7.54,78.52,-133048.187,-127708.077,260756.264
0.844825,7.56E-03,7.85E-02,7.56,78.53,-133205.861,-127859.42,261065.281
0.845825,7.59E-03,7.85E-02,7.59,78.53,-133363.535,-128010.763,261374.298
0.846825,7.61E-03,7.85E-02,7.61,78.54,-133521.21,-128162.105,261683.315
0.847825,7.63E-03,7.85E-02,7.63,78.54,-133678.884,-128313.448,261992.332
0.848825,7.66E-03,7.85E-02,7.66,78.54,-133836.558,-128464.791,262301.349
0.849825,7.68E-03,7.85E-02,7.68,78.55,-133994.232,-128616.134,262610.366
0.850825,7.70E-03,7.86E-02,7.70,78.55,-134151.906,-128767.477,262919.383
0.851825,7.73E-03,7.86E-02,7.73,78.56,-134309.58,-128918.82,263228.4
0.852825,7.75E-03,7.86E-02,7.75,78.56,-134467.254,-129070.163,263537.417
0.853825,7.77E-03,7.86E-02,7.77,78.56,-134624.928,-129221.506,263846.434
0.854825,7.80E-03,7.86E-02,7.80,78.57,-134782.602,-129372.849,264155.451
0.855825,7.82E-03,7.86E-02,7.82,78.57,-134940.277,-129524.191,264464.468
0.856825,7.84E-03,7.86E-02,7.84,78.58,-135097.951,-129675.534,264773.485
0.857825,7.87E-03,7.86E-02,7.87,78.58,-135255.625,-129826.877,265082.502
0.858825,7.89E-03,7.86E-02,7.89,78.58,-135413.299,-129978.22,265391.519
0.859825,7.91E-03,7.86E-02,7.91,78.59,-135570.973,-130129.563,265700.536
0.860825,7.94E-03,7.86E-02,7.94,78.59,-135728.647,-130280.906,266009.553
0.861825,7.96E-03,7.86E-02,7.96,78.60,-135886.321,-130432.249,266318.57
0.862825,7.99E-03,7.86E-02,7.99,78.60,-136043.995,-130583.592,266627.587
0.863825,8.01E-03,7.86E-02,8.01,78.60,-136201.669,-130734.935,266936.604
0.864825,8.03E-03,7.86E-02,8.03,78.61,-136359.343,-130886.278,267245.621
0.865825,8.06E-03,7.86E-02,8.06,78.61,-136517.017,-131037.621,267554.638
0.866825,8.08E-03,7.86E-02,8.08,78.61,-136674.691,-131188.963,267863.654
0.867825,8.10E-03,7.86E-02,8.10,78.62,-136832.365,-131340.306,268172.671
0.868825,8.13E-03,7.86E-02,8.13,78.62,-136990.04,-131491.649,268481.689
0.869825,8.15E-03,7.86E-02,8.15,78.63,-137147.714,-131642.992,268790.706
0.870825,8.17E-03,7.86E-02,8.17,78.63,-137305.388,-131794.335,269099.723
0.871825,8.20E-03,7.86E-02,8.20,78.63,-137463.062,-131945.678,269408.74
0.872825,8.22E-03,7.86E-02,8.22,78.64,-137620.736,-132097.021,269717.757
0.873825,8.25E-03,7.86E-02,8.25,78.64,-137778.41,-132248.364,270026.774
0.874825,8.27E-03,7.86E-02,8.27,78.65,-137936.084,-132399.707,270335.791
0.875825,8.29E-03,7.86E-02,8.29,78.65,-138093.758,-132551.05,270644.808
0.876825,8.32E-03,7.87E-02,8.32,78.65,-138251.432,-132702.393,270953.825
0.877825,8.34E-03,7.87E-02,8.34,78.66,-138409.106,-132853.736,271262.842
0.878825,8.36E-03,7.87E-02,8.36,78.66,-138566.78,-133005.079,271571.859
0.879825,8.39E-03,7.87E-02,8.39,78.67,-138724.454,-133156.422,271880.876
0.880825,8.41E-03,7.87E-02,8.41,78.67,-138882.128,-133307.765,272189.893
0.881825,8.43E-03,7.87E-02,8.43,78.67,-139039.802,-133459.108,272498.91
0.882825,8.46E-03,7.87E-02,8.46,78.68,-139197.476,-133610.451,272807.927
0.883825,8.48E-03,7.87E-02,8.48,78.68,-139355.15,-133761.794,273116.944
0.884825,8.51E-03,7.87E-02,8.51,78.68,-139512.824,-133913.136,273425.96
0.885825,8.53E-03,7.87E-02,8.53,78.69,-139670.498,-134064.479,273734.977
0.886825,8.55E-03,7.87E-02,8.55,78.69,-139828.172,-134215.822,274043.994
0.887825,8.58E-03,7.87E-02,8.58,78.70,-139985.846,-134367.165,274353.011
0.888825,8.60E-03,7.87E-02,8.60,78.70,-140143.52,-134518.508,274662.028
0.889825,8.62E-03,7.87E-02,8.62,78.70,-140301.194,-134669.851,274971.045
0.890825,8.65E-03,7.87E-02,8.65,78.71,-140458.868,-134821.194,275280.062
0.891825,8.67E-03,7.87E-02,8.67,78.71,-140616.542,-134972.537,275589.079
0.892825,8.69E-03,7.87E-02,8.69,78.71,-140774.216,-135123.88,275898.096
0.893825,8.72E-03,7.87E-02,8.72,78.72,-140931.89,-135275.223,276207.113
0.894825,8.74E-03,7.87E-02,8.74,78.72,-141089.564,-135426.566,276516.13
0.895825,8.77E-03,7.87E-02,8.77,78.73,-141247.238,-135577.909,276825.147
0.896825,8.79E-03,7.87E-02,8.79,78.73,-141404.912,-135729.252,277134.164
0.897825,8.81E-03,7.87E-02,8.81,78.73,-141562.586,-135880.595,277443.181
0.898825,8.84E-03,7.87E-02,8.84,78.74,-141720.26,-136031.938,277752.198
0.899825,8.86E-03,7.87E-02,8.86,78.74,-141877.934,-136183.281,278061.215
0.900825,8.88E-03,7.87E-02,8.88,78.75,-142035.608,-136334.624,278370.232
0.901825,8.91E-03,7.87E-02,8.91,78.75,-142193.282,-136485.967,278679.249
0.902825,8.93E-03,7.88E-02,8.93,78.75,-142350.956,-136637.31,278988.266
0.903825,8.96E-03,7.88E-02,8.96,78.76,-142508.63,-136788.653,279297.283
0.904825,8.98E-03,7.88E-02,8.98,78.76,-142666.304,-136939.996,279606.3
0.905825,9.00E-03,7.88E-02,9.00,78.76,-142823.978,-137091.339,279915.317
0.906825,9.03E-03,7.88E-02,9.03,78.77,-142981.652,-137242.682,280224.334
0.907825,9.05E-03,7.88E-02,9.05,78.77,-143139.326,-137394.025,280533.351
0.908825,9.07E-03,7.88E-02,9.07,78.78,-143297,-137545.368,280842.368
0.909825,9.10E-03,7.88E-02,9.10,78.78,-143454.674,-137696.711,281151.385
0.910825,9.12E-03,7.88E-02,9.12,78.78,-143612.348,-137848.054,281460.402
0.911825,9.14E-03,7.88E-02,9.14,78.79,-143770.022,-137999.397,281769.419
0.912825,9.17E-03,7.88E-02,9.17,78.79,-143927.696,-138150.74,282078.436
0.913825,9.19E-03,7.88E-02,9.19,78.79,-144085.37,-138302.084,282387.454
0.914825,9.22E-03,7.88E-02,9.22,78.80,-144243.044,-138453.427,282696.471
0.915825,9.24E-03,7.88E-02,9.24,78.80,-144400.718,-138604.77,283005.488
0.916825,9.26E-03,7.88E-02,9.26,78.81,-144558.392,-138756.113,283314.505
0.917825,9.29E-03,7.88E-02,9.29,78.81,-144716.066,-138907.456,283623.522
0.918825,9.31E-03,7.88E-02,9.31,78.81,-144873.74,-139058.799,283932.539
0.919825,9.33E-03,7.88E-02,9.33,78.82,-145031.414,-139210.142,284241.556
0.920825,9.36E-03,7.88E-02,9.36,78.82,-145189.088,-139361.485,284550.573
0.921825,9.38E-03,7.88E-02,9.38,78.82,-145346.762,-139512.828,284859.59
0.922825,9.41E-03,7.88E-02,9.41,78.83,-145504.436,-139664.171,285168.607
0.923825,9.43E-03,7.88E-02,9.43,78.83,-145662.109,-139815.514,285477.623
0.924825,9.45E-03,7.88E-02,9.45,78.84,-145819.783,-139966.857,285786.64
0.925825,9.48E-03,7.88E-02,9.48,78.84,-145977.457,-140118.2,286095.657
0.926825,9.50E-03,7.88E-02,9.50,78.84,-146135.131,-140269.543,286404.674
0.927825,9.52E-03,7.88E-02,9.52,78.85,-146292.805,-140420.886,286713.691
0.928825,9.55E-03,7.89E-02,9.55,78.85,-146450.479,-140572.229,287022.708
0.929825,9.57E-03,7.89E-02,9.57,78.85,-146608.153,-140723.572,287331.725
0.930825,9.60E-03,7.89E-02,9.60,78.86,-146765.827,-140874.916,287640.743
0.931825,9.62E-03,7.89E-02,9.62,78.86,-146923.501,-141026.259,287949.76
0.932825,9.64E-03,7.89E-02,9.64,78.87,-147081.175,-141177.602,288258.777
0.933825,9.67E-03,7.89E-02,9.67,78.87,-147238.849,-141328.945,288567.794
0.934825,9.69E-03,7.89E-02,9.69,78.87,-147396.523,-141480.288,288876.811
0.935825,9.71E-03,7.89E-02,9.71,78.88,-147554.196,-141631.631,289185.827
0.936825,9.74E-03,7.89E-02,9.74,78.88,-147711.87,-141782.974,289494.844
0.937825,9.76E-03,7.89E-02,9.76,78.88,-147869.544,-141934.317,289803.861
0.938825,9.79E-03,7.89E-02,9.79,78.89,-148027.218,-142085.66,290112.878
0.939825,9.81E-03,7.89E-02,9.81,78.89,-148184.892,-142237.003,290421.895
0.940825,9.83E-03,7.89E-02,9.83,78.89,-148342.566,-142388.346,290730.912
0.941825,9.86E-03,7.89E-02,9.86,78.90,-148500.24,-142539.69,291039.93
0.942825,9.88E-03,7.89E-02,9.88,78.90,-148657.914,-142691.033,291348.947
0.943825,9.90E-03,7.89E-02,9.90,78.91,-148815.588,-142842.376,291657.964
0.944825,9.93E-03,7.89E-02,9.93,78.91,-148973.261,-142993.719,291966.98
0.945825,9.95E-03,7.89E-02,9.95,78.91,-149130.935,-143145.062,292275.997
0.946825,9.98E-03,7.89E-02,9.98,78.92,-149288.609,-143296.405,292585.014
0.947825,1.00E-02,7.89E-02,10.00,78.92,-149446.283,-143447.748,292894.031
0.948825,1.00E-02,7.89E-02,10.02,78.92,-149603.957,-143599.091,293203.048
0.949825,1.00E-02,7.89E-02,10.05,78.93,-149761.631,-143750.435,293512.066
0.950825,1.01E-02,7.89E-02,10.07,78.93,-149919.305,-143901.778,293821.083
0.951825,1.01E-02,7.89E-02,10.10,78.94,-150076.978,-144053.121,294130.099
0.952825,1.01E-02,7.89E-02,10.12,78.94,-150234.652,-144204.464,294439.116
0.953825,1.01E-02,7.89E-02,10.14,78.94,-150392.326,-144355.807,294748.133
0.954825,1.02E-02,7.89E-02,10.17,78.95,-150550,-144507.15,295057.15
0.955825,1.02E-02,7.89E-02,10.19,78.95,-150707.674,-144658.493,295366.167
0.956825,1.02E-02,7.90E-02,10.21,78.95,-150865.348,-144809.837,295675.185
0.957825,1.02E-02,7.90E-02,10.24,78.96,-151023.022,-144961.18,295984.202
0.958825,1.03E-02,7.90E-02,10.26,78.96,-151180.695,-145112.523,296293.218
0.959825,1.03E-02,7.90E-02,10.29,78.96,-151338.369,-145263.866,296602.235
0.960825,1.03E-02,7.90E-02,10.31,78.97,-151496.043,-145415.209,296911.252
0.961825,1.03E-02,7.90E-02,10.33,78.97,-151653.717,-145566.552,297220.269
0.962825,1.04E-02,7.90E-02,10.36,78.98,-151811.391,-145717.896,297529.287
0.963825,1.04E-02,7.90E-02,10.38,78.98,-151969.065,-145869.239,297838.304
0.964825,1.04E-02,7.90E-02,10.41,78.98,-152126.738,-146020.582,298147.32
0.965825,1.04E-02,7.90E-02,10.43,78.99,-152284.412,-146171.925,298456.337
0.966825,1.05E-02,7.90E-02,10.45,78.99,-152442.086,-146323.268,298765.354
0.967825,1.05E-02,7.90E-02,10.48,78.99,-152599.76,-146474.611,299074.371
0.968825,1.05E-02,7.90E-02,10.50,79.00,-152757.434,-146625.955,299383.389
0.969825,1.05E-02,7.90E-02,10.52,79.00,-152915.107,-146777.298,299692.405
0.970825,1.05E-02,7.90E-02,10.55,79.00,-153072.781,-146928.641,300001.422
0.971825,1.06E-02,7.90E-02,10.57,79.01,-153230.455,-147079.984,300310.439
0.972825,1.06E-02,7.90E-02,10.60,79.01,-153388.129,-147231.327,300619.456
0.973825,1.06E-02,7.90E-02,10.62,79.02,-153545.803,-147382.671,300928.474
0.974825,1.06E-02,7.90E-02,10.64,79.02,-153703.476,-147534.014,301237.49
0.975825,1.07E-02,7.90E-02,10.67,79.02,-153861.15,-147685.357,301546.507
0.976825,1.07E-02,7.90E-02,10.69,79.03,-154018.824,-147836.7,301855.524
0.977825,1.07E-02,7.90E-02,10.72,79.03,-154176.498,-147988.043,302164.541
0.978825,1.07E-02,7.90E-02,10.74,79.03,-154334.172,-148139.387,302473.559
0.979825,1.08E-02,7.90E-02,10.76,79.04,-154491.845,-148290.73,302782.575
0.980825,1.08E-02,7.90E-02,10.79,79.04,-154649.519,-148442.073,303091.592
0.981825,1.08E-02,7.90E-02,10.81,79.04,-154807.193,-148593.416,303400.609
0.982825,1.08E-02,7.90E-02,10.83,79.05,-154964.867,-148744.759,303709.626
0.983825,1.09E-02,7.91E-02,10.86,79.05,-155122.54,-148896.103,304018.643
0.984825,1.09E-02,7.91E-02,10.88,79.05,-155280.214,-149047.446,304327.66
0.985825,1.09E-02,7.91E-02,10.91,79.06,-155437.888,-149198.789,304636.677
0.986825,1.09E-02,7.91E-02,10.93,79.06,-155595.562,-149350.132,304945.694
0.987825,1.10E-02,7.91E-02,10.95,79.07,-155753.235,-149501.476,305254.711
0.988825,1.10E-02,7.91E-02,10.98,79.07,-155910.909,-149652.819,305563.728
0.989825,1.10E-02,7.91E-02,11.00,79.07,-156068.583,-149804.162,305872.745
0.990825,1.10E-02,7.91E-02,11.03,79.08,-156226.257,-149955.505,306181.762
0.991825,1.10E-02,7.91E-02,11.05,79.08,-156383.93,-150106.849,306490.779
0.992825,1.11E-02,7.91E-02,11.07,79.08,-156541.604,-150258.192,306799.796
0.993825,1.11E-02,7.91E-02,11.10,79.09,-156699.278,-150409.535,307108.813
0.994825,1.11E-02,7.91E-02,11.12,79.09,-156856.952,-150560.878,307417.83
0.995825,1.11E-02,7.91E-02,11.15,79.09,-157014.625,-150712.222,307726.847
0.996825,1.12E-02,7.91E-02,11.17,79.10,-157172.299,-150863.565,308035.864
0.997825,1.12E-02,7.91E-02,11.19,79.10,-157329.973,-151014.908,308344.881
0.998825,1.12E-02,7.91E-02,11.22,79.10,-157487.647,-151166.251,308653.898
0.9994125,1.12E-02,7.91E-02,11.23,79.11,-157580.28,-151255.166,308835.446
1,1.12E-02,7.91E-02,11.25,79.11,-157672.914,-151344.08,309016.994
